-- phpMyAdmin SQL Dump
-- version 5.2.1
-- https://www.phpmyadmin.net/
--
-- Host: localhost
-- Generation Time: Jul 13, 2026 at 05:48 PM
-- Server version: 9.0.1
-- PHP Version: 8.3.12

SET SQL_MODE = "NO_AUTO_VALUE_ON_ZERO";
START TRANSACTION;
SET time_zone = "+00:00";


/*!40101 SET @OLD_CHARACTER_SET_CLIENT=@@CHARACTER_SET_CLIENT */;
/*!40101 SET @OLD_CHARACTER_SET_RESULTS=@@CHARACTER_SET_RESULTS */;
/*!40101 SET @OLD_COLLATION_CONNECTION=@@COLLATION_CONNECTION */;
/*!40101 SET NAMES utf8mb4 */;

--
-- Database: `ppp`
--

-- --------------------------------------------------------

--
-- Table structure for table `activities`
--

CREATE TABLE `activities` (
  `id` bigint UNSIGNED NOT NULL,
  `title` varchar(255) CHARACTER SET utf8mb4 COLLATE utf8mb4_unicode_ci NOT NULL,
  `slug` varchar(255) CHARACTER SET utf8mb4 COLLATE utf8mb4_unicode_ci NOT NULL,
  `description` longtext CHARACTER SET utf8mb4 COLLATE utf8mb4_unicode_ci,
  `cover_image` varchar(255) CHARACTER SET utf8mb4 COLLATE utf8mb4_unicode_ci DEFAULT NULL,
  `icon` varchar(255) COLLATE utf8mb4_unicode_ci DEFAULT NULL,
  `status` enum('draft','active') CHARACTER SET utf8mb4 COLLATE utf8mb4_unicode_ci NOT NULL DEFAULT 'draft',
  `lobby_wait_secs` int UNSIGNED NOT NULL DEFAULT '900',
  `entry_cutoff_mins` int UNSIGNED NOT NULL DEFAULT '15',
  `game_duration_secs` int UNSIGNED NOT NULL DEFAULT '1500',
  `case_summary_view_secs` int UNSIGNED NOT NULL DEFAULT '300',
  `strategy_guide_delay_secs` int UNSIGNED NOT NULL DEFAULT '120',
  `clue_room_unlock_secs` int UNSIGNED NOT NULL DEFAULT '600',
  `question_response_secs` int UNSIGNED NOT NULL DEFAULT '120',
  `max_questions` int UNSIGNED NOT NULL DEFAULT '5',
  `group_size` int UNSIGNED NOT NULL DEFAULT '5',
  `auto_expire_days` int UNSIGNED NOT NULL DEFAULT '5',
  `win_bonus` int NOT NULL DEFAULT '100',
  `participation_bonus` int NOT NULL DEFAULT '50',
  `timely_response_bonus` int NOT NULL DEFAULT '20',
  `no_response_penalty` int NOT NULL DEFAULT '-10',
  `wrong_vote_penalty` int NOT NULL DEFAULT '-15',
  `lie_detector_enabled` tinyint(1) NOT NULL DEFAULT '0',
  `lie_detector_max_questions` int UNSIGNED NOT NULL DEFAULT '3',
  `lie_detector_timer_secs` int UNSIGNED NOT NULL DEFAULT '420',
  `lie_detector_voting_timer_secs` int UNSIGNED NOT NULL DEFAULT '30',
  `created_at` timestamp NULL DEFAULT NULL,
  `updated_at` timestamp NULL DEFAULT NULL
) ENGINE=InnoDB DEFAULT CHARSET=utf8mb4 COLLATE=utf8mb4_unicode_ci;

--
-- Dumping data for table `activities`
--

INSERT INTO `activities` (`id`, `title`, `slug`, `description`, `cover_image`, `icon`, `status`, `lobby_wait_secs`, `entry_cutoff_mins`, `game_duration_secs`, `case_summary_view_secs`, `strategy_guide_delay_secs`, `clue_room_unlock_secs`, `question_response_secs`, `max_questions`, `group_size`, `auto_expire_days`, `win_bonus`, `participation_bonus`, `timely_response_bonus`, `no_response_penalty`, `wrong_vote_penalty`, `lie_detector_enabled`, `lie_detector_max_questions`, `lie_detector_timer_secs`, `lie_detector_voting_timer_secs`, `created_at`, `updated_at`) VALUES
(1, 'Detective Mystery', 'detective-mystery', '<p><span data-metadata=\"&lt;!--(figmeta)eyJmaWxlS2V5IjoiZU1ZNnpzSHZwdjFuanR0WEVnYzk2ciIsInBhc3RlSUQiOjE5ODQ4NjQwOTIsImRhdGFUeXBlIjoic2NlbmUiLCJlbnZpcm9ubWVudCI6Ind3dy5maWdtYS5jb20iLCJzZWxlY3RlZE5vZGVEYXRhIjoiMzM4OTo5Mjh8MzF8MCJ9Cg==(/figmeta)--&gt;\"></span><span data-buffer=\"&lt;!--(figma)ZmlnLWtpd2lqAAAA7nwAALW9CZgkSXXYH5lZR/fcex+wy33fu8ulu67urpm6qKzu2VnLatVUVU8XU11VqqyencEXRgghhBBCCCOEEEYYIYwwwghhhFYIIYQQQgivMcYYY4QQxhhjjDHGGP9/70VkVlZPL7I+f//9djojXrx48eLFixcvXkRm/VWmPoii7oVB58p0YMwtp5vVxnbYKbQ7hv8azXJlu7RRaKxXQrLeZlhpp/K+YlcaZdJBWF1vFGqkMmHnXK1CIquJ7bAitHKKq5S3wzPV1na7UmsWpGa+0exU185thxvNzVp5e7O13i6Upf6KS26Xmw3Jr8b5dmWtXQk3AB0JS5VGZRtwa2P7OZuV9jmAR9PAdqVVE+CxcnVtjefxUq1aaXS2i21aLxVC4e1EirfTzc02/agIZyfDTrtSqNsS8qdc3vb4mmqjU2kXSp3qFp2sVWHMioaya9uVUrPRqJTobIqZmMPrDi+Oeb1e+aGV7Wqj1K7U4bdQo9TVAeMGHRn46myGi1ZvdH1rU7XS1i7cVNy8557tQqvVbm5BI0G9uXB5GDGCd5M20qZX6PXQBEB0sbzdbCgnRjNn29WOVPIak/6gtduNBqDBWKGjbYBUb25p0js7HPeH4wvt/ZHgNJqNeyrtJgWmWdZyoWBVrUBhBZApN0ub0kWSXqnQ2CqEpPz1dnOzRSJYaxfqgpcpNpu1SqGx3Wwh9U612QCY3UIezTapHMKQZ75WVbIrlVqt2goluYrkOvRblfJIu7K+WSu0t1vN2rl1JXKUphBYGbkt8I51KncLS8cZ2ZIAToTn6sWmKPjJaoPGGgpFJaqlMyKqa8KNQquyfbba2dh2da91A6YMXleSISvWmqUz5K4/Wy2v68S4AVp16emN9Uq5WiBx00Z1faPGPym+OYSA7ewtLrmNsNu1gjR669lCuFHd7tAyuQdtFdrVQlH5f3DHJW7TxHYJeZC7PUZx0/IhdE8n20MLYVgNGdBtKDc3pexhVyt4pabaSOHDE0LCTZtCgI+oN8ub2uojLf46BeQeZXPt5lkyj2butpqNUKkqE49R0ZSadcCW+mNFgtutQkcm+eO0OCX0xyugVi22CzqdnqD5taq2/ETN0ImKSP1JxfamWoon1wuNwjrdYw5XG+tAntJpFxrhWrNdJ/PUUj3cbldLydg9jckoCi5E7jgdyjy5s1IvVsqiKMymTrNzToV+F/OAebxWLSru01O9s5NUu/iMs5Vii/ZJPvNM5Vys1M+K09swo4rx7EKjWlf1ppUKldMd/x7tm7JB7nuL1QYCoGnt+PeFrUopUbDv7zBd0nV/oLQZdpoYr7U11Chd8oMN2oNdJa6CS5f+ULjbnQ7ODue7ncHluZ27t4fP2Sy0K5Qa1MpNMw/trTfVNPrIWCcS1pxskGTLzbOiyZnDZly2VWgXajWWBaxhncGwEyC3DK5V1gSarzTWt8sFdLugja9IHvO6KZlVyTipHNF0s4ZBJHcUMbcq9zRVK48h4HJlDXuhI1qqhGJ5jjOhKjUpPxFbpu0QjVFqJxNQfbPWqbYUeArV2sS4VhstnTfXbFTuLljTcm1po7LV1uR1Lao58PVNum2TNyBo4ezGVm1Tmr+p0GaaxN282eZiWdwSbtbr8LJ9erPBtFQCt6p1eVDYqlTQ3uJmkTkJ4ME6eVnJUPhm22rebcXRYNyvY4KFHSb8dmeDkViX+cFa367r+u2VC+0zFSHtu07KHAvErmI2iyyPZDOlZq2Z5LJqrbROLmRh0JRaYmqUm1g68iu2SpxdFbuBtpE8EjbXOsxnaJA7ulFoY4VcTtdtFjOrjMcrd5eQk+35iQ0d7ZMhq2CyIpzSVkhcU9tEVM2w2pEmrm11h2OnvUfDJuYIoEGjylWGhdaEVSBeApKnyoOliKSA0FRZOoAFCQwkp/QZ5q32LMtyeLpKIreF1ZPVL48lk9EgudJoVlVjV+18JHWkuocDFva6o4EdGzyodqVT0mFZq4oUPLRZeelYrQ4qOzuDnuvPkSqrTBv/qcD0otCU283WIuth4iqynOJPFGubwr5fxNgsgwJr70hlWOjqlY5a1iz9rArbuZjt/HoNxSGxkvC/KoahpF5BromqYpWEV7PZYqXm6dWaZzUB9x3Lfoiq4Y0UWkIps8gxU9slNW5ZIVoe9Caz7nw4GVMn9hdgGsVhwEh7SKp6prJQY3+5Wji/Io5IkIx4uclASMo7W9iSHvq1QVc8ls5suEcubgRmtjcqTge9xv7e+cFsczycRxBrF0SsplW9u1ILSXh0Ey9OMP3SZBzNZwtdy6ODwI2Uqwy8ekHWEh/G3RAHYQl/k0RmDYrlbVsj6zKKnQvns8nFQWE0vDAGLyFmsNOoGAmPJdsl/ebaGusGqcBWK3Wn2Jm4Z0hK1dVLbLhvjYyIVLoT2GzlOZvVmiyAOpgZp+diVq1znEXyTAiMegLKpR2X/MI12X4a+ZVU/g7yq6n8neSPpPJ3kT+ayj+d/LFU/hnkj5eq7VK69RMVzIa4m9tYGdvZkwLCGJc6tXMOdEpAMVadmQHsGoFRnAJd60Akr5MkJl605Xor0dOTIeMQ1HGL20BNsbJVESl5sXD94mQyGnTHzenAKiIS3GxYC8WgUU18OdJeuFlkTdK0f7carkBUWId6YzIbPm8ynndHVHcrQkqTmGoqaf80M7G6VlUpLGpvDWbzIUZFYM0WRamqRaaBzl2/PtmPBqX9WTSZIXOWwwI2nwJTajdDbEi1TdqrnKuIUWlpbZ9NhDbVwjawk9osMQPJZ1jheGR5lKo1Urm6rCRSJY8ahZpaSXREs6tiTcREHtnCnk1m9eFsJpwks11VjKenCUwwSwNLujqGfrkb7VqT6ZdwQwCZxbzy1Ky6adhSl8+cblXk6YVb8vBbZdkSBvXWXTwy61XJZfHURDK5yuXpZDY/OKEDfHpWOnwCN2tNDMCjV668GJDYD7/WvTLZn6/Phn1LJGPneGpAFmz7dsoHizqt7nw+mI0pAqva0knK0qUGzdPh3p9P2oNo+DxIJ4JTdlReCR9eklIz2Zntj3tOO/1yNRRvXmgato84GSQ8tZ/hwPWdkW2HTWfdO+yEeXjJMuCvtbEZjL1MlKBTwZt3/nkmJoMw54NEkolRZpHRxZSkFy+ifjjv9i7awc3EfdpgebkH6SoHHv4Dmy9Ns0YrKSwetVT9qXaVlK1o/SK6KNaOtK1QmuzD2MzVyz1QPcTvBikobHZEazMpUlkldXo/mg93rpB9QCqtQgknfqtit9iBzRcrnbPWb8rImJd2h6O+4yfjGjOWopdQjFVFKogOdGYwEAGP5YUdD3kwjBSEVj90XQHIrj2s3sPGo4kJVdEvAVBn1Kdab7H9JScl4NhRaU2ioagNyyagmLtCkQHdtIECRTs7k4UHZgggFFqAjXva4rTQnWKAHVM7KBUPlDEmgmat+hyNO4kNwrXC0ZXtFnlvs60qUcTH4RmUak31XDIsitvxrpV8drPFBqKyrdvu7fZmo1PVPVmO+VuuijupqpVPV2N50DZWmsXTGHCmF/oqqMAITym9BLYtBEU5cMEpAOVIlW4ySItenAIN06WcmsIaPdFarObkvXqTiBv7CtK+TduCgFob4j+TztgCfD1By9qcbrtyYLHFUW+NIJtKa6XMXoDnKmXsPeNqR8huNW2g4yhpK5MN1YtjSR67QP64bSJWwhM2S2hmS2qfRAnHVj1sD2/FR2GP15EdLt6KCAY0g71BXbSKt0ZQj6dvowRrbXapbrULUqB4ucukYHZhy6YgycqWa7HxtzBHLL+AxLRWFiBLanUBSCgdkeiWhTlKRxeQmNKxBchSQkwxIKF0wjLKIIIUEzu5BIzpnVqCWpLXLMESqtdqSw7qiF6XhsU0r08DLckb0qCE4o0Y4WoJZdfxuQn/nMio1WsB3Mwer4nHvoDcUulGWAM74sTHtkubxWqJAiOk44zHfiyV9WVu2O0UNWS6JkUZwVuCZG3dJVjOrj1JPh+2XGxnZR31ZLomALfbWgCO2JROECa4nR1Hl4Gds2KKjh0AbrC/BXx8g6ACzxNhbzYZjcrDmbVOMO/m2ndZrpC0LiO2LqZtLlZh0McwzgeUV+5usXJbO12CgniImvPWN1noPD8iVktjpPPGG01w8zTplyYj3CcvMzOrxrvAH/88f4IufzLWw6LyZXLeFf74bUBgLwD38ifY5U9GKYXzyZQKPUmbHeNNneUHwTYlCFvdmfGDnmQFRxMCux9+UhWCenc+G142Xm7vqU8l7+099Wk8/L2n3sEj2HuaADN7TxNgdu9pAsy1ujOWheq4P6Cef2F/2Df9FBdHjW+3ZhRe6o72B9Tx9nWbdrvx1xBro7s3MF6w090bjq6A70XiipAQzuZRbzaczskFggvPwy5V9vcGs2FvbXhhf8ZY4FC5wIhBX1EEEh5Dr4cbpLWZ5arhtNtjNizVJcCEPyTWT/MekSsXSziEwJpog3QwTQELTMhI07iLzANViHTtUncaMQsWVZi4GjbweGzHGb9VYR8urAcAtpOcbFA4EJFkFhCdXSeZS9FvxXJPs8UGhr/sY3AOSSg/oQqZwUmwqkwCnaNeONiD1LB3djC8sDtfQiK8Ll1KUKrsfIa9JZQFnRKuYTimx7sT2tNpg41gfbGIYYNwwgYGzXbDa8oK68fQbULWdrNVq9VZYJnchBftUpmJqSLOOSpgfVB/bVOlZwhHujYsC5P9WW9QHe9MjJ9jv3ZhOG4PdgaoLdA+quVZYANc8n3jj4bji8x014jCgl6qqZd4JhMp1eJoch5iEMlaQGU02JP5IHRz0nrz/HOZwdbsrrJxseFbeDOSqcoSjeVA6YB4Lswbo/jWfFNI78W0AWOnqEccGWcubbAYQJbwJIEdUjmhrDS2MbIVYuYA8w5fNuNkV0p4wZO9DpvgApvQHbRZ+uFneglc++At8uxWxaAB9Kf750fDaHfQLyWlih0cUuCqaXmmNol3DOinNcFoOH89WTZcvMudbPlszdVDWRt0RfTG/KXXIupDkSnd0ZJOcRqls8EvtUKBBzIreOpE4ZmVMALPHOFh2Tnmm+2ySGilsNaW8tVyQ1fTI43Nugj8KNteOd85hsMnOnm8bJ8nZD/M8yRRLXmeKhR0C35NyT6vJc4hz+tCm7++vaWhxBtkReF5Y3hWjzhuKoVn5XkzRkLgt5RKerB0a2g3LQ/a4ICH54OdM39bs90Q/m6XScXzIThoMv8eWu5oXOtha7WC9OPh9fW2zJ5HhNg8no9kTy/tP2qNPSbPR2/Y52M2bLuP7dj8455jn49v2ecTJE7B84m1taLkn9Rs6fPJ7Y4+n9Ky9Z/aOtMQOT2txrrH8w6ewued7U5N8nfxlPzTC8X2Fs9nFIpbkn8mT+H7WZx0Cp1nb8EQz+8p1s7K+HwvT8H7Pp6C9/2FMxvSjx8onVYd/8HSmhrkHyq1NF8obbYFr4ivKvkSq7I8y2uWfoWjA+FnjecdPNd53slzg2alvSpPoX96w/aH1taFn9pG87ToDds5dbAbVTxhns3TrWc+i2frdOtZQuc5p1vPfirP9unWU+/iGdZO16VehyMewd/ELZNx2RLvnOdZnsLH3fUzdYGfa9R0X3FPY/NMh+ffYpoLXz/MM+T5t7cQOM8faYUdgW/zFPiPts+0Jd9ttzbkeb69WZRx74XsBnn2O5aPQaehIYAdhknG78IWgXieu1u2fLhl+/3crTOqLxe32p02zxHPO3juhSEegDFjnpKf8LyT55TnXTx/jOfTec54PoNnxPOZPOc8RU77PJ/N81IY4jsYcy9PoXeZp9C7wlPoPY+n0Ps7PIXe3+Up9P4eT6H393kKvX/AU+g93wvDO4TgP/RKW8rhCyQhJH9cEkLzhZIQoj8hCaH6IkkI2Z+UhNB9sSSE8E9JQii/hISy+tOSEMovlYRQ/hlJCOWXSUIo/6wkhPLLJSGUf04SQvkVkhDKPy8JofxKEsrzL0hCKL9KEkL5H0lCKL9aEkL5FyUhlF8jCaH8S5IQyq+VhFD+ZUkI5deRuFMo/4okhPLrJSGU/7EkhPIbJCGUf1USQvmNkhDK/0QSQvlNkhDKvyYJofxmEncJ5V+XhFB+iySE8j+VhFB+qySE8m9IQii/TRJC+Z9JQii/XRJC+TclIZTfQeLpQvmfS0Iov1MSQvm3JCGU3yUJofzbkhDK75aEUP4XkhDK75GEUP4dSQjl95J4hlD+XUkI5fskIZR/TxJC+X2SEMq/Lwmh/H5JCOU/kIRQ/oAkhPIfSkIof5DEM4XyH0lCKH9IEkL5jyUhlD8sCaH8J5IQyh+RhFD+U0kI5Y9KQij/mSSE8sdIPEso/7kkhPLHJSGU/6UkhPL9khDK/0oSQvkTkhDK/1oSQvmTkhDK/0YSQvlTJNRE/VtJCOVPS0Io/ztJCOXPSEIo/3tJCOXPSkIo/wdJCOXPSUIo/4UkhPLnvYPhV1z8Ocu1eYbxYlffl81QvTudirPt+TuzyR7OlDef8NcX58l43vkr80FkAs9Gg40f7BIzlvxYdgZ4G/3uvKu4eRNsDfsD/Dg/xonu3JyNBKnVjebO1aM4mrE7wMHFgSEpnp00eHbQvTSAXxelAu/eyezizmhyr3on3hg8TVlM4ruD2TK6gNXVPj+ymN5Ueq5JnxaJHZVkc1XoPxcHyHgrc0qRgxftdvuTeyOS/i5eNRG1XbZAbKr6g3l3OCKVGSDOSPwcNleXiLgNiCmTzs0He3pGYYvyl4bnid/Qy1ViI9K4bdZdEjP+kf9/m+yxeZgha9Kr5/Gbd+djWiZ3RJkx/uNVB04Zu8tku+lPZLM1l81rcGkYDRGdwYHm4U66T+A8s0mNzMjLQXsc7Uxme2Zq8kNViNd6ZkVTnV12kmNhHdBqdwyQDXlVigRyykIYKTZnaE7eXEM+fWx7rTliIbuT/VG/JPzVu2MA8HPjbMIWhcqweTSSKiSO7ahsFdMN6Zs8c3wqPV3TIkykOTHYmzx3KM5+i1MnZJz3Tl5SPX2dZ661mwt2/9Ly2WF/vgtn1y1BN+xGK2+ud6JCxWRv/uieNOwyNwwF1WUeogKTzNi7aS5y2ehGu0VOeDFrR83NCYg5ckuks6IBf+hp39waSSPMx1XzoKk9uAgdZNc8ykE6zJ6ODOQ7PPPgS+6cqoAOjWV7g7E2t+3SB3v2tQS/fSiNPLQ7mssJBsw8bDwZRpbY2z3z8P5Ago+iDY/QAg1675pH9pDuZM+emlf75jueeUxvsjedjKHbmk2mBcIptpXIvDzrPRZJD2bTyUgHrSSCkl4MWI/M45bKNvYH9cF8d9JnYTKPr6aLUtVMNnWy1jxTK+iemYQ65v5GKH5VELbX2VrFQbHMErFFOybDDrbNzg4cU2s21jVFbK3UrhTYisgWwi9XUrmgIaJQGRGFgYtqx22PONJturRX3oyTmLvlYeLMm20gJ3AuZJGKbHG6pJdd1JNMYlxL0JjcYiDpaodtNGU41bJJJeHZ6LLGD+hpt4xdNn724uCKuWS8HaC14ThWZqyOQMrDCwNmTUCAh5yNOryA2S85F1/IcpJODmUeqhxZAbqXh1Gne4EZ4UmyIdMZAxuvKnqCalu/rrfblVAMm0wwvCSnLVXLMhf9SNJNlJhDmEFHTLe5H4ZGMBuZF+a8YyM9yNuChjSfNys73dHoPAcgwldkLnlH9oboCoM9nifdu8bWcuqbOc/csxTf73nZC6Mr090IH8LL9ZOrDhEehJc/P2IP/GP7E1n0PuR5p3agm0jzXZ63ust4ziB1sTi5DM59nnd0npwDEkeZuWhb1hx38EE/4erEaHJBpqqidCalWB7NnZ1oMGclNqveSRlhaFn67/O8a/uEtC4N+jXl/0U577qyBSzk7GTkeust9dZf9Ja1Zam3WPml3mYP9jZ3dW/zrlfQWOrtioOnerv6f9HbIwd7e7RvO1dT/untsY0UD8SIznPs1Y/McwlUWt/CRTWD3h5aObswmJs350x2QniiOm4M7kWlWEAWPWErneXQJ2mWObIgGc2TLhF8ZQmM08EQez6iIWbHnq17hpmVN9miE7bxV1iubXyPMbhX1xLmmZSdI6EancgmI7lC1IMUuTwTezIb1FJXaVjMd4azaJ5ITdqCoXQ+ty5Da/xVTPFely4UrR+2CPBSqPOLTtMHGV7VEdq/mni3f8m5Ebmrl8y8gqqyyIVI+EMrZiW1JK+WE8XCD5uxRiBND2nGTYs36TQNA3LJrVhFVkiEruB6d8YAu3FIM22j7qqRUlMyjcFcXENoam8R3R5j8zyCgvxJ+ny1TZEJgy3dDWWUYRSrZk0W5nF2b3cmo6s+sSAZ3xPNikzf88Ire+cnI8dDpBmYA92m45YiacUnfg65vZAODtaQLm4Wox+TRe3V3fZ9lAkKU2DsOVhxrN4XZ4PuxamI3TbnTdLE9f73+mAs7h/CtijBMsp+NFhDudbF60ckV8bqPHh46sOdneZ4dKXNWF7qjhQ7cM1W9/b25yIo9c4sXX+ZLhlngf3T0WWLcoA7R+yBinESBngPiIAiNH82pOCzXlJQAXSFdruSlenFmqHpap8NjfELktZAqH/RlkJeecIMaCGIfl6GTUTbFYigf466EcqKTCb702rffMEzgeoI6S8yo+0wkvmSh6stSx2SIPtlDEecDZX6Vz1OydKk/Nj+LDcXOuoPVBw3+ADlW65RtOyvwWgiApFwtf/XYYZ0oPxASHjg+zTXf6Dy9iDC2YsY3RAyD4h2dnB+iomoPiBCZ5cI/AOzITanNmQ/M7tS7X83JPz779KKYJRi97T6wGjd8aVuJFOqCk4Q40Tx4KANV+uNrgjt7lj2JVK6WC9QabteVC73RvsiK4DwMhp1z6t1vDQQC9Sc0n+qsjFDdUlTs4flwwxr5rAa1ov0q40QBxEvz5QrtUqnQoJDlAPYIfNqOh30m9P2/ljunYuj5VuDTx9e6Btvtj+uDcYXsDw0N7VnhH28Ld8LZoPzLGj95hg2LSjz17dQm/RYRufC5IuEvErnBb7xNWU3dMVBlR4iTGTUHqC1EQI0QY81ieaLEmaojov77DBmUjXjGGkLBQFkr2JDm2fZHdpOLfXDxjpgJpjFBDKa+m7MZB0zmJOcaz4lh7wDtYWMEFxZ4qg1wt4KW8h6d8huaXalOY1EOlL/xb7nLUNFZi+BUQcVmY4vlCwDTgyY596utBZ1JgUEPu6blx46HoMR6yLKxCCM0WZR4p3hYNSX4Y20MMV20ENQ88J8bUZj9Dozh8QWIhAC9DO7mOsdStSSqQ0B28/ja591ro1tQ0y7OP8gYGTWoKmrMNvgIAbWWIic5wM4k4AloKEbPHouJYnpbXVn3Quz7nQ3VZgbszAxMvm1UXfqJkS21dTzKRO/0uGtFUqVlr3j7XPSud6Qlw3IBPJOzmZR4JkQP26ghkh2rsyNlblkYhHIsuL4CNXWYfP9eSwJGcwv4kqzBQLEUGiUYp8tyZXQSVpkOoyKk1nfBScOQchG++fl9Pw8brw07kxSLuqR68as5PEMI7fcD/oM2F55IPtsCKwserG8nr4GTVsqq1Agq+pc8nTnm57xNG17/yqmaYgfKK6C2D04saev+JU7WNkzdqWNtBADhaW8ZNnTCAbHimI3W93EtYkIj7K1kAmNBmdH1pyL/9OZhK7XoAmAkLqX68WG2raU3x/vsGVnGoCUJrkyjDbjIpXhqmW7FNevdwkyxp5iL4Zaqp47+4SYNCzsdiadQXevtmBPGvEPNoK9x8gjjnihDefS7YXTJaSaO+G9cCrWJFJk8egw6kssLLtTh9PduuP/ivJILqyEqRGJqzjStDtDYWQZXGMIK1YDYMjmUYJvQ+UgGjMh0aI3okXF0f4sWXoWVwjio37Owsl57cGUE2CHlQRfDEda7pR/czyMi5Mr/6ZdqXF0nqbQlOkCzlqzfbbQlskMEvGQUHFs5KlAuIG5fDcQ+9Ll3dscuW5L0rcYxn/mXNq63ngT3WayHWAJ6A/3JQqaWUQ4szySCGcumuJ298HIR7uTe9ErYrPFAdrSbwgG083S2GLHgi1iw8W0dpkjtrLLHb3sEsfiOOFxXdyZyydm2tGO8PcW35zsSm/e7ptT+7GE3uqbayYqh7f55trzC/m/2TfXMf6zeTPu1PVwn2QerGVtZZFO3KDsSXA3GvQm4z76XXKQm8cSylILvWtujAboeN7c1hsNp0xOeVGNvt60CALeoujKwts9c6sLgFLwoNlgR7aOmIGk2duj6aC3P+rOCuMLyHiVOKgDVGVVcyQfep71dqQcrJqH9XYxaixkvcJ5NJgEVm/VPBzqYirJlVkeVe+JSAJ1baYJPnIBtqw4uT8qbl3ZccBHx8CEgit4zCGcuKLHRlPiKy7zuEVrB0k8/uog6RMSGyDGtoDHZyN4GiR9Ij2LR82ReJKC7Lje7WBPTsHOOdhTktGPsZ6aQGKcp+nYiaBjnDsSSIxzpxtql71roLw37TA74NOXlchBnzHsY3ie2Zm5EwFm0hB/YKa6IvFO9zaUSb0N5YVnKmd5+lfVkoMRqfhO/LiJ9gL19BezFXNu51BmeQ5l4zmUS8+hfDKHVqKLg3vvRklWJXGOxJGk7VCXWq1DhNdGbo3e7t5utss2prrWrlQwSHJK79f1+t1dO8Y7dfgFPA62MTH2Hl7W3sPL2Xt4+T2Opono7HHEDC97HDDDyR7Hyxxn7N0hZcf2OCReNcf3OCImULjHAfGqObnH8fCqObU2vIwrKp1KuL8Tq58lpCX6LH4gaN5cClm7BveQ8zU+M5DOBzYp3c/YpCBkO4IutNb0Io+Rm29WCvVCp129e/tOscJeCxvcInxtrbXfaRcaIca7sn0P2aDdlLvZ22KSMy4tQ511acHJpRra0oiLn9nrijDpxHsY8eVuOMZ11pIN5lJbemXr0oeOQCw98WuE9/sgc0nL34c/kyDYMd7SAt/fOVSM76XqPM6vEcSUuU3oFN+8E4NB8wNt6N1gX1J6H6AhCUPvcECxMewzk0RRGxztDGZb9GYyu6PMPu+ymcvdUFamkGjfQCktdzjd/6aePJkPQZtVJRrMLkkN6CasOAw/RVjLNOBn79FZkfyw8fr71pDRiI8Bmk+koDy4NOxZm24y8YjLlRa9weaVNsOOXrvyFcYZhVxxI0+oSCq2ZXSEpvgEtnKpdHZbj7G9A40w0JIxH0NoEWZHJrV2C/OIFbRTHw+SWpbmx9mmNfFlsLctF8PsCAH2WnCic9J0mq34lrYn6aTEl1x8VzsoNuUydoyZcdkEOesAMX6uri8hk8o7BoqM7QU2/rKpx6+0Np9Wkl7LexHbzYZ9/0DugLsXCL2rCNg+JDVDeXFnO37R9mr0Ag4fOyBZ9XxVMQtWKp9ClAuQWmSWdb/R5YRYZahYJtsobFXXmYE0YJq4UTV9U9gLz+oVPV+eyWsVgbuPrm+OZCocO8vFASgznDs4hgDj97ZBMHLMxsMrV8MWZLdbd25v3QXAL9XPyX2pwFIoJlxalhbvK6kJaRXalp7n3j3ybbWQXSFeOs7oyYht8PAyCuINJfCsZO4yPqtRNJfo5ty8ipkRXbogPn9DtofsvMhWy6wrA/MF1gdyzf35iA2obNcoZ7vBaLICSySUfB6MtQknsKG+mcge4mIEeGU/GhTOR5PR/nzgwtJsOHppoXzWN0d+jH0dKyXz6ygVisPe/vlhL+zuTUcotscJtURT29guw3nQaDKZlqAlh2onzi9L53P4g67/W+uOf+I9a9uNSsXdYy/UzhbOhSS8mp72yFtLxj8+l+rPMnoUZzAbqUVzvL8XillBXjSZcQsrlj+y0FCmJIvUhX22OzOXy2sn0amVqeyCZmPzPWY1Rcmt/0csNZc7GtlSoeFAxxZUHeT4OhtFVFoPEGE1XukxThcowZ0IWmx5QLgXxxsd0K+grBj2LUvHG0TdZCNeJhmEkuyICMxKPL3cJVov7LSbZwTiu29SBMl13EzlbrlNTirrtC+X3OYlky/O9qNdLC2KopMKGrgBh+xLFNG2n3q9zYQlfWGdlFe+Mu7uoRSqXmGi3MHObPBj++yzRXk4LbpgVzs/2ptM2J2LyQ44QlARHqiavcCGf6lSd3xBfNrTQ0EHsDCorJYRI5CUZCE2mPd2eSzRlFvWSWe/ythYBJlY2KBIM5H5NrtCjJVs/hE+QW4BG/9EpIlqHy3zbNqdHsNbOu8Ugdi7wFo6hd9CsCCSUaz2mYehlqwNRyOiLCiqZgty8G0ezjZNsyW6/0gmbpwJ6SDL4IoF6LvFj8bJGtLj2pAHXBzps7lGuQAhE+/oFD3ryDHba1fMMVuvGSvj8WFUJlDDxpg5dAKWNRSkQa8WtOcsalO3NoFNRJllXer5bL9dMogGF8TNV4lk2FcRpgilj+1FcAXBALChgVioLqISx2MEAYME03YckBsQVyXCVrRiPqizg02yReiNvBXD/pVFgakMQO272A4mhzi4ZzcqrFsb1Rq+7tq2La421rf1WypgMXdY0865EqnoF2a9hAv2I6hNwXloBA1ktsZZfzgmYGW3NWQDG6eocfRK3f3ZEA69/lD3VA2sI1lOpjSrJhr+W6N9XBzX2lQzzFGqWceLChdtR1ta1h6Murhtu7ZCdqpAW2FvYO9dUcUZEZJBeoAzdtMmd+EZLbZs2fr+aD4UdgazNQlwbtmxYcR6mGsGA9X30tF7vzShx+Lw1btyS0turDtT5N7GFD+Fh++ckcD6HqQysfuRTRyTnNTZXlwQAZSvlPWd3pXUK6KrSaOVcX/q9HLgkhK0gDX6N401BLO6Z7l7eYB9QGTibrYWxZmEIAlmxKgllOj1dIFjFxlIgWJxZchCUlLOFqlaLtf0DVhcCzWvZgGy91M4r3BVmXAFyPGQeYfnHMusiL/C0ytWavoBjuXW6kPbR1QjAigNvypIryWkUnRfTW+T+ijhIJQ5RHOVWrF51q6sGO6CGwfc37b9FFeqVWveEwdR3yRiopDyCuOxM7W4Bfjx8ysW+2FuERLadhHyzhIAlcXBT94iD+rVxnYMzkgmKcrWC3cnRfimdy+K8pZkUrpSarYblfa2RNw2ZaquJsvcEVn4GAv7ptVRzWlUfFm/jq2R2l4r1Kv6asdxzbqXHE5o5mzc+EnMRGXByylOoVDbbby5EvYDyDWMPN7wAnCtBbQKZfdS/HUW4N4Evt7mlCvnYN7QlMr6qsSN6Y9a3aSsxL25WRZu+STW9rq6tLdoHqd6s95woFsVJCil5qaSeJBCHFIMfLACBa3QKCGY7WqjXJEN7W1a4LAPlN2uZVKJrjYAPEQBDtnBHnq1ehjfm4uGvB6dXZSWcBEvcArU0s0RI96g0xAwhZJ8VqlarNasQJgUG3j2unHw5c1GK5qgjEtSa7acBDPLby5lr26opE6eWTlXqdlJZpo45WplvLbV/1a1od48rTHKpDLF2qYgZDsVVZvcOtERoZ8/hL5aVeZoTxt6E73tKaikeXYsHGEN5P5OcHVlqg37ar2sON7IAZOtbd7MdL6qggSs/fhUAoPssfTvReYtgecvcDGPcZPQ1cGQem8ASeGE3mGmZynK6XPfZBa164OuXMWVRV2MayiOLIEINesmMeeeM/B+bNZTvKYocLIyFPreDiFHIUfan09cCs/QQrWRtwcmM5+wpbBZ1iddXq11azszjtnLsSOIwWsS5wCWtzRDvdjRwuWRw4MVHE+7GTpqVt3pR31yaeBCB5NR/4wurpyn4nmsJV6Fn8LdICgrQkLMVDlwgxXPRPKlOPLpqhMRGIxE7Mq0XvC6yJiMbTXa21k0NaLM+QaBpDf1plcGH+zCAKcH688q7HuuLk1W+kOO4aUDmfmQRX/OFqwaTZ71DCJ0kGZvNgNRKNMpQR70CxJODHqE7uNMRgpic79arsgXORlDc3aj2qkUm9b59/QdcjGzPnNuWz7l0tQPYwYhWALPlJryiUVSWdYAoinJt7Vya9X1ekFXgzxJiaqRXMHFu2gbDQq11oa88iOvfYulJeVhUKoNrI9k3D0Nhx0bCbmmyhobf79Bb6jGOT9kDUP9QrQQf2xRqbiJ98fTExPLBLeTfgnbSjQbacZ8gDks4tuc9hHZ5nh4uROLGuGp9zsbTqU2gg4SkWeYxJfChES2uP+85xHgmE1w5tqyBYrcyHG+bnNSy3OZwWwzJuTHIDtaAWSHg3tjhMgc9Rj7OWv7UcMpOFtuTvG7ct2DfrRtVdP38oe0j/WI24vMhwJOvlI4DZTMsW+ScBlLNZvAqkazPft1UCs/+4HQkNLnbFbkc5AAg8PJ2V4Hvf0ZO4K5hZmPIOR7u1FLOjfZj0ZXbD2ms2f8rqaF7UtsWBCDm4cm7+Hj9AcVQo8Eq4Rsdl+njLxfsakpP5ZNoLfP5aJ+FYdw4LYcmWHUsiek7DuYHjSXjbc+DDPufdn66Iz7nH7iKtSqYYUVqBzSRbNI6hW1kl5bMP6fZ9zOXu/S2UvDT5/udqOByRlfExb4jGlXpFCV6zNmZoJU1iLYY70jGEOeFvSssTURWXla0LOTbgjjdOJt3rJe3uePFmZMRfXOwDw/DYxl+q7A+0W3z/g93VwVRJdE0T7jmf9jd2/42JyzuKTlYDCM1ti9hgKj/V/2hlGIN81e20H+MZAmaxXRGz37FVMcl33Tku3QRfMV3/yqp9nyUg9+L94skv6natnWOK0ZX9hKoD8bHNgbvs+fPJcIcbiP9WWCEwCQMdLNjXlBYP4Nx4SX6pPJmFBWbTi6UpZ9FPBPcxgeTnbmbrMUCi8w+XY60JiMrRlwYv5ND4kfsmWFylvTRYv97/MD8xvecLw7mA1Zr5zAkGffvC4Gp+SmBW+ICxKRKfjXYrCLnyUFb04K9FRrUfDrcYGE0Bbgt8TgFD9JSILyf+FFCuwDFBSJUHzEjpjCLGJc8qepEmFYYB9NwSxTAv2zFFQ4EtjHLKwQvzQTma/nvQ9kFlFDDZ7g43je73uHsl1MUGH9/YyZWBh7k40B+w/0Jc62rDfEeR+7az0eicw3s95X8ADwkbqjVpfxXDgy5ttZ84cZN6i6t1+M6mt98zxaUujyRPw7pJIK6WsdfzddsFDiv2/BiReRUqrX+ebV7j7K8tR4ubcf392AerqRN8oN3x6L1uHFn4+vhyBCsSifcD5MzZqFM2oFfjp+f16V5V9LVNKyZos/iYhLd9DTfxMTGyShg6PmUxJgIyxRWq707QUVGYXyYCcyr8h6L/GXwMg3Mi/Nej9tr1lZYMiJUWS+k/X+wt1IVtl8zDM/tshakyQjipPoRCxwuSXy98YDJMpygSIwdO1BRBitMpbhwlybl8TXUPqDsa2o3f7ZZYaxiYTmxKfVE+2XcrozmUaF2aC4f94R+s3kckooN1zM633vm8m9YAXheb/B976lS0TspU7ijO3CNK5QEy/SZM3v+3sLT+j9gfmO2KrRRCL8f0Z8R5Ls3xlpgfyX9M33G+K0pVxFye1dM1lsQF81Nx4AWcTTCTS+lLZqbjoIs6hn5sx3DVpuMOr2LSzzePPQQ8C2Qicp2WIiytV480TzsKuAFnlT4CVWTnOjeXictkVbkk3dxb/ZPGIZYtHO4lPHF/Lm5rGLnC3+YZFQgzXVXDKPi9O26G8rOdGg93jm8XHGlv2IU7OOg5r3euav9DWjLau1JSJwk3FNzqnYCMmByj9YKmW4Ls/3u4QKFxjPZ+ImKLggsnjRDyZlGusfprHsAi7ySqO8II2CkZPX+wD/eBoc4t4ya+8ZzCYUvTBd1Ni3H5axH7W5bH7ikEKnA+Z55kWHlK7FJ4h/1/xkurjUnUbm75sXp2HJ2v18z/yUx+qL6Yupz80/saiJbfkwGF06ZF8ceTAn1+J9kW8RFUWgSskzfx6DawiI/L/04xep9DUSEdKbMnvdyzXUQc6L/j0O9wNdBMVK+d4/jgNwzGLxXfHuP4srkQKpg/XBwPyFP4fAJr5KTY+uYt7z5k88KWHlHg17eB8HSl8azCdyxiHXcDtrA0jCknml5/2pFxfs7CyXfNRL3vQxb8qZf++JcRJqb82Z+xfaKKDIvNvzXqisFYf94aLZf6SwzgzxKaL5AfNqhBdtdPvtTq1DGbJ6oz84+ErMTwaRvXjpHOwN1InxeXHqxdqcS9op8z2jSQ9HHnjepiz4eyVTx0Uzr/DMO4KJjDyRo1Wz4pIW7fugk1xhW00ytvD7I0wcodqj8rSgH+TQ1N4hMFNzLMnYwh9aPiE5nspahMIe21Q4PSVPCyrHx0xNXdto7c2BlFajpj1zBf3aJYCttyYwtdzvC8zvpk64m7Z79PS6q4C26jqWjPBHcrpwfTpvUTYi9cPsiRMot6bzFqVhQWpcOVe6LZW1CM+xEOYmJ023Jxlb2E7yIbJlQv5XjkQE4o6eHrLI2QrhDp7ZwmF79CJry++xFSxIMB6TBlicvzVQfzEy7/C9J7i0LdleiCoOrt1xAGQRd6Td9cFkbyDXQb/se3emARbngm05BgrWXcsgi7c7cZGmEc5cdDEuFPx3ZubMkMWaIzi2J9K1XwqWS8OLw2mVueqZ12rJJkuuzN74PG5uflnhixqd3WHvIiYqouxXDpSpjTK3El1N1JspofdMIvMu3/ujBfzOvvmgb96Tsb3TBetbvvmdjJzhyZ2bD/vmvZkE22n4R3zzJxl5vw1LyiSeTGuDHVauhQqibz/npRHaonUHMF6xwChO5oQ1D6Hy8wdxDiP0ygXSomQoXssUY4DhQ6y/cBBHj7ooXaC8SgOi7J2QYMQ6jEgYL7VL/8jjsI+gWyHC3Zy3RchyZvprEt8pnD9wP+IF/vmJOJt0O7kQ9SsOZjuRgF/vwNLzBPiPHVC7mkDf4KCoO7tBjIGYlTc5IE3ZiY00fs3BbFMJ+M0OLE0lwF93QG0qgb7FQUPVCQtmEUvL6p/6u5PYeUtENTcPNQ8+DG4nSyuS77WiiANTNiy+LmMLn6t56RdLMzxcTOctykhBrW5fFnlQ9tJ5i0KDgEqMBBZbDZnZMJcVeHrfflH3tLmieVu6xlZBsxsJ244gDfy5LWJFVL9zUfBxW0AgFje9Zf6lzVrnkfz9Nt/CD8FDwzpKrZb5yyWwtl8ldBzB0hdsUZpxW7Rm/soVyZd8XdX12UQ+sPhFW+LY0iEE+h+XoFYJAH/JgpWM0g8Hox2E82ULj10tqpi2+Rm23QAJsKFvg3tk6C8z6D9rwfpB3o75A5tzPLuRoqUP+MTJ6DTb4BXzhxy3Xo4zH1yqoVygI7o72TL/2pdwzYC1+xJ0lE/aHfbwZ7Leq1haqHnQMbovc4HdUFs+IPKZjPnngeSw9Pt7ODUA3qkAitdheNX8lmZtuYW8SyEgFDg3Z8nom99WiMVJgO9WIGh0Upr9F5q3SA70nhQoor90wXwuYz6lYGqmYP9WYdpBeqKapaIwNfPpRdFGoo9x4b/TwsLiA80N809t/wfydZjFnvWtGXZ+Y6zEencPq2Rf6P2kPxcjroMsYS/dxv60WDx7UzHEwGk8TAteuigo0taFxRrKsvoz9p6oklLX9qO++cUUrEMt88PmNSlQeXED85c8ToAQhWL9iHltCotwL77xpUGoFzdg+rfYZnPMo6604t9t3pUCyReaj5rfXvDK4QoKg4OLS4vZiW8rdigy95jfSTVFMHeAKsHPe9OY9S4Z/qkcf9cjE5ekenCfBFPn7Jwkj093iZW6K5fo3pdqINQX7EKm69xGr8Rc/9mC1eqCNDGDnPc5b6IfYbTIMfQtQVJBBwi56bmPeX3O/E/PXvHQNfslgfcRl5eDJVx2ew/kpYH3b2OJSWgOGuYVgfnaAlYhMgbkvy0gNfpvPYjXBubrC7jWxt3DF/zvCyj1LewbC1gJxWUIlVW2I4H3vxdlxcHzhoOrMf49R6QOo4Mvk1xveE1g/s+icgdBmNcF5r8TGXKgLWcNsuYXMt0kOheZtwXef/X30DW2RLL5wWUMvOcHC5QSY8IZp5x+vjUwfxgQaTvwA0XHzH/1FLqJWjrrvmr+BxGuEOadY1pmV8t2n9F9RaZv04e8Rf5Jz3wHtXmA4rgPLwvMx/0xk9C97AZMignEma96z3Wvk3/KM/8pcKROO9inPfNlMZEQtRG1/4w4+/LlTzGa4wv77M7MV7Lmx5GbA3d2EYv5atb8pp4tMvfkHEmpvSNnXuVrx93mDxF55jXxprbE2IlAE9fkl/xL7PcmLWbBeawF3qR5q5j6vamSe3vO/EZcl2ZwZ9VqfGTFfM2fEogUxzKU1oj7DTlXAc18dsX8YnCvHnTKq/tE7Ri0gflAxvycvwCX7A9O5NmGW2DZiiXcPz/neNcVvz9jft6Vl7o9IhsYdiYwJe8JzCtdSXU83Z8nd8U+lzW/7ArET5wPp8j0dQ6yMbnEeqcT5H0Z86uE3M4qPMSWX5QhQCT/BPmJAUBGjo2oKW+MgqbVQfmiI1cfzLt9kdPns+ZFDla5JAI2n816P+kgLVxTVosr9cF437oGX856P+UKlXlR2wajq6r7paz5ueC50WWpRkgiY/5joNrBUhQv9ZH5FEukr2BMOwvXUslv2RIqWM2PzFcz7B0UaNHPivuj4N+24PoAH7lfGoxGkflExrwmw/RAjRl4bLqEBNCcnaFeUxaW/pt/sLyFgSEAwpJqQ2cgfd0nVu1edH2lj6UaRnq+1x/gDTnTiDC/YGMO4XTAujdrcO7JSaj5CbBlZzVFJaQYxNdgUVFBrLz0tGn34yqh383MZUqw/n3TM//Lj6RCRyDKymtXzf9OwQibEwwxL7LNdgZ7oshy6OHm30/ZAoJe5xns162a30kDwsGUiKlo4FEOWvtDCZ7utbocHnCyxvL7nzigF0+nPSGU2zdfctl4fKj1Zd/VqmmJXBHuiCRelOXEzBU5guq8vThr/ksMt1Va3f0Is/WSrPkqGtzCQJSHMo1FNb9tR4bYYGW8v7eG3WW+mK9nzf/y4gIRSlzwjaz5h34Xx6Q9GGPRIHBikbOOeVEMg3UjKomjcvIqoEUuDfQIC21RO9O0V9SvuRpq0St7Q3iK77jewsPlbHF9zsTooGYXWT1BeFA6b1GazEgUL71lYSvzqKuhFv2c5SQkIAmJyHze9560DLJ4aASha5VEJC7w95knL0Ms2vmRDsg6rlyEVfCekspbjN4Ow4bORRfLw0gFhTyiq4AWGcuntCdryMMzLH9J1iJcOo9JW/pVoceaRx6EWdS7iZX2mdj6czp0zDzVPPEAyCL+aI9RlPsIRzRhgT8Q4TFUWadnIVKUU4eblyEWrdZ1d2pfFJg/4FhXVnXNf9gzT11kLXLfAhI+t9zSmTe/rkEQgnW7IY3MzUc88/bADkuRwbZ6FosKwdwrZytM/S/53ks8xlbVWrSKspd5kfqgi8/x/6j5FdwQCRyEe8zKXXpOf17v8FyUZte8ybMtdmClEIVb65KA4D9ziKgSmtRjnwOTLGjnzTsgm8AYKIj8c29Hri7pPmA2GMfz8qh5p6OSrFMvDDiBoAwDmjrXqqn+xJLJmg94Y9A5BCCrVuIzvvlDPXwaHXjB6BO++WBcIH6kWOYYAcb+KC5bCLQqgoN5Qfikbz50NUYB84u1Y83lKN38sSKg2moo++Zfafe7GOEZB/MiOndxQByswphNh8hc/I9P251qCZo0iahkCFrm3y0IyNG+UHgAAp/xLg6ucDhw4QLCfGPOfNa7NGG7UJG1trU74/gIEf+FJ5yKdyCaVBzsTGb4JZw9SAf73n9yJ641XKaIkLb3n705IyxnCSJ58/yc+S8MCIzuNjmPRclhFEdvghXlZIU0jPyEPwKfnaPbMb+YGDpLmhJ4W868zOecZLc+wFwr6HV583IOIbDjnASL28NfVR4WrV/woyFrD4GN+ASz1R0PWH89DqG7PXqicfaNTr0m8+d1K+ZtvgT+28x28/oV8880V5jPZ8PzxLAi884V85epijW5E4hY3s4aEccXLw2qEu2niS8l37ZQRu/PE5aNISWM5v4eMpBd1dR8iP15UiZhn+KVEN+Hko9mzHuTEoFRiP+Q996dhrIsf9Uz/yIBtQdE3dB6Vds3sAFPSoQVPcOPzCfz5ncSeAd9GDcwmXTnM/6cBWL5Ns/HA/OuTIwc9iZTCHw67/0H+TIMtdC5q7v0u+pmMybz7mXz8Yz5AshR8onX13N6FkwRlTJ5X2B+Bh9d1FJfl1nH/DAB7nOwUF5CP2k+l4hU3auWbII43/a93wv6h75C83Wf44MIJx0GDxR9wze/L9QPedPlmz7Hxa6WctNhhmqINzJT74vBeYUJ21/zOdGaMhc6BJ8kivO6TKS0nM0jXJg5z7yE7JbjPGS4+jJc/zM+9GafEBdS8mXPfCw4UAfwC1cJPQ+JvI7cS++Vy6z0fSk1HG4GM+xujH4G43HUvCBwdz4G8t0BLaiyhr42Y34iI8vUZGcnZKbsRzJc71kx/9FnMKAYmzQBfz1j/siB68zbPtoj4G9lzIcIZOEvCaKlYt6wYv4YDlO3gWDswz4zFTeLLc17A/Mn7LAIk+Cb7uAMmjevmH/lW3vArFXTQU+/5GFpe2Le2/bIcrHOvHXFfIrJrlDruh01/9bvT3ocn3JKmqb9lhXz76B96ar7pJzoBd7nrLdagCwHl+Kz1obnrdg+rxyrilu2V8x/ZoO2h9ud/KDGCz3UJ4a5X9B4kWf+B/bC+urIdMwp9QjDw+jSMqL4efxtJqY7LUUNgP14vFct0qvUJ93u98zXKdrp7o/mS3WQT5+dMD4pCke0c1EPah/GfVfooorsebTOHwd70BpW6Ns6019hH0WT4+r1xTd7/jvki0lBdbyGfMVmviQzS+jCCv/b6fL1wLw8OO9W3ch8boWQRaSTvETriPR1qSyDNFr6MNEW64+M7Qt971WZXro0TCph9VEfjO2E9joTATFeM3pKP75FwD3AzrO24RZQtMb4R0T/zb9UAyTZUvorXs/3zf10sYJjcUW7WAIuWPTxa1SBlNxdaWIxUJp11umpVY1vHF4Y9yBv/keqo45BW/ObhxawC/N+PLPPTqPevejgEnH5QuC9NLOXgK6U4lZh/qh5UWaxe27ZwMSavFZ0cXBmOC8xbjpVPPPizBA1VCi5X8v0aNvhJ0N3v29+XgsqlwlIiNg+H3g/k7Fumv2aUIlSEQ5tf5vwKSIQbClvYPjh520KSngsD3DDkutWvxqbv1IaB1rf8cxvMAgSU1wqgtW/UoIEafXHW1TO5sV4iUFvt0tAQN/Wwtysen+gEKmKYsoQWNy3rJq/DLrDEmWdXeRBjHrVfFWJCiymwADA4OcVHjdGkNn8yRKkJu94EWwIzJ9m0vAqCsVMp72+XjX+LJ0pUV5084B+/HnQZTPD2OCWocOe+VfBbjcqDgaYVmsd2oMxMhTj8AltVEfPih0xSmTbM//68JKFLv8HlJ/+VBEg/qG5b9X8G63S1JCpLlMvY61V7mUgWyxXdPyTihSzWxar87nAfEahTu9gnXArnftJVKkEvGXVpzXqXmFIm0QJkYKYhp9V6hVx1NRofozYEXUUUKKkJlIE7w2KF+pcUMSXeuZtmT3izcrnUfNq+d7seYL2JvB+MdPbiziJoRfI85uB+dUAwAE/40UZ80YBt/EKxZxo6EkKXpoxHwnsl0AGs/Ti8kuYMQst7Wl8miVY/SJYZnWMC22VpfJXZ8w/ScqXSl6VMb+c6ap1HejngEqssBcQ92DUb2hUQz6Q+gtopaDo4lJzzuOrA/3qXnnWZd0UWvevmH+UgjF9K/YnibT0kyvmDYwRBFjUYMFC3w1nDhqHWxT+3lXzp8H51NXydnyF/cMY7Uy6RLiW+eNu5Hw0MD+X2d0/LxpTcB4wIjevz5g3BXtd+eY6jrbscbWhN2TMB1O3xoXCO/N4jUxD1ZEWijudm3flzVdi50YaZETQ4P+GC3XBNY5E3pjZm0hbiddlPp43P53BKR2M2MnE/ok5br4VXBxc0Z3+lvi05nN587+WQaJJ9+fNhzOY+cWHvlXZ3r9q/idrigTcN3CHxPh9YNV8OyAqDnfaqxcxFJmYXhPham3zQcJdwUF2lOaHVs135PoAgWUGQ5x185FV82dMhdKIMCnH15keCbrdN/8nIZEcn5w0z0+62bQe5HHzDxNQebE//5UMg6wBZVV48+FV84IFXhIqjsyrs+bNSUH6Kubrs+bXORPAdggiM5vWiFfmzU/hwkISX3FtMivECOYbee+DsTFPoLYa3flI3vxRZk6YJDLfyqOOeAwcrVbsHRTzHY4F7T0J5SqeOpF5yYp5mSyAtcGFbu/KgQOh12ciNRTMeHxqiQ4QH+XU0PxGJpoOekUN1IvUv5Y1/2wBAg/PeC4+w9sVWmIYtCQJ9h81v6klCu2ITAtyjiiCoewdizLrvsUXSv+5FlTF2m509drW7ynEOk5ZAt6SsxFhsr+vWaWjbSxHi99/oLR0IGz8B1quFtS+nfFRGfLeYHcywmdEPL+VzpdG8mp+bYi8r/Rk8KjwoTTCYr0qCG9/nOlbZTo9nJeJUnrmt92YdRjEAqG9nW4P13PHvNwzH8noz2YgWDlVYgDNG9ikWGBNLPuiJDJv9Lw/z6wPqTslkLfDxLcBGhNsrlc7hv94bNgftGt2NvQlKH+Bb3ycWFflE4HxLtgSuuNrUn6pLQgP0QvfJ+LGCR8Lm/H2pxE7u+6eZHwZ/3jZNn4+ws6oQ5EbJjLpI5S8yU/xRhidt3he/K7wrvFHGjDS6MSuCXpqzlwuywaDIEmLgNSoLRMCIhlprrk/59ChJrIx9h00XE7jSVHMiRZGdDfhxzvIjzQtOJ8J7Ls7S4u1nxXfAWl4wx4jgnykGZkP2FAPPvUAT1ycTHeauriYFUrO3UNoA5tqOFo9LRRPwkH8zSX39Ard2VvkVM/o1uTicFDk9FCWH0J6/rXnNbOB84UEQLH58jDqjboYoxltsGnCM6WFg2V4MnFZgMUe9q7Ea2VGYi9TjR+Sy2KMxpN7MYgEESwoZ1cml8vPBuoC2dwKKiqu3yz+hsBqAigP0j7rEWiMrrCzixzi0QSwjHhsOovfaohRj6dAy8gnMG4XiZQRFLaoJxPAMuKpSKeV7fE1LLESkovz16ZlHcZuvH90YI8ImMcMIZ6guNKiC5x8Gv9yIbFuXw1MYG/XaPZr8uaobeHuBRSkrIOeW0DBzTloaamJrwTMHB0na6hW5tLBLwZm1UJr7LpZ745g6ghrg3A03YllWsYvFhoNNQqm3izrO8Re57BW05gd/b1lp4epjpjAvWxrkk8nePFrt5gFwU510ATuXd0FcvLWrt8+dOvr3zB3r8x5/UF6EH3CRyNQ1AX4BkKP80O20y7WKd9dcdDu5RQ0G0OH45raHl0UKMjFBd3LywX5ESsbra7sYB+wBm51Wo0mvWF36R2+Ixcmkwssd7FCEzlkPM4zNBdDAtE9fZ3hMm2gScfsglCiCzKRQz04QMWXwZVxH+CJBbA46V+JcU8ugy3uKcclbffNNSkeFXBtt98vXiFSGNXQG9lcXMcAEWhuD/r7RHfr6hsCvr6nA2i1iGiruSE1Rk5QtCtjV1lzL7CHpUKtwtMr1cNkZ+HLPoPlV7KQtjZtR38cqCThM2JneJoMKVYxws2SHx7hAA1bmoHMWgoRq+zjvLATEQ39NhZ/R0vxgALPP4A8JJQWoxq/XuiUNrbtT2nKt/Uk09C3+akWs2qrG182PLq3sLxOpviNhtjaHtHYYcS5j7i+lARX1bVOLJ02XuU5m4WavI1pUlghfaQTB+jPsOLFK+whmTXSCUqaDmb8Qsh8KVf1uw2mXEnlhPUSA5Lari2+HvvijHd1eYVClhi6kkC1NWJPxltiShgpHcRCjNVQ3nSmcaNfsigXOvKutLR01Q5xwcvLLC9LGBXKhJVIMqUR+siGyXhzysuDqCdTHTG+wopkqaZFNqsblYIIQn6yzbj0HSQ9l76TtO/Sd5EOXFp+vi3j0vILbtlWoS3fEmnJhzxyNfvFhXyx1iydec5ms1Mht5JiIcWcr+8oKE/I7IusDTtYGVnYNSAsrs4lD8tmN7SlA7thPzmMIk4UeO4TvKiQgzokVG5AREfMRlyyjH/IRjpFungl3kCZ1zAKcaUY2Izx6MzUwQze7ySB05RfPRjojlwzl1yezQyhec+7CrFiRzmFKAF4b+Pqja/v71ogKMwJlxFhkvXrXfE7sJHJjtj+rBKYPWTOMJD0MbN2BWSvDpA1580Zk3Fp+x1Kdr8mu0SttFRsvK2nMuJmCaWBnbN2JCNaT7EpNRulQqfS4B85r1XbbOti6rdqhVJFflddV7jgKjowPhdSb3LKLjDt0FtQ9d5EbzyN+ZfA35rBTRuxhdUQgoLeTq9Se48E/q6DfeukG5BRsHbLW0IqLRotRFehR8jQW67QUm460guTcz8gbOxb+Z79vXl/TV/LD+rWxmbijcgyd5bOUps+OkfQf4eggfDZm4yJ56AeEbtGb1kLbG3hAmNTsXqmL4u/Dckq63B+QHPYce8RtaQOTMVDiQ2r8PA61bo8/cZmvajcLg9eayHwJZaDZZZ3Fk28k+Ztlpggk04cl6BE4GIptsRkxf8a4jFsCdMy41BCiC7utPm5LpHOKVnWZY+I5rAr8Q8y/h4Hp30SAXuee0uoMjs2WdQzkbgIHfz9OqExkx2M+0kmVxcKBV2NjTmCxsogmVZh035Qr9Ncl29ZCHw7Bvp1+82rYLPhUhmHJtntBJoNz1Rb24sP9eU0XyyUzjhAXgH6Sa6VsNLRVqR4u22HYdUGKGBN+MXL0FMkYTQjqGD8NYzGRMXEkw9w4i64i29qqpHmDmf0rW6yF40QmrtQqYD07zFifdcSbPxSES2wMFXFQrPDqGmr2XzOtlvGHnL+tHwpkFVvQKgIX0g+XoCW660Ckn5dDpFkoAecOKSX0A/KJFwqrFASqzx6d0mUh4S/5UytKBdoKRofhsaB0gpFEAnGqPOarvHwcymFI9G95BTbYnwEg7S1BDHllF9w8FNYXrK+yieZ3Bep/AVQvubUkIkYhO6jWvGXrTL2u1SLWlkLcN+xir8rm1uG2k1GfhkY70pWlsHJ/mN1qxpWi+q72g92YRQKZI7GX/g6lnxv67j7HUEUj6aUie2DfT6xjKOtX4V0coFk+Tic1qmr0A4nd01RP5mtDSYivNYBXc0Efp2Da4sJ9HoHtQ0k4Bu2Cu1qocG0astXdTrVirR3oxWlfsGLOotRuqleXXxS7Wb5blqcuUVKEkHeKkVJ7kH6ZbHkA2gP1mz8obHbNKdsdKrNhjR/++ILZQ/RUvextIfWDn4O7eH4dKnvpT2yuVVpt6tltG47PFcvNmvbTENjHrVxjs6BK/7fo/H4tsMK7dUgW0YibBjSivGYsNaUMaDvtK0EHqtfH5PPkdlPnz1O8+5rZBb0+Lu3W82wKn0g9wSs1iL3RP1ct00/qd6U1HanXdAPfUtavnj25EPgIoGnOHiKxFMdSLdkWvlpSxCpdkcMwVbKgnen/dbkdnNtTayoVLprGSS1nt4qdBBGu1pnfOwnBp+xALE7AfDMMgahWdvCOLufqgD4LPtrnrEIn12vlKuF7dJmW75CvO2W3+/RvrGA1LfvLG8zIvKJJvfh8+9dKtOME4J84/z7FBCXxqLQXnz/4UXSmx84vEgI/mCrWTu3TkZ1HMAPFdol5d52XPqiE5OiQlKEANIFxaSgKuGUxXwtnamc0299otf2o25lNxzKkevY3cJjJTa3suFO7i4tDPvHUoY9jVKhXKz7JVcGFE39Kj5EDBFsQP2FjQenIldf3PIEMi4LYVW9ZgTNVLP30+xSWYUC2ksu1pvXrEhTbmHSMHw9uaYNforWJ6F1NUKFUghmZpN72Rbg5/T0lBF2gYTTrlwwxNcfuWRGKbTFEZJgf8ttaCCUaunTcUuH4VVAokHcUBpZfLkT7uXXaVouD2KK4GcheKC0QtEDk5HLtR05xJKAFNgpWp93tA6iVChfEJzHJeZLGePbg+jEbaoNOW9YUPwiFA/BqM71u3E4iTgpDQaxqpS7MY55dQ5m01yAvafv1uELmy9n8EP15TqXW8IFFn/En1pz8YW/QgWrCatX4XYEwQRrNf2qo/08Lk9vY1PMt9WbZLCoIgJJ9fBr9PBQnAoIC6FFAKXxgl63ak3smICWIvUNSF1VXqFwQWbqCmQwLaqI0nbBdx98Mxo94OmIpe92LRr7dtJYqrxC4aIxAZrvIN1lPFzYcXdPJpX9kOU3wUiNZJmqwRzvmVMpDoqfz8S4NJnbCwEvyJrs3n407GnuhVmTs6Q7CbrvzSVdi3+czvG4FVNgX0iyJD7rorSekMS3nYwvwAPMLe9B/HL6FYDkrQGRmu4dTaddkafn8Fr42WMb+TBe/HnyJfk7REvQvVMg5CBizqmTgn1yQe3WbCIf8WH7PUZG1m+F/f5gB177xn/eZO/8cLDWtZ/jaFjxYltS1RtJxZchUrmTGl/Dy5YOxzPZhV+5HDB7ACfErzbYKVdxhKosuur+2ILgan+Dk7BUowU2FC7Q7mfiXrkp98qs2vctzeDQByM9D3Z7EwkSlEWr3sveZolmWeR1wsp9bCXi68m326sK4YANTfrlkMxUh81Vr0pdG/B4I7qWllneHuXMJFgErci8KWtW0lyuQolG2Rmxr5UjyLdlzRFCUhp+s40djUYTbcphfDJLVF2uKRZms+4VB/xE1hx3n/w4K191f3PWO7HUTduif0xeQ7BpVsg5UrGZ93icjaJ9NsfU2hlNuq6MM4bl+wxZ+4qALd01OdnA2sx7sibfG8568gEXyd9Hd2fudcA7yxb2/qxZtTgtuThngR+k26h5X06gLeSjWXNUu5nC+jBdl6kmDSozfrZPgESob0bmpGq6XHeMceijj4ChGUPKbriINtm4g90uf5g+psIP2RS66gLBGewWZgFSatdek8UeH4pUAeOAcXtVFgPvkBcqfIY9re93NY+CuvKqVusR5GDfjcyX4AmV4pCYkRsQDq31nBkJHKdBeyQPjQV2QduQNoXBVC/ekOrFMlIFDGHvIky+NhvPsdfRkSWt6ojSy66sKXFBnf08PPYD9svB1QZOZKNU2ZbfAQEQ6PZG/cxMEoLKVusF/SJwTuY/z7z1oUmtKKXtQrutUZHVLdxkpXyEPYxUOVqqtks1SR1L3Fr9OaHjtmC71axqcyfYiJer2BXSJy3VuOjUUpdaB2Ysth5hyT1qzR71vKF7EUB+Mc9BP53laCZNZUvm4nBEpIRIPjYboQNAzhekFI2py7kNNd/CECzVDC2altP4FFADC4EhwHG50twxb33gtpQbfOEUx1JvaS77aQsQtA6YH//4eH/vPLFz6DrQp7JWHwm6mbdnjb31HOO/E+M40nNljFlmKK9JupJ3sAhHGMJeDLgf2ziVuezy78ZW0NOBy74XU6HF7a58dcRB35c1qwsD4oAfwFikLIiDfiibNhgO+BEshkQN3Ss+hfOEyOj38QP95q/2z2TKlbXCZk3UwugXeEXZvGqjtSkg4m41NJBUUE111Q/2mf8iAQ/vUZ6c4F2WZxCmheVnXLG4lfJEtQZTSSQEMsq87Fhoo1RobBVCdlnl7c0qjRoLIOFp3lfkmLh8qW5g3pU1nhK73fg1pAu8i432zvNHAQ+MXlKRUtJDsQjVUWumYyFao021NRtTyCYUpm5p3HSUZorncgGdbisAOhl6nmSy7WRkkc1lIJ7EI/3n8UduwNmf47qHXGaBGbfuJa1bvpVBhuIw5jnZpmMQTaHGdP7fe1FKlA7ZTfVJ6z2BypAyWUm1BB63ebXs12eQg3P6xWH3lO0udiEGhkCoFPNHmynqoc4xeReKEh8XSGY2BZ6dlngzFiNum5NeQY3Mx2mhJGTSfgSsDccLt5h+Jhk/XPZD5IPN+uZLSd6zaI6r44hwP5PLYw2ShbSI86XLMTAhq3gsxtAKIJzKZvBIJ/cesLzuTcFs46BB4qzdTVfM0VUzLp5SGfhJzPQyaXo5l4XrM1SXBQ4ZPTByRzAZxObiBwIMixrnAevt5qYsap6NglfkNTdWs3qTIP12uXlWIlSmJD/axdOTtXGbYBB/NHrkFzrEFjeIu+lvoBRwoMNt+1lnKSZQvEnkUVraTMPdx8nV/MR3ucA+S5iZUrYXm3pmR9J+n9utk76tVk82V0s/X2LTWwO936Ug9967W3kCfetk+DzxLBiSDFmZjy6bPau4MkIoQPICvRVcPvl1ABNWJCBu1++Fi1Am3uqEFSiQkKQYWS115y+ksnRE5OiOHNKNWf2WV1ZFsRnciU3QsTlrHccJJJ0AVG4d3F7Zv1gOfSK364T9ZN8hYUAVs0mCoaTdAKfblA4af3XqQE5O6faGYGgDX2CJlKsqADOWMwIWWc8tjoN+U2GUsnPo2K8NItT8LloIcEWnRmk/0iswzFbKViUgVeQgeHEb1VzTIbJLHLPaEo5NqSXq4LU3i+I3+SWNTQanCywfMU5G3lnkmT0d6vjk8JBaG88RUL51rrOhwJV12Wiuhgo+Ep6t6mnE0TNN+Ww8qWPtzVAgx4uFUKLfJziVwquycjtZL7TPuLE9lfCsr0rRxlp1/XShzmaxLeNqyu1CabOm+8byZrPDXEMRJOsnWaLdFQBBDCCgqyH3TAwgwllRdrIxpOYC4rlwGl+UlTExN6TWedFK7Tvp+GLFtty4iG9WbN9BJogzd5KJ71Zs30UmG2fk1kUuzsi1i3yJWMl2HChZ0cR2fOFidaMZ/zbKdntTlfyIHk1gEmrVkA1wpyLHNkc3G4eBj5UXP5V3vCPmg8QJTRDhlZPpkzZTquiFoFOdZrm5oMBpZmmjQnxWtP2aA2WLkmtj3/y6+KfPr6/K+spJbmW8+HIBe/2aFHpxYRnrEBcSbOGhwYKCyRovxHTYt55abvqoodXbQMzeqQOi/HbbIU63X2SvtsMhZUXeimcAFvEU4sji12+3K532OSQPUH5LlGN5oLVzHLdU7ZzmPC7EbCd5cX5lm9/qsmYUks/WGE67I1fEZMPr1hK9T3vS+ANhQLtgvsXM3pKQsvXDRcUc/yx8umGzHaAnvtgciUmKYFjBRiQxtEjj/P6IaIFq5QtymA1CQez9hJH4yngwwm1r6CpILlNcVDAZpxn0xiRqQtpLDhyJFOnAkgwsD2xYlYcjI5JK5sU540WyD4ZnXOtDWCDetT/rDZK3KLuy2zAvyZnV/jLopTkTLINEI1gXX5Yzmf7k3vEFfBpOluPGshjGCFkMxr0rCygRhQivhzFo6tYWUF6+dz+LlP/mTo1yxmalvIjuSIHtGP5HmgHhyZNS7avJqoVCHMaJKxaPlwgwhvg6YeP5GsjM1v1AJjxMGiaQX9Si2NQ6guW1OzLv/INovi02tphAYLrYScv41XoLz8Fedq/cnaQXv3wqmISXpSar+VC1jdGi8itQI1sQEeH20OZFQCoTMbDEjeXOxx7Ibs1HwNmEckWp+PnhooUOYHOPYeubgOStO4lRKFnUNikou4gMbqq8R9OZ6cVb+R4AEdphz5JPPgeQVT9f/VqJRBDjpF5uTy5vbAw1bEM+n/Cm0w23o6ORYGYbHZfLVmNWF2thRsNuZN6NQ1iK79V0RwVlTPbyXZdCLvjQDkHcRT9poqAoxn/8grMG1Jmt9HQB64BqfpiYdAJJd9wGzBTnR+R6dIwjHbJ9THU81HcxD7y5koO9sdUMJXO3ybN3lS8/6IvIqH0r3g/smtWrvz9xZEEfhxbXXG604jSLTTtq2UvOL1a9Y8ygWdciuDm3a44DciTaUJjb4qRZz9xyAKEaa4G86OEiFHJR59YFXpM+cDIyiCrJbfPHL3pqPzi3wgIw3pyNquPG4N5O9zw4146G44sY5e6eDNbDe3uR04A358wj5pqMVUMH6sQybEvN8Bvz5uQy3LwyZ65bBqkNoY3rVQcLypZ5b8acWvRB+7pFJyYpWVyj+PIxpM5ERpkhviEBFa8U9vQwYdXcqMAW43ieJa0tg71qHokIrC5y4pj3bkqyC919Vc67eZnTEIHr4eWDluH1WFsfvAwH/4zudm67tIB0FKWSnIb2heCju6qG5FWbXpszty8gWgG8vnlIAmztymx+Tc48NAGFYmjM63LmYfoBjUGNAURMj0oQREgj7IftoLkvYx5zVVm8jj4uKRFpJgJ+bCEGWwYwm9aya7TGS0q1F4sfO1vDjvOwP7G0vdZu2lspgPwUSC+IAONUIoF19N5NJgWxl04AZpPWbM9lG6JXpeDTmo0dOS1mI59YGhDxMggJSmwAt2PsdhHMjlT8f7HvZyPmrGlZ3xmiUc7X41+MwgE408DZXmxkZJnx7i427962Hfdb4V08Atx4uRve0kuNGXTCUYXniwMiAbRvCA7MLdS19QZWlQ2YnjEuF/Fg9vU9Df0xBQbIX5qR7HMGxAOS2St3yKvsh1qsOg6L3tJOVerKpWwpJXPU+Dtixe1FVQUEdYwIvbdrLtynPPdSs3Vuu7wpq6Pb84b4dviCxJ0rbUHxXW3jrwy1rT2bH/Q3MYlVacBPQMUrCTDA13TfwHBvEJq35DhVjFEtYpVhOymrlYPGBCw8n8AFqg6v0l7RF/LUzvgnnBi/2+8n2YLMve5FjeyuvgBIKjcQQh0GhfJ8gl+V9yA27Lsa8dscaZjsWi9hveQq55H4Xqa4UOSPMvYp3TumLWxZJ0GZP45vHP/sSDhEzz1zAj12XyIkEkpXFVFOUNHt0F0CFBDhThAXYgIU1NAm1id5JdxSWNnX7nqxHMSfjrkNlrnLHNrl7CFdzi1jnnWiPCizWLArW7AjL7Ch5z37sh5zeeA+QP1cAibytp5jGwn4mi+LCdX5HthK63ZuZOqTfYyTn+3Zm5FPRuO1XInWJr2u9of4bAoc4rKpYSxOLtPiAYqW0oZ+96XNYk71PIHI0bB3kWNkcIjdTdWqQDU8sGzrS35Qcd+6SpZ7v4MuMOEJSVximneJvumPs5By7Xq7k3k0ncxd1o+Ilrl0bJmSynY0sxObc1jfjQDjbM1iNfYiJmNXlnHViqziU4425tW++ajHMV3cZrhY5Qpa0bauv/q3Ju+tsJzijk2mexM2Fr3ZAPMkhL25WqO4LjAUbhmmlFC92cB+DymGyyrLzpQQ1SFMSOH/CyOQssbnADNCF3zYWYaDD5iVO7PFVJmEsgKVdgkOWfb9rEVv2Oo0xyxmVGBFtDfJhKLgQAL0i8isut+RyXuZrvZFPoyuS3Mk8xgdS85Jpb64M6E0bJvUnQYB8jya6EoFe1POaTFytl57MhHGGf0YEq/4mYpYnvRHKC1ZVV7F8KLEtKj7jlOG4vRDmmWy+ee7kTi8IuCyYDtFjMx9OQ9NZz3W6ZBsv1grCB+5C9ymXdmqtPWutcdg6Ta4RW3phZUr+6MJ65Q29mE2mOPBvUnGv0pdy6KuAalYsYHQx2G0YTGr48ZA4t/pLqDf/YS5j+QID8Yx6rkMeUs+wQHVfHUBjgedAY8kp614B5uN2QuX6MBdFNNJgTPTXQRpPsHiJ0tESQ0Pdj5atk/Oorn5qu8MNRgol9fIQxjXQHRRnKY2GvZc76+pL/kwrtPWLu6ajEAFqykHbLIXRYWrO64OKk835I5d212syyUQAqkKyS+PaUu7aoJqo9qp4lCoJhSKzbZNErOu16sdm/GXqzJb9QMPSGaqVBCYfIv6AmMqh0Sq8ZFOG5aHUAaHU3b5YTA7U2AsljgHN9E8VjpL3XwUpboaHEJmPzKfJOaSJp9B7bHrCf3g/LIexlOhSpznssydSPGTdSCIu2Z/eo/hurpp4egQRsOEI0fUMcEJOYGIJSZ1eRrMUstfVuLfltqayNKSZB7kqJTIKzKfynl5yjjMiOQjPMx1UQSMIgJnRWax7di8vyXxhsWZh+z4ZaM56JeIqqMBVCkgmBEb4VixZfEEPJ/hFCy2qH6Mtja80CIsyBmpRuQ5ElHmqeGcd39jgFN/ftCdoyMYlIqcEumBjykWSmeSnBfiPEVb+A+hdM7Ij7bWKhTg1NrdSblAlF0D4GGlI/dwQ9LopvNsM3qVggCvgLPlgdzeWCM0KD52imwQb3rK+juz2+E5YqCyX/HS9f3CBSyPvduWbENGkwv6zYRJd3++i28hGCKcYBPvjQGQwfGfElvhMprkRarJYQI6ap6YyFzE6EgHPT3J2MECit9ld/3ZS3CtTtc7MXZ7DCNHpDmzsBWm761MztO2/H4Bq9Jqf4CjF78+dwRTCYfwKZ/uf3fOO2o1MPZ7IvOenHdsHi/WTTsHIvPenHecpmbK7QlV6Rhnw9pJDMXJJXgrXpKqosEpy3pqCe3AjdR4uj16niA4HsqinSxL10zJLSZeZD6T867tpTT9s0QrLi3p9Ody5npM51l5IREB37CLB7tG+CVk9JmInrkxZdbj5YHT5Zx305xJ4rT+4zlzs2TDRNT358wtycgV1BEI4f3WnQmK3xx3QHZ1CT/sJir/xRxBh7h74cI/KSjVsnD8vpx326XhIU7KB3Le7T2rZTIUD9GmoCI3KNC7vnnoYZTFI0pRf3/Oe1jXzVXH4Odz5uGDQ52JD+W8R3Spi7ikEfupKf0cYoJHs4+0KLYwRSJCH59gy2TLnAS8lNdHxUw4g/GFnHkMSs+Z/GSGNtjP1i3E/XLfPBY1TRuEL+XM48ZCl/GvXO6pnCLz5lXv8XB66Fz/cs48CQAcyDz+Ss48ec6wiVPVcnpl8T6Y856SaK7re2U0kN1qSZthSULydkZw/DEZX5HZuBmDrAtWppcBqxudjqw48YUblEgj+1FMySL3RVhepCXK3QcD4xdTX44qRBFRKE715dJZVzINrUcjXldxrAFJ14mbCBRfKsudtm9IZNc6E8QZEyr+zH61igz2J8RUcATVne4+Z38wu5I6SF+KLjQ6HBVgebdb9hBMXoFd1xATm6olCqKGQAtlse2cdAsB7wAOnCIBjfgIWzBFpGfKos8SfD7m4Fss5lJqOxclE933zo8wfmsSHXErNfbWqjg7QEYSNfI9bA321O6gO4z+TKVN8IMTrX1mEzL05sDbgz3rL9lby2g0IQDgmg3mpGSs8yZDQ0XZiGTZY8qN5zyHM91o3sbYojv9EGgHbDq2N9XK+QjQ5iaoRB/qiyvTrO4LFqggBg0kGpcKpBiW704ZdzmcT6YEECCRbaF7A9HiBsvwuGv770cQJgU5pDOMSmL5OC6TGskWwckEFzaFO15QeTE8DSP4iO0flYOSWqbibNLt9+DS+Lml6r3lgXgBJOYwPzMvRJzTuGHzEnqB8iJuDEgrDbYX1s2LkK89jxSd7oCFTrrAHipl4kWbpGdvThPF47TTva/m12EKwRr/SXOta7w0mxKAwbqFCeioeTxmgQRcSpdxe8bR3lCL6fWjxgtNNPcHnpqFOP/VnJcdCvvS50PNyNeIBwuFUOe9A349Zx55/upZ/M2ceaJquHmN5+UkVexGLLB2zbxdLF535Jb6vHzCB7c6Y1YiOTMMsRa2ZDXOd6T3P2SOxPkSGwQYU3DRHJ2KiOl21hzTpJtRHHlodi0J/p2wDbe6V0aMPICT0dKkFovznZx3Srppe7KYss/Pm2t2oLRlw2cmb65V6lUmAlYAF/RKc38eidjGvRFuCicy4vci+OsUUcw79qpvrkeTOTRifR/hLo82x31ZPXsXzcvz3o0Kag9SoJvOx2oamZfmvZtnsSqHYgOZEe4wOW9u0XaKjHpvl80/Yc41GLZdv1XLKpxDTGYqt/sC86CphC2ujHsFxhzDD9qDp3E4UFVWdl9i7G9j7zq/It+arI7xv7qjGizRg4f0RsPpefnNpGT1aw8u8DcyH13xHgZ3SNJZOJYKGf5XcODDnsp+1gEhlexYQuwRMn86zLNIjASBBQ4u9LAeeiWWugtENxmgtwTeY2gW3PYAirNBPxmj76yYx2o/lXnt5svy5nGTZdctMl/ImCcsj7w1+d9mza0cwrON+DiNOGC0D5YsbtiJ2ltYgq1hcottYZF5JQGZdQxsYdxfaprI3gWkj77EXx6DZHm4s1Pa3ZeQ/dEFKcyp59mNKlu1vr2v16CYWY53rstnVShlbNpNr6zNVekk8555wRjkekI9Kuhn+hidzi7KKiCayJ/vcriPtiP6jSGWYtbbvUIT3sr0atjqYcjrdEjU6cj0cPhR6Z8Om/GL7UKjtMFyjdkzDXZR2/baXMjxh75vy1n7zk48lf38mP7G4qB9T6Uv5geBOKFx7Jb3AskWhTlBy5yXVEvZaSxTyE4Pg+akurL4alZH+cRKfcAJoEKMX2hU6xJq2OahPobZ4mxJDma8BLUsmupzTkF6wwa0vVlcqHRey0jHHrFgK9A8VO7lVwq6cKzVmgXrlHTaVkR+oVbVy8T22h2JTOXuVrsShva+XrauVwpz6Vd38vYtZFl4yK3IPa9t97bParWxBUXBOqLCX6tWauVtQNrIUY6AkswxWbS225U10sfjjp+oFxqk5D6kcJggn6zZm3+nTofb7c2GvEKblF0jbwzogZee+kjj18KPkLuOozH76mmnzcbbFl5/AChXv+oVeZWaWtKLG5JXD26kIZu6KXnr4GaVVPI6wi1wJk3dat81IPWg5ZcQHmwLkjcNbltfvIRwu6UVFz0kHr72wMaZF8N483cfRqVDImPHK5ser9zSeOXT47USy32VXoh8jxwi36NXy/fYAREq8PgB4FVyPZHI9SQN2NSpRK7XaB8SuV4LR8LZdVZ8pK5flusNtiAR3o0pud5kacVFN8dyLYztNTPj35Z+A8KbsxGzmaMcPmIaXI4wXVfvknyZIChbt/h9px2THVyezvA/WBgs6M04bXvuXRDzViZ5pJ8rqnJWIJAveRzDsWaF4otY0NvzZlUalkG2kPd45sgYw6HWvyANW/i78+Yo56MpyHvzOC0zfdHPAt6X51RO/H6bfUdevhMoF3z6IVui8YVU3Q/lCWVw4mZzb8qZU8+N2vvj+XBPvl4aY92H4xKNkl+2j/vxQRyYiy7O2cHruxgXfDhvrlsqaMlFjQFLhC3/St5czyEVrNj8i1bMDcuvkN2oAtaL6Bb0try5CUZdl96TNTf3hnJ13+bvy5pb8KJ1bb6zbGHvz5pbLU5LIosW+MGsedCFWVdv0VvIR7PmwdpYCuvDWXNbJRlTNu0sZPhr5ga2c0SC1RqacLMouu2yHnZSX/1Xh1w1zdf71i1daYJyVcw4qUzyibRsg6mkOTI54m7hdof1iUw+yWyjuTHKynq7gilrawH51XQ+jXikoBHFozqVjtEKj+PWPlTXhJsT1GoU2pI8Cb/bdTHPtWbzjF5fP9WorEOX1DVVuGhvdjYE89p4SpO+jsh3qxmyoMrcAnD9QlwsTIMkk8juTfg5C3BhdmFf9gWsh3kvWajq8ZTx5Z4Y08/dlryfxewC6/sZgMQYUuhscBUFlw7/pSTDqDoDvCcZpe/FFdZQX51zNMCpqs4FEIzXjdZknkvaF50HXZiW2gRYZSYdUGA/PxSoeS32QlOd+NxYQH5X/cRBvypFAsl1R3rJnD4FuKB6wK6F7oSZXeAS2J5Hswm0lOBlTdoHkk9asptWG04pIxdvHpfE+wvsV2FYUg+thd89ZZMayIbNZZCvBHIn9uDdvRfZEHLqSWnUYWF9qItTjRTlWKIzkUI9OxiTUCzzHqQ3FGe3OZORoquNuEwp2MXLX/pqDlokt3J107pdoGC9IVeYZXrIx/O0Hr4zg+n2BsqrN1y+HaLJYC70X48oTy+ZMHRhNJlcjH9vQS5MLkylT8TFni969bSJBOSrzklJV7YCVDGfY2yX0FqLz2OhjRUiTqie3JmRhi5pC/AYpk0nTcZ0l0g5Xv29NLDaN+9HP6eLZraEaGQ+wLQ5k7awYD4Aw4VYhVpMPj0WfgDEDqtg9QFLS3q+YT++XX1ArE47DOHH3m26o8zQzSUn9xNRyF3cVGelWU45EZIP13G+xGaxO7sbUEbnHkom6yAad0l6K9f0vD6AjhtgQncHXKI3ME/jquHAvi5HgEn5GyMiGQXCMelXtgOr76laVXtgbuFCAkDfZGMMaWxL+GGUPDB0J/mplHlZIFQoFUXYEyJliKALCxyxKonNC+Wz/TgpBXnzvUTkRlRf35vFtjbEyyLLQePyZ4/kFZXOxuLzPoH90k5GqHBsZJcXNdaaJZcLNwqtJGcdP5dZYWlonqmQWrWp7dipPFJZW8MlS/JHXT62+scWnyM6vuRYntBc8l2jk5p13yo6Jc7cgvVrahxm0Td5mcOahWvFWcSBa6W/nXXdAphcZb9eybKAcTbLKiydvoEl2X7YhsyN8QxZuHqZHTH0NrNq7CJhczsE6LDQMkAWgAMWLDslmZieAlTxkLKTjVlsdxguKx9fxew83iDxbpfpSIvoyiVJm8+g6ppS6p9FUWLcjszyVrwMaTFrU9KmYbNkV3/P7iARCFa1YiPPYrX2u6PDadH4xXQBao8D54kBFY+r7AzkQUNyJl0nRSzoLuNR+SOQu5hGB0YTGhFNNxGcSSMxammye9oF8wVoHWjBfBFaCUxX+CILkbWfB6mmSDqZfwmKc5Hn5yFzOO6WIup3SS2AXQAzvxC3afkQwzB1qa9dXewGursMhUURz0FR+NqNQowL5W6cXqqnaNX+Go5PXJ5YvqtodmMUV0s+3xrEWE0bIjpuMhwZEVXBfynE+LbJyHwz72XXH6D0AVmUdUVEM9fntxFMh5SVRjAnCd5HwZMDKcashNFMn519xzN+L87L4l3AhXQfJjAvz3pBemWSdnpL+eev4BimILbdJSQa+Rjth5zQsaTLEEMGb4cwzRh/VQxFn3AihSRZoBUUoCFju5pUdCuDujo18SOlZMHmBSt0TX8RxAE+ABGbtLz4A810RAV/BC9Zc5bUC1ewIUk7zUv2qrzxjwxlPL3+4gUDP06zsMgCE/QHRPAoyGjCQbOWuGy4cjbpCvK9GbFUxnRel/tYK2yFGOSeEKyWxRtcJSYo6xWtmiNXs+R6QgjbvBiBTxkmeWUrLiZsdmhPWuBhQ1m2MFJmsZp4asbt18DI+vFun3SgX3IjkbmanJv1nfjSiPiGkE95nLKK2DgEq2u4WW8J1W0bKPHc6ubstS/LI4ELwgYxKHDr4xLwgfmoEYgXMMvOfImll6ESU9EzMSUKssOddQ40iWCgqtmyWLPh8wb9JcRkDSlSg7Yqh6OzCKZ6775nJx+c8lxapO0nfkUQsmQUyqQy8RqWJSrntrkL/yMn36fbrLF1JJ6qo5FPIIim0gjtOK6UNtpNWYxK24VihWiOkAG+GrZqGtk5kqKerng0lG/NLRo8ZvOOaekAG9oUROqcqDTKcV4wTqbyUn6q0ayyZRU3RMuvSeWl/FrcCtf8dU4VFhp5fVhBY8psmtEcK5kbZHvj/ProwHD8jYf+I5n/27F/xcphKicziS0Ilg1u1DV9NfPwAfEqIOGhZqZkzUvhaeLKI5m//nlYSffi5SvGnju43hYPlL8SnsRucxI0715u4e7v4P+jT2cr8psshoBEu6l+ijdsynj69iXnLnvVHh4WbF/Szu0aT95Cll9OxaNxr88xzlWie6Q8RkF0haTfKGzxCAgj2rjKhryhm924g7+5jTv5m9+4i78rG/IW7urGM/h7ZEOuW8lcP5q8u3dsrdnEHpA6TnQHhykkeUJwTm4I9BQzgsc1S6/+Xauft7luU/5ez4Z1k+cNNfkEx41lgd1U7vD35rL0+Ja16vqm0riVVKmgJofcg+pYEZ4PJjTE4zaxJbfrTayHiJnRGfvQsG5t48OEq4eji0LnEc/hzyPLa1L7UYViUdh8tHuz+zF6F+yxbenA45yFejwRVqn3BHeT7Im4zDyeFBbqgvbkM0Xh8ykEtHg8NVQBPU06c4cA7pTO3SVvbvN8erEsBc8olmVknhm2NBL1LGXh2Wf18T2taqljO/y9YXOzra9of1+1Lv35fueZ/0ANcyD9+sH4Syo/VNzsdFQuBfu6P6mi8O9evWRr1IkHr0zayhBLfjdmQF8LX2tudiytdaIJxMZ0JDfU2pOo6vEDtoD06VplHeNA6oxE5aQrWK5qoT1hP2p+NNa7BrEJHncVWi19ocS2eXsx/omQksQvahXGHx5E+GVMBDasU22sCYGK6+2aG+l1VLZKaM3S2WhX1m0KK1Rol+Rt89PpTyIcX+j9Q7A5m/VGorSPKFfWqnIpVes/slyVz+U2lYdHlxevgT8mltgTpaZdBJ5kR+LJTq5PlSdqJXw+DUstXNzRsFr+dFQ/hFLM8TPta+TP4hETfjZpoa1cfY++X07iBzocUBRVyQrJuHoleYm82BTT68tXYt176AH7QVGtDExvOk6ycTpVJxfDZFEQ8eYTNViJB9y2uRpjHAlL7WbNccLRBWMtqRNhq9pI+DoJ1zyu4YE2q1ZeK2plW72u065UpFXS1zPexaaF3yA94HmjyM+CbhIGed4sT9vmLcpJLKxbaULQST5IyPJ8sDwdqdtEagSMSRZxcXQin6k1ZbRq9UL7OZtao86619E1ET2ra3+ail2uFixyK0k9xyqWZe9YqG95kTq1ZMseujBJD3ND8vAyU9DBHlWptzYwstLiY9cqetf5cRgyO8MfzzyqtKslkk+wN1FtrafE0+5O0Wfdt5N5Rhgbtu/F2DA49sMT34fJqbST7PdTU8T9g9I/nj/EdlYPptqiaWixfoshjDN3kOnEmTvJbMaZu8hsxZmnk1FVlcwzyNwtGeXxXLIE3COLiR26v7VYan5Y5q+b2mT/tgwjoW8rqx8hFLOuVmW7fuDHiwkuRv3SaMDGVT5b7zVYIXUhZwGmkIVUF+o3sVCniyrAWZuDOMC2I3DD3lRuQ9UnnB4PiQ8evLkRlCSW0XK/VGz8sL0uam3KVfW1tlsiGq88OeRnjZmCRPxLYj2Mq+YtVfP10zztAecmbFqSdxAI8FoLaeRtye1OM3lF0tOEQKQEgF/AvBbcL1+wrWVDIsu9n106eosoly2JZInY7aRjNQFbEpvG+bWIGuq3sKNedqkF2Y/ohspkU4elqB+jT8KLozY+TicPcewpid/zz1xFi73NXMi9fcXFZ8zb2NAsoclX8lKj+i5G9aryCoUMrd+NgXTT0XsH9Da64/4k9QvaMXqsCbvpcr0yuZGGUCPFwLthoNIfzjXC6A4LBnGeCnIr+n3gRO634yJzH55fJcFwYGqpY2uRx+hpaVeuMqyJVlrtk8sjqYpCGj4ifb6fSkkRSq1S/ABSHHXd16gGlE5mHYHfF5igQlaRFZK+RUBUNCSKWOmoMfU2sTY8/eQKZpBcZc+wFnS2Cy1xVbLNhr4Qy/CSy8naHha2KqTzBSlfCa0225BFiCAHELW2TI2dkYb0Q02a9Sp7k+cOq3JKExL0QAnwDioU4C6o2+AduMe0xpRzZx/JfGm1sWm6XHuYmabuK8j4S7zYMcsQHB9J/Oak8Tj1mOJbS+TmpCFcaXMNRgdBErAgYz4orvgDXKlivk01ui3KJEMpO3sfM5K6bNa0YaBdQ4A8oim52SLXtR74blpmJ+nhh1cIiMpXOeJfmVUo9qXJpp0Omlq12LZ99Zws/CV8tO2iPT2ZS82PMSkW5W4iXrABKPqDHMC8SLWPLyGeSX7etiNUFnIvblZrognJJ3g8XZsr8sV6dxQF8FBKtnHL1ifQ3xail01OuNuVm5soLPEOVE+iBtAQW0OogIQnzgRP30JoyW4f5a2aBYWiu+/bEfqoskTrQcLvxf8iYC41vEJ5q9AoKbcLqLx4tKATc4ItqGAIxHpMHch8CrZl1OUEL+LwzluuSphwKFfzRE+CuJKjIwblM0zl82k2P43Qk0PHBoShiaxJFB0aa6B8VeaieQExtO50yjGP+RK1dmW7ab68gpKh6pH5CkqrWmS+iga59zTY/o5G3cvmawSrLEi3s8Kv+cYKISu9Ymu+uWJW9rozlsOB+daKWe3Rvvn2inckZkJruX65qJeyn8TakkPqVc+fJ8hlF1CTtUdjaCQyVxe7AFpWUVwmV9CuLhjQ1xRQDrk2zkF7QQ1JZ4PjddZYrEu1sb1V1V8P8pv4Mu2rwES9xJPdtp6+dUsy8Xc/UityxtpG940t362+gS7HJDLLjDE6c8fbF9CNfkLni4zRZL47mNXkd1ewFsGAjT8diXtvPs+IKSxUq3N/QGzxMvN9CSMnoAQhPx11r0RNnBaMxkqScTJbTX+V5siGKMiCzWC+RNeLYpp+ulbQEmX6G9daE8X7G9cKVSNjJV1Uz3YvDyPzo9SbDsAkMjtzw9SZyP1dqatFrt+ZNNWspdoRDkTPY7IdN0p0UTQoOTz7G+rQ4cSNvzp39L9Of5fGPTUfRBjBzmyyF8YCIbSVpLPJeNKNXJKRTnqpkSd/h/R6Jd3r1ZLO5AU/8evdciQcvyF+jrTfU8R16w4FaRqZujUBCyL5JXVeDAdOzf6oX5tMpiywYvAG+lnJ5UE5DMmVsYTuR4PmWFVUALk0H/kS5mfBRNAjW4pPL6p6msGpo8u3MLKF5dOMZSVjIaegffCSsp/BM+7jFLH6MUB6bBLf4e8DlFFLA+PNAoVsFJDKRG9/K4FMDfscM6x20fjy/h3KJbrG009j0PZckJ7PyOzrayX+VLSa4WDBGFfHjcG9Z4kOTuQzCBlEpqfc1X6TMzSbbiI2iTTCjJzAWSCZLyOZOJvC+YqHN0b/9cdMt6RchrQgk8zLzokTIoOxOCJwsjdUay1f/sRW9wf6sdEtda9XTfZwKrYYw29JXdIsapJgh3JWxsrhGvGmk2ge6UcnyPn32gs8tDqcd0fDnvQ6ms/kM6gAs5euaooA66qXS6ivyQZMf5xrEDdA32XQGCp/p7s3RDvVuYOLyLxk1cukaAJ50aqXRR+FlsRUe91RSMAYNlwbSgENEuKePxn1LQSa8op6krH9DaWVNLICKBbcOG1RbU2FRUmNHQU2JEOdSAptGbrN4qoVY0CMbV62yiZEUM0rYhz1sWOtNR4zpj+Yyv082Wp4CxSooM6Xhk5eXkTXBcWPXF0OnlY9LDxzTyqhvZF+SWYrkTHba3pgXkrTM8fZKxnNgSX/avRIX2TpUCvZCUqayfNN0VhHCLEont0RmcW3hTTqxFMcfbdw+xL8SHJBp0mUc5vgzAa2uky8C2BmCbhAzop3xQYsfgO0I3ORVV+2KHUCYHbGEkMlYNMpcEi1AHoSXkrlfbtdSkHUdUsRN/7KUAytdXpfz6RA0extsUDuSpQQK+aJbEbeuyjIPbasHOiWWBMj80b0XHLtQcQ0JM6x6uUt3jPuYv+yErfWAUdqYC3nLqlt6IFxgxEh7XdnF6LTkQo6YbNDuSX+XavOFOVg5fgVSlRiDEi6uWe7HZk3oAzDqHNFj3wxw6Ii8Su4b2UGNqhQgkYJQw51UQC7EHL0Ky/0WV3Lo4/7e3tdnHC4WEtowOy4q6yh1ypBeW2GBlOGv1C19LUYJ4MeugAEdveS2BHzDsbjKrSO4Jj0vRC3+0D9JKrO3kHv4lfLIcCr6y8iM2wvF/egvQjWevAmPZfrgUc9V7dO95FZWyPnqofQXegfadU7nk7fSLneuaq4TL3Z4vAZqc2E2DvpXs8yZt7GHO7pUqijm0nhqyplLcHOLnBWFW/PUiYIg2kpsYjjurrNshVQobQZ2q90mQ5zrMPsaTU19ONJNJrNfiMGSCigU9DcdvicTQ4bACLgBNhqtjmtrgpuxoIhrVvcrM0WZBxya4VShVDUGfCVbj4BlORnUbZbGzZ8sJLAK1tsR20p8NUEXihDI2nzSBqeMHiUCDe90jAI6BofORZ3NTnAOL7U2UVtfcNiAU+1dmq5pMbBHufxulW9ZlHUbrILrizakfv7tsgdaSyKrlsUlZfIXZ8uSDjjkG0BRTBQ08DCjec4/dksVrY7G5v1YqNQFeBNMTBp7eYYomNyiwiktLEovnW92eQ4m6ClRIY1bGQxHxQXFNq43wp6sAPVmVIKuC0GNIuLztui211ReOYc+zj65+APKUkLi8/+AiIaDyjVs4cRK0INNnHz9aIcoIeL7DX1CNcKaiYxJKH5SAciLC0Ce5TLbtYYQgd7dKNQR1KFdQYxGdnHJMD0KDzWqjCHFLVEEx93T1O+c1dIfbyCE8YzHVRQGCMrRwHUYohSDTzRAgWFZtjLpsqeJCNBl4BRmoz2kxPdXoY/ZRmeIvTUpCSehE+LZa+V4QnYHTFMTleXSu50JY1Cm5OtqwbsLle8UaitbYt7bMFPd2CrHldpzzNcMXpRS4GfGYPtCF1V7VmuvNOU35JVHIU/28GdoqXrpdG+x6FZphxyGuF7HYIrQss4hOEskNMji/B9ywii6RJ90CsfFuP7sSzUEjNDCpmjOvBByQ+QT5eojIH/IDkHRz0S8A9ZLS/cRbqwbLHL6nRZH+Q9rH4aeq2yg5rJr/1RMtQ08WmMfaqQJSxeZocClXv4eJeELKYT6LJmd4SkCeR3q2nWFCv3VFXBvVC4kXCxX9SLWxtE2cVJ9DPTp8nWwps+7QoPf3qH5ILpHZJLbuQ0YV7pQ5toNWQM06lW4elu3ZDyO+7aXYtYqiBbZvxCMeSot1MBxbQrcgNKY9USbnRfbBBH2QRN4oDATa2pX6D00HkOAxkaMn5Htn+yeeW0aEA+9kVj5P8P4RsAACi1L/1ggi293gBKchFXRRAQgzXqwQGcIx9rl0hW2AU89eF+xgBOxUZGVe+sairm6uoqWAKaTc2umBcGNfT+vUFZ4jbqADAMJNB7yzVwRADGJuWWAVIFSwViBXxfLFlKXzFa4JdwSYSvD2n4273C+pqVIX6rEv/75ADj10EDY18IOvmAoAhX4xjPHsN2TVmMdg6IhW38iYXrtJQINjBT0hgYKUkUmMFVD/gHgyZYpykSLN+FwW84KM1dEsvMVyQD50YTbPOTboRZiRHNmchheNaBgcUsB4Y1s5CMM2PRIM5mEmLMXwf8fIWoZwlfxtnJbJ6LpMZmncOeuY0U3/cSg9K3kBr41YuM8JWjDH/XONZ3hBLil6vnv0dZjN/PjeclM4LPiygZ6I0bDHs/jBG9Rg4weiuN+H6eMEqZutjQaj1ayzR45B0dLaKjoV1FyDTBjKxocRMzyYL4GxPhJIUShAG/ADmFxtayHE0Lo3vwNsJ2HiXwnqJpSWrw3ieousqA94+JqDxG8F5w5tQlELzlEkpqM9iAoghs4A1EIqiPgUco8EaBC5AuIEBD0ATvHhGdQXzzDhogDZMS84aGqOxK895mXCDLzFsG4ZgicN7QD4pz2ObNPRzqiDBvuUMSI5rznpYBboXnzTng+bGY93QDDQBgkbFZiDNvBRoGEIM4ZxjTjDHvBWNgMX7esphVEz3vHQGWnBjn7YNByHOe90/YD46xGSwK7pl30deaTr7v9rmAJUvpu6EWxGiB381zJVwS4bv5+5CGv3v37hXW12pWhvjdDryqEv+7G3Q9OcD43fInHMQZ0QoOGhj77iIuCDr5vFuSHgK9m2sBQRH27p8s7hxE79bBqsYxejcUaWmSLnpFacRnt4mszh7DdvunqimL0W4HUXBALGxjB1H9iYXrNrS6F0yQEsEG3rIEpqQx8N5TSEmiwHsagcFVD1jqB4MmeEejdJoiwRsKJd+FwTvo6Q0HpXkzcOqSWGbeCpquSAbOe8rUaIJt3vLSk26EeU8hKDGiOW8dKpHD8LynD3RgYMH1M6SLKsmBYc17KImFZJx5ywFg0SDOe4pkJiHGvIWOvg74efsYXSHqeU8dSPgyzjtIRylxLtrAyWyed1BRkdTYvH+IdA575g006WbJXJRBGym+714wdIlB6bvlJG+FdFGhQmrgdyvYPhrookF6kRG++wdIjjL83dMFaxzru7mCEUqI3y07AFqji/5w9fx3+3hibueiPkdZjN89nX5uPO/ukaPly4xoD5kRfN7Nw4MoGejdOgFExaGL7sQNhr175+Ug56LSD2NE75aKybIwF40aOcDo3VE1swjmojqVRnx2W4eobocuCh0hDdttKIkAwnNR/vOE0W7zBBQUMBfdJsTCNvbe2+ObEZWlTF1sbFnWmqcILIEuqnW01nbQrWU1rtWiVTSt7fhYjAfvrLqoV8u6GtU6llrbkKJpbQd9yoSh5RJysIH3dPvYaXlvNK29b1qD5Y2ptd7RUs2jt+7RsuwjR5jAffMAt8Wa6TdsWxyKLAjNffNAhdtizahZtbc4rpmUZmNjoxGlIWit7Yh0NQuHVaNmU3SpWbk2LhyV26Vmu1kWblw16toWS5Ww5Wq7cNm4FlQJ2S72jZuGbWvjqlHhslkY3DYWbllq9i2bwgU1i2KbbWvDplCjumGzXeo2K6d9W5sA443bhaNe0PmBagiy5nprWeahoxoOK7fFglFhtG07UNuw27dsd5tBZ0P10taylhdorWkMVVGzKLAedDZUQ9Ba1jQ0DR+tNY0dOaq726xbnBo3TEeG6q21DIVqKc03N/qUtby30aesdbZs9Clr6NZGnzIUSmsdDeXSIkdiee8UOZoiyxB0kkbSRLJmoIf0m1YFNRQYCuh2VWyr5FjIjcHF0BrBIasgi6ZzrAHSdz8KznB+IvporrcsB1CjjvhBU9Ybioba/NsXcHDxj8wQ5dXMOu2EuNyHGwTeS9GN5wOUQtnzHxiGAv8tn5ydYJreyRXWYJsOPkQvzg5IHX83T2o+jcOWN2PW+Z1FIGeinO7H4kj41EYiRnt8g5t/g5t/spYXtQioUZWBjGiTmGiTmGiTmMqoOC8CasS/MipOZVScX8TB9WO5K5PbIZPbIb8kieYnt0N4B7M0+WO5Kz2L9vVK9g/vWbQvwhdcqACx0cP6BD9MYdXpP+EcPhIzIf4TzuGzydO+5YUcH6awSgWIDcIXXHiOKd6f01m56efkmSinb3khx1MR4na/wuojeRdavnSrihrvZCZEt6qowTtlz3e/wmoP6xPsY7yy3KrXFT8T5VQxrE8wxxSvrHem9jr4waM09gl+jzHWRDsh7hOJisO9GvsEX5ANxf7LstDthLg/BEiN9xaEn4+XVmbDR0PHijHpRiAXXyxM1Ld8cv4W2SN/B3pxW2SPf4ggfovscV8feGU7GTEm+yPYMkGPjMyyPw6GI1YuYAm9sU9wv9EeX2/sE+yAYxe9sU+Qd+nUfjnqxOJIF1nLE+gbhl3cyoW4T2QJj/US7avDANP0UdYM6FPshnaqoN6xScxvkT2+Y5MY/iDcKOH6OXkmR0X419D6/QqrOjJE4d+jhNR3FVf8D/58ASTwFuyGHnDs4qE2//gLZsJ4B3pxHxbCI9GE1vNsbXgrhl3Ps7WBPwC64ldCBJF1neMvJsuCmCwLb6PHGcdLK/sG1sz/l2WBv5WqqFeyf/aXkUTzUmY88A8I4fEKPKnhH8fKk/ejQsKxtYGvkUj6OZ2VP9QV81dD59khp3ifC1gC4gfNjhVj8kfMIuhYMSb8gdRJex+SM3+jCqo7DrbhOkpQfiuExz9lwuCPFWPyGRJPPAE9/1m0L/4apnifrrPyrzMeeB2RWfhXGcj4H5+cH8ASHv5ciPt+hdXuONjm/QqrvAvZ4eHzUsB9laDwEUU3eohPzp+ggADe78CCfE9v0cMMZHQtXhrwTkaMSd/RwXJ3rBgT6yXalzUMFVKvizpxr0u0r05GjAm1kQhXDOsTfBFQI1lDc2hZd8MKI44ApezfEJnlH8NEj9mm49pDF4AjZhHsK9Tm37Oxodhaa+0V1ico6zQOW96aLNXh4OI4tjbsaxF46u/Aglylm3+v1xXzh7OAAN+H5Mx3AVL7I5RTnoACAhTZ+Nh/w7DrKVCr7I+C6fYdxlhlLVc5iupdXfN9AANJVqA1tosNg/HGRZHtYtW4njtbqq7FvXXhuFtqdxsH54bVbrNy1C1X28V2tWpv2RcYqNWuti0rR3XTbrNUOG3cGrWLjWuRhdty1ahYrZqWjY1L7WrbsiKo1e5WC0ftZt2wVO4a9Y3bxl2jYuNaaNuw1K4WjtqFy1K5am7YtrY4ancb95aFy65Rt9wttatta+O6Ud20W60btZt1u7BkQNcSnFu2q12SsHRVgQ0Ly0oNiwIFKzU2qzWutC0rClta2aylrqU17YklGVtfVVGooIWVlaWlVWW1ZaVVdbUly3IklzW1hnK+td5ljoDIUJlI1pGhWmsanMbWsvykH+wkrTWNoyyazqG1pqHXAOm7qbyFyFyHjoxFy5C7hpZryEhkuYZMQ2styz5hdA/uPEpgLUkNpuoqA47KYwQ7dQkEK6nN4KIIbOCgPgZW4I0CSxf0gDUETXBnEN+chkmJubIrzVwgy8yOKQJnxTls86GOCHMSI5oz4FZ4xvNjMdMAANbMZiHOPIAYxHlMM8YMFuNnqyZ6XnJinIU85/kHx9gcBffMazoDl9iu4gqOd4kFHLvgzwVq9Eq+Dxh7nO0nA7n4XYDUsIAF4R8Hw5GHUkDQ4OZfjxJSJ7yyUJt/Zsw6Accu+pCc8VJ0g0OAXCSg53VkiCLrbemWp/WxHYIAXQCeMOItRp34YtRp/2LUac3+WbN/rtFMGFcGiiuuVLuh61OTmOuUY5KrhUYiVwuNRK5bZI9VBjL4EZmxn9NZeV3g54S/G8LPq44RLH+GRNLLIXs0QzmtjIrD/82EBXM6KwG9siu+D8L6BPel7jKhxbteV/zURiI90YSWdGpvkT2KgBo91wfN7yqueBV0nvxt+Gh4J1dYu8NZQIB3coXVDSuMeCNiTHjPSwH3eSng+hkV0gmvrKzjGPG4dagr/h4lpKwQMOJ9IIkk/oQRb3e3PO0fkj0mkhkLU1jdP0Qv7nGKX9naYKi4AoQbJfw5K4z4B2MXn+mZpoNZmuQvBtGsA6mT7l/EwdUpe/6xOBLKkXyqoyJfGRWnhtY/YpThP+lGyQN6ZR+yt3gE6ALAw0J4fAJ52ndyhcXfr7D6Tq6w/scn5xycw+6J6fYg3CjhL0edeohPzg4DTFMP8cnJrY19gl1RRY2dKiguwGAbWfMmhhVGPNTm3z9O8ecw+Ya/5CX2V3wf/BdAKf8FUMoXQCnf5EgX/pBTvIlkxv5xivMfAqT2j1N8P05xN09q9vsVVrN0sHw3T2r4X5oZ4MUgmkVGZuFI0L7uHJPwf9NkCU1mjBcLE2355Dyj/8l17srWhreasKBEVBx+owrqwxRWHwnaF/8riSf+yXXuF8BwwFcxgoVXMYJFjjrJOsmbAtwrrE/wFVXUkLzE8o6E5MxbNhLZXVFFjW9gzdz39vi+0cEPbqi4AomZEFxPDgP9jArp0S7k4D0yMstfXWE9UZ10+2jYaSCg8m552s/0TMMfBpimz/RM83ZA6nL0Fq+GzlMNnSf/MV7Zl0wrW8DKE/DUFgE1GuOVZfTREBiGwlMmjDHDrh6GCqkpDAUDliY5Dy8NZM29Gu8SK2XGAxsvrewOLMhXCQpdZyWHW0CA3XFsbXiun5MueYn9NRJJ/H86WH4BQGpvNWHBb4jMwi/g4LrOeEDWshB9LYIaFUGNvsEOD0ksAn+L7PG3yB6vUp5pfovs8Z8yYVyrCCX4Bjs88GsVoQT9E87htYpQggmTb/qSHaurlGcafmWinPYdHSyvSSwC+44OlvxqtMfXl+xYRUZm4dciqFH/hHMoQ23+lXlpwLuXohs/tX/+wdjFiy0TvHRq/17RjZdObf5hBjL+CFDKUwFi46sMZPBnoESE5zD5ZiuEB78DC/JgkJx5PkAp/B2ok34SCKg8A2Osf6jlS/+Ec/iPYaIkEFC5UQUl6x+fnEneFLCyydN+FEw3Dtlb7K59weWxOBLuZ6BEhDcTFuyrFoYDrlE2FP8YJtpfhsOWv5J4AkoBQfzlkD0+4Qsue3t83OvgR4cxVv6bR0U+qbD6Y7yy3UvRjUASSe+iy9HypVuwG+L9jAqpS15i5+AcynrP0TmmePfjpZV1qM2//WgXcnSozT9ZU+mxCKjRKxChw8cvd+WrntSMoTb/PsQnJx/LUadvuwsTG1YYIWainP4dWJA0EFCZouWt1xV/ZxH4PETocBxbGzpmm44ZbHzsfoRy+i+2TNAzX3B5tzwtf6M9vke7kONf7sqbyZHkbyLLwo8ZdjkOtrGG9QluMzmSW9xgh4cfM+wSD27+fYUCgrjYjFnnJxVWx0BpZb99NPAm1CpjoLSy7ldY5eOfDpYdx9aG8RQsSNe+4MLHPFsb+phh1x6TORJ26dQedxhj7VwfNPkYhBslvQXhp5AdHvhYRForhvUJvtZaMaxPUMozjVVRRY23qqjBrSpqWFXUeCnPNA704rjWume+4NIb+wSNQC72rxKU/lWCYlVUUaN/laBwryOU0z64+acY1ieotZa1rKcVw/oErWF9gg84dtGHuuLeh+SMY5MYzbswzbswoLSyZ+xx1q0YdgGOXbwRyEUfbhCg66zsLQg/t8geuxwtXx4C5CL/Czi4HgLkIgTIxb09vv1aGA7oe3t8e3t8vA91xd2MWWcReIpn0b5kLZ95M2GBZFpZZIYo+8mIMXksYEG+DbXKJ5rQ8kwTo8xgmw7rJdrXJ5IZu5J4You5EPcfw0SPYSIuxOVixh5n/5QJQ2zBbsh6BxbkNUzx9jk4h1tkj01hKHCogx898wWXvuWTkzehVumEnml61nqJ9tXvwIJwa6KdELdPulHCt48GqIMfXDrV01twnwxRfjpYcnFeCrie+YKLeNKNko74QZOLO8E0dQt2Q3tcZSCj49jaIGvZMsWbAmOGXWSOhHZDiSa0lvAUaSSiI0OUNfvnxcJETmZCNNjhQQkRxIYAufjV4wxFmw5vn+ARKGCYIHuLtruwB4PkTBDwFBQwTG/FsKsLkFoXILUuQGq8h6FCeipAbDDxc8LxLrGyFkNt/nWsCiPeyUyIMcMuFXSe82AbPgRIzVBxBbf2ITnzkZFZLtG+eB/jlZWwY3WVIRevMuTiQwHDdJUhF7kaOs8GUsDN6azkVFyhhs7zMRjBUhkVZ/xhzdwHN/9s9Djb/1WCIqTnk7wpkGhCawErT/Zn6WD5iFsmELMI5ItRpxeyw8NXUYLC/2sEy19JPMEmT3sFSiu7VhFKcE0qrF6n3wdXnsQTV2mY6KpjJsSVU06vWxJN3/LJedWNRCRg4yOCLRNwzgojsnSwDCSRtGVgur01WVJB55nGYQsnEUACWwTUqG/55HyfDFFeLEz0Yc38XB80w1AhLUmikfXG1GF9gnw81BV/UmFVLEfLl8HNv77p50QMA0xT3/RzAnXwQ7EPyZkHSivjU/vHa80AMkdCRc5XfB/sIo1EFLkQ9xG3TMAVl+xYfRUjWMRTLr4DC/KTbpSIvRTd+Ek3Svh4ChbkxSwCBzf/+Hhq/7zXwQ9Ze7jEVj2pEdoOEdoOEdoOsbyQQwam21teyPF6chg4YhbBFzaB8IVNIPwdWJAvbAKBfxwj3h8giUavKx5n0b7GGyKz/GLUaZx1nfswVEh8rECEzmvehYm1eGnAxVm0r/fEdPM6Qjl9T0w33rkQ9y/NDCCZVsYDw1DYPY4R77UvuPQ4RjwmymlH/KDZMdt0fFAKuN+pgvqgFHD8ieqkfwQohYlyyque1HxSYVUGppuQHR74kh2rFwsT/RS7IR4ZmeVzTPEiQft6L0U3GHucSaaVfZYOlryLXtzL0fJFjpYvRsSYvOeaARKw8fF5KeBuVEHJwHTLkHhCCRHEZ77g0jHbdCzi4BJkQ9Hrok51UafBzb83YGmyS15i+Qsw2OblqNP+rx5nWde5pMJqR/yg+dEmMR1InbQDqZN2va64A6mTciFut2LYxa1Ldqw6mzzttt6BBels8rRRjlBOO6FnGi6WTu1uJ8QVz8E5FI/lrnSuD5rjB2MXXz3OuhYvDcZZtK9xFu3rZWC6yVrKQ7/cFa7IRDn9DIknFLkQN4qdEPfPqJD2hzWzhileLsBgGzAgNvh1xgNaGA6gOirSgdRJH2rzj3dFFTW6FcOuPrj517k+aPbBzT9utRPidslLbPfEdJuggABZy4djhl1NYSjsK7RP8KE2/6A2/w6QRMO97IS4f0j2aF2yY/VYHAl53xCZ5SuX8GzIH3dW8t6jhNQ3oVbpWbSvHmOsBixNUqBWGaIX99EmMUYeAoMLqFJ5hswRkSlCjCMiIyOapANSChAaxEgU1Vo7EuAgo4ZpcUQkEgmiICVF5ZNCOjZAOCiD5CBs2OJP1OoZthg78J1oylBM8QUjmRtvldtsHb7Ss/ljZ3YtKFu7ICpmK4bVFMnXFqNQgFLZw2XAaE98y3O98FAVFwdDbmaAyHYMUoHEiyy2UYDTfp2OTrectURaAmAG5xDJiRWLf2VIig0wV+2h4HPIqqdhn1vp40R2QFXD7rD5h+2bjZ4qC4lKr1565iJCfyBcD3aAdR69R9VVwOLmllfjEQvCH2pG4DRPDiHNNSgxMrwFNyUIPbTowXZTOoOLKsiHSDmdssIRvI+Dm/ejT6KjXJ9VcJ/ybq05L4uwC3Gugofc9ksx+an88kLh1FHJpPBJE55p3yZZJ+HSj/lUTpGI4XZ+e0Z06fbUQPKvyeSPyTa8QBVfIybCLo6IkSJg0wsh7lPU6JvPvcQ9rYJGk5/2vFZoABgP2z0Sk7pbSPnv5lxDTX3Gwi3pb8GWwHe3UOg3CKpNNodR7LX5T+k3olkvOe/pmVYDryTssA6w0s1f/wpBaFHXeaRcGKOD1VIongTM0fZ8/b5A/5meEvIypas7iAHcCC2rn51St0jCT5T5yhsiSUig2srbvhUP6Mkcy8jRr2gojTeC8UbA4F2ThPeQhZBw4IG1cliyApLckg0tY3VSBXFCVcoQuhTaD3cadHMIZXWM3ESphKbwK5v9L990eqO7dtuEdWO4XqrPq3mycI7qaCGB4MJSRVbKrMfPgrlRoDtZS8QCn0eSYyMx/rF1AyPV2HC6Jvljq8WVvziC5AlvJVAj8tc53Z+uxzCpspfhbN2/eUj4WFqdo9C0UFMtex924uB09hNI9nWC0SqdRIBCG5m+hWcV7KuN2Um11orbaKRLVeFENgKTTeTKB0NlSPryE42tXbVieix4L+nQwzxCfHsJc7yKPGfrAmDNQJisHNFIljFEfo2HQZvg+it8W6ri36rE4KIZPDa0BF9OIuBBCAcS9hj/2wQWg8T0rsz0sUkFtcrtS+hUh3EiUTSU254KDCvJQ6HH7lXPS+lNJguCS4rxDregvHjqOXOChybsYBq3If4zMzy1nQPmUx7c4EHAQGdOaiWDEOiPngtu8zVx2jCWOSlZdO4BMAVNwXFosbKNWut7aCL3H49ZMbaJUMRgsBmFnMQ+Vsckoq1QsvpwtuVjFgy9/A/uA5ndJIGUI1nuc7y4kCJjuEuUsiNCJ2SwSYzATwx8WyWhHfODQfGItVM+kCFNlA0tkwnm6PE1cOVnJ/xTR3pYrsRWYj8vUoAdCXkUCFpvcy/iafvdw5gfF97JoKNJhrzw6D2nNszgYcA6UHBub93iaHGa1qWI92QF4bk90uwWdUGgEkVGTxMd+ZUMKmMH0ruNn90e2yTR5QozcfeA79/BySCCfEr5OHew8EnoSJ/+0gx6I2zyQA9RbQEOJt4OtuChnKAIlEulehQdqqDUIGr6EybrYyqVkAhroh+T+O3fdkgAL7N9GxylfPhNB1/HfwfOozmseeOHJxkvbWA8+8WJquA7KAMTTmtf1x5RSH6SuC7KUsDVEI09mX2yGkRk4v+SesoHTQq4oduBNHyKzMwSHr1cb8mXXD6lP51SCa3rSe0V1T6ZlTDuFh8RF+nz80eW+pERk1OdvaJpNEwPM33x6ExMcOeoKfIFsV2ncteqp2kpwRT6uc5Cf6dIyZWTV6I0DYdL5OCFzhOC2O1XfdQh+crZa1p0p4Ga0OhCeD3n5YHYvouYZKstVTbxvC5IaujNDSF4VXNtSYtCoI2HQvLmh5tpKzxPI3o61Zj28Da0ek5SYFg52DNTH/DZesSqZk2/kveLHq7bsxorfYmGSD/s0RkvMTtvafmPFjivzFtzjo2wbnLPNdEfvYPNlCM5g4WD5Kz6zb1NFWGvUOTxrMAY9xJDmLkvLrzxnK3Fc9naKPcdw7Gr+l7uDbJUr3AYGXvh66RmYMjbg801B0fOBny+GXjy26Lfu1Apw4i9aqH0Oudgk7LS590IOpqimpzpBsJw/AMaEQwCzLQGh4e0AQ==(/figma)--&gt;\"></span><span style=\"white-space: pre-wrap;\">A story-driven team challenge where employees collaborate, question, and compete to solve the case.\r\n</span></p><ul role=\"list\"><li style=\"white-space: pre-wrap;\">Role-based activity (Investigator, Culprit, Witness, and more)</li><li style=\"white-space: pre-wrap;\"> Real-time questioning and deduction Tetst</li><li style=\"white-space: pre-wrap;\"> Time-bound challenges to maintain urgency</li><li style=\"white-space: pre-wrap;\"> Built for communication and strategic thinking</li></ul><p><span style=\"white-space: pre-wrap;\"></span></p><p><span style=\"white-space: pre-wrap;\">Builds stronger communication, sharper thinking, and real team collaboration in a high-energy environment.</span></p>', 'activities/TEOZeXmAJdCAs1KKU5r9c2hiXPctabJCo0X0yLea.jpg', 'activities/icons/kS2vRdgOZo4Yc8uD87fYHXb1TU7dFdrY8bSVKz4s.png', 'active', 900, 15, 1500, 300, 120, 600, 120, 5, 5, 5, 100, 50, 20, -10, -15, 1, 3, 420, 30, '2026-05-26 12:29:06', '2026-07-06 16:12:19');
INSERT INTO `activities` (`id`, `title`, `slug`, `description`, `cover_image`, `icon`, `status`, `lobby_wait_secs`, `entry_cutoff_mins`, `game_duration_secs`, `case_summary_view_secs`, `strategy_guide_delay_secs`, `clue_room_unlock_secs`, `question_response_secs`, `max_questions`, `group_size`, `auto_expire_days`, `win_bonus`, `participation_bonus`, `timely_response_bonus`, `no_response_penalty`, `wrong_vote_penalty`, `lie_detector_enabled`, `lie_detector_max_questions`, `lie_detector_timer_secs`, `lie_detector_voting_timer_secs`, `created_at`, `updated_at`) VALUES
(2, 'Cook & Create', 'cook-create', 'A fast-paced creative challenge where teams collaborate to build something unique under constraints.<br><br><span data-buffer=\"&lt;!--(figma)ZmlnLWtpd2lqAAAA7nwAALW9CZgkSXXYH5lZR/fcex+wy33fu8ulu67urpm6qKzu2VnLatVUVU8XU11VqqyencEXRgghhBBCCCOEEEYYIYwwwghhhFYIIYQQQgivMcYYY4QQxhhjjDHGGP9/70VkVlZPL7I+f//9djojXrx48eLFixcvXkRm/VWmPoii7oVB58p0YMwtp5vVxnbYKbQ7hv8azXJlu7RRaKxXQrLeZlhpp/K+YlcaZdJBWF1vFGqkMmHnXK1CIquJ7bAitHKKq5S3wzPV1na7UmsWpGa+0exU185thxvNzVp5e7O13i6Upf6KS26Xmw3Jr8b5dmWtXQk3AB0JS5VGZRtwa2P7OZuV9jmAR9PAdqVVE+CxcnVtjefxUq1aaXS2i21aLxVC4e1EirfTzc02/agIZyfDTrtSqNsS8qdc3vb4mmqjU2kXSp3qFp2sVWHMioaya9uVUrPRqJTobIqZmMPrDi+Oeb1e+aGV7Wqj1K7U4bdQo9TVAeMGHRn46myGi1ZvdH1rU7XS1i7cVNy8557tQqvVbm5BI0G9uXB5GDGCd5M20qZX6PXQBEB0sbzdbCgnRjNn29WOVPIak/6gtduNBqDBWKGjbYBUb25p0js7HPeH4wvt/ZHgNJqNeyrtJgWmWdZyoWBVrUBhBZApN0ub0kWSXqnQ2CqEpPz1dnOzRSJYaxfqgpcpNpu1SqGx3Wwh9U612QCY3UIezTapHMKQZ75WVbIrlVqt2goluYrkOvRblfJIu7K+WSu0t1vN2rl1JXKUphBYGbkt8I51KncLS8cZ2ZIAToTn6sWmKPjJaoPGGgpFJaqlMyKqa8KNQquyfbba2dh2da91A6YMXleSISvWmqUz5K4/Wy2v68S4AVp16emN9Uq5WiBx00Z1faPGPym+OYSA7ewtLrmNsNu1gjR669lCuFHd7tAyuQdtFdrVQlH5f3DHJW7TxHYJeZC7PUZx0/IhdE8n20MLYVgNGdBtKDc3pexhVyt4pabaSOHDE0LCTZtCgI+oN8ub2uojLf46BeQeZXPt5lkyj2butpqNUKkqE49R0ZSadcCW+mNFgtutQkcm+eO0OCX0xyugVi22CzqdnqD5taq2/ETN0ImKSP1JxfamWoon1wuNwjrdYw5XG+tAntJpFxrhWrNdJ/PUUj3cbldLydg9jckoCi5E7jgdyjy5s1IvVsqiKMymTrNzToV+F/OAebxWLSru01O9s5NUu/iMs5Vii/ZJPvNM5Vys1M+K09swo4rx7EKjWlf1ppUKldMd/x7tm7JB7nuL1QYCoGnt+PeFrUopUbDv7zBd0nV/oLQZdpoYr7U11Chd8oMN2oNdJa6CS5f+ULjbnQ7ODue7ncHluZ27t4fP2Sy0K5Qa1MpNMw/trTfVNPrIWCcS1pxskGTLzbOiyZnDZly2VWgXajWWBaxhncGwEyC3DK5V1gSarzTWt8sFdLugja9IHvO6KZlVyTipHNF0s4ZBJHcUMbcq9zRVK48h4HJlDXuhI1qqhGJ5jjOhKjUpPxFbpu0QjVFqJxNQfbPWqbYUeArV2sS4VhstnTfXbFTuLljTcm1po7LV1uR1Lao58PVNum2TNyBo4ezGVm1Tmr+p0GaaxN282eZiWdwSbtbr8LJ9erPBtFQCt6p1eVDYqlTQ3uJmkTkJ4ME6eVnJUPhm22rebcXRYNyvY4KFHSb8dmeDkViX+cFa367r+u2VC+0zFSHtu07KHAvErmI2iyyPZDOlZq2Z5LJqrbROLmRh0JRaYmqUm1g68iu2SpxdFbuBtpE8EjbXOsxnaJA7ulFoY4VcTtdtFjOrjMcrd5eQk+35iQ0d7ZMhq2CyIpzSVkhcU9tEVM2w2pEmrm11h2OnvUfDJuYIoEGjylWGhdaEVSBeApKnyoOliKSA0FRZOoAFCQwkp/QZ5q32LMtyeLpKIreF1ZPVL48lk9EgudJoVlVjV+18JHWkuocDFva6o4EdGzyodqVT0mFZq4oUPLRZeelYrQ4qOzuDnuvPkSqrTBv/qcD0otCU283WIuth4iqynOJPFGubwr5fxNgsgwJr70hlWOjqlY5a1iz9rArbuZjt/HoNxSGxkvC/KoahpF5BromqYpWEV7PZYqXm6dWaZzUB9x3Lfoiq4Y0UWkIps8gxU9slNW5ZIVoe9Caz7nw4GVMn9hdgGsVhwEh7SKp6prJQY3+5Wji/Io5IkIx4uclASMo7W9iSHvq1QVc8ls5suEcubgRmtjcqTge9xv7e+cFsczycRxBrF0SsplW9u1ILSXh0Ey9OMP3SZBzNZwtdy6ODwI2Uqwy8ekHWEh/G3RAHYQl/k0RmDYrlbVsj6zKKnQvns8nFQWE0vDAGLyFmsNOoGAmPJdsl/ebaGusGqcBWK3Wn2Jm4Z0hK1dVLbLhvjYyIVLoT2GzlOZvVmiyAOpgZp+diVq1znEXyTAiMegLKpR2X/MI12X4a+ZVU/g7yq6n8neSPpPJ3kT+ayj+d/LFU/hnkj5eq7VK69RMVzIa4m9tYGdvZkwLCGJc6tXMOdEpAMVadmQHsGoFRnAJd60Akr5MkJl605Xor0dOTIeMQ1HGL20BNsbJVESl5sXD94mQyGnTHzenAKiIS3GxYC8WgUU18OdJeuFlkTdK0f7carkBUWId6YzIbPm8ynndHVHcrQkqTmGoqaf80M7G6VlUpLGpvDWbzIUZFYM0WRamqRaaBzl2/PtmPBqX9WTSZIXOWwwI2nwJTajdDbEi1TdqrnKuIUWlpbZ9NhDbVwjawk9osMQPJZ1jheGR5lKo1Urm6rCRSJY8ahZpaSXREs6tiTcREHtnCnk1m9eFsJpwks11VjKenCUwwSwNLujqGfrkb7VqT6ZdwQwCZxbzy1Ky6adhSl8+cblXk6YVb8vBbZdkSBvXWXTwy61XJZfHURDK5yuXpZDY/OKEDfHpWOnwCN2tNDMCjV668GJDYD7/WvTLZn6/Phn1LJGPneGpAFmz7dsoHizqt7nw+mI0pAqva0knK0qUGzdPh3p9P2oNo+DxIJ4JTdlReCR9eklIz2Zntj3tOO/1yNRRvXmgato84GSQ8tZ/hwPWdkW2HTWfdO+yEeXjJMuCvtbEZjL1MlKBTwZt3/nkmJoMw54NEkolRZpHRxZSkFy+ifjjv9i7awc3EfdpgebkH6SoHHv4Dmy9Ns0YrKSwetVT9qXaVlK1o/SK6KNaOtK1QmuzD2MzVyz1QPcTvBikobHZEazMpUlkldXo/mg93rpB9QCqtQgknfqtit9iBzRcrnbPWb8rImJd2h6O+4yfjGjOWopdQjFVFKogOdGYwEAGP5YUdD3kwjBSEVj90XQHIrj2s3sPGo4kJVdEvAVBn1Kdab7H9JScl4NhRaU2ioagNyyagmLtCkQHdtIECRTs7k4UHZgggFFqAjXva4rTQnWKAHVM7KBUPlDEmgmat+hyNO4kNwrXC0ZXtFnlvs60qUcTH4RmUak31XDIsitvxrpV8drPFBqKyrdvu7fZmo1PVPVmO+VuuijupqpVPV2N50DZWmsXTGHCmF/oqqMAITym9BLYtBEU5cMEpAOVIlW4ySItenAIN06WcmsIaPdFarObkvXqTiBv7CtK+TduCgFob4j+TztgCfD1By9qcbrtyYLHFUW+NIJtKa6XMXoDnKmXsPeNqR8huNW2g4yhpK5MN1YtjSR67QP64bSJWwhM2S2hmS2qfRAnHVj1sD2/FR2GP15EdLt6KCAY0g71BXbSKt0ZQj6dvowRrbXapbrULUqB4ucukYHZhy6YgycqWa7HxtzBHLL+AxLRWFiBLanUBSCgdkeiWhTlKRxeQmNKxBchSQkwxIKF0wjLKIIIUEzu5BIzpnVqCWpLXLMESqtdqSw7qiF6XhsU0r08DLckb0qCE4o0Y4WoJZdfxuQn/nMio1WsB3Mwer4nHvoDcUulGWAM74sTHtkubxWqJAiOk44zHfiyV9WVu2O0UNWS6JkUZwVuCZG3dJVjOrj1JPh+2XGxnZR31ZLomALfbWgCO2JROECa4nR1Hl4Gds2KKjh0AbrC/BXx8g6ACzxNhbzYZjcrDmbVOMO/m2ndZrpC0LiO2LqZtLlZh0McwzgeUV+5usXJbO12CgniImvPWN1noPD8iVktjpPPGG01w8zTplyYj3CcvMzOrxrvAH/88f4IufzLWw6LyZXLeFf74bUBgLwD38ifY5U9GKYXzyZQKPUmbHeNNneUHwTYlCFvdmfGDnmQFRxMCux9+UhWCenc+G142Xm7vqU8l7+099Wk8/L2n3sEj2HuaADN7TxNgdu9pAsy1ujOWheq4P6Cef2F/2Df9FBdHjW+3ZhRe6o72B9Tx9nWbdrvx1xBro7s3MF6w090bjq6A70XiipAQzuZRbzaczskFggvPwy5V9vcGs2FvbXhhf8ZY4FC5wIhBX1EEEh5Dr4cbpLWZ5arhtNtjNizVJcCEPyTWT/MekSsXSziEwJpog3QwTQELTMhI07iLzANViHTtUncaMQsWVZi4GjbweGzHGb9VYR8urAcAtpOcbFA4EJFkFhCdXSeZS9FvxXJPs8UGhr/sY3AOSSg/oQqZwUmwqkwCnaNeONiD1LB3djC8sDtfQiK8Ll1KUKrsfIa9JZQFnRKuYTimx7sT2tNpg41gfbGIYYNwwgYGzXbDa8oK68fQbULWdrNVq9VZYJnchBftUpmJqSLOOSpgfVB/bVOlZwhHujYsC5P9WW9QHe9MjJ9jv3ZhOG4PdgaoLdA+quVZYANc8n3jj4bji8x014jCgl6qqZd4JhMp1eJoch5iEMlaQGU02JP5IHRz0nrz/HOZwdbsrrJxseFbeDOSqcoSjeVA6YB4Lswbo/jWfFNI78W0AWOnqEccGWcubbAYQJbwJIEdUjmhrDS2MbIVYuYA8w5fNuNkV0p4wZO9DpvgApvQHbRZ+uFneglc++At8uxWxaAB9Kf750fDaHfQLyWlih0cUuCqaXmmNol3DOinNcFoOH89WTZcvMudbPlszdVDWRt0RfTG/KXXIupDkSnd0ZJOcRqls8EvtUKBBzIreOpE4ZmVMALPHOFh2Tnmm+2ySGilsNaW8tVyQ1fTI43Nugj8KNteOd85hsMnOnm8bJ8nZD/M8yRRLXmeKhR0C35NyT6vJc4hz+tCm7++vaWhxBtkReF5Y3hWjzhuKoVn5XkzRkLgt5RKerB0a2g3LQ/a4ICH54OdM39bs90Q/m6XScXzIThoMv8eWu5oXOtha7WC9OPh9fW2zJ5HhNg8no9kTy/tP2qNPSbPR2/Y52M2bLuP7dj8455jn49v2ecTJE7B84m1taLkn9Rs6fPJ7Y4+n9Ky9Z/aOtMQOT2txrrH8w6ewued7U5N8nfxlPzTC8X2Fs9nFIpbkn8mT+H7WZx0Cp1nb8EQz+8p1s7K+HwvT8H7Pp6C9/2FMxvSjx8onVYd/8HSmhrkHyq1NF8obbYFr4ivKvkSq7I8y2uWfoWjA+FnjecdPNd53slzg2alvSpPoX96w/aH1taFn9pG87ToDds5dbAbVTxhns3TrWc+i2frdOtZQuc5p1vPfirP9unWU+/iGdZO16VehyMewd/ELZNx2RLvnOdZnsLH3fUzdYGfa9R0X3FPY/NMh+ffYpoLXz/MM+T5t7cQOM8faYUdgW/zFPiPts+0Jd9ttzbkeb69WZRx74XsBnn2O5aPQaehIYAdhknG78IWgXieu1u2fLhl+/3crTOqLxe32p02zxHPO3juhSEegDFjnpKf8LyT55TnXTx/jOfTec54PoNnxPOZPOc8RU77PJ/N81IY4jsYcy9PoXeZp9C7wlPoPY+n0Ps7PIXe3+Up9P4eT6H393kKvX/AU+g93wvDO4TgP/RKW8rhCyQhJH9cEkLzhZIQoj8hCaH6IkkI2Z+UhNB9sSSE8E9JQii/hISy+tOSEMovlYRQ/hlJCOWXSUIo/6wkhPLLJSGUf04SQvkVkhDKPy8JofxKEsrzL0hCKL9KEkL5H0lCKL9aEkL5FyUhlF8jCaH8S5IQyq+VhFD+ZUkI5deRuFMo/4okhPLrJSGU/7EkhPIbJCGUf1USQvmNkhDK/0QSQvlNkhDKvyYJofxmEncJ5V+XhFB+iySE8j+VhFB+qySE8m9IQii/TRJC+Z9JQii/XRJC+TclIZTfQeLpQvmfS0Iov1MSQvm3JCGU3yUJofzbkhDK75aEUP4XkhDK75GEUP4dSQjl95J4hlD+XUkI5fskIZR/TxJC+X2SEMq/Lwmh/H5JCOU/kIRQ/oAkhPIfSkIof5DEM4XyH0lCKH9IEkL5jyUhlD8sCaH8J5IQyh+RhFD+U0kI5Y9KQij/mSSE8sdIPEso/7kkhPLHJSGU/6UkhPL9khDK/0oSQvkTkhDK/1oSQvmTkhDK/0YSQvlTJNRE/VtJCOVPS0Io/ztJCOXPSEIo/3tJCOXPSkIo/wdJCOXPSUIo/4UkhPLnvYPhV1z8Ocu1eYbxYlffl81QvTudirPt+TuzyR7OlDef8NcX58l43vkr80FkAs9Gg40f7BIzlvxYdgZ4G/3uvKu4eRNsDfsD/Dg/xonu3JyNBKnVjebO1aM4mrE7wMHFgSEpnp00eHbQvTSAXxelAu/eyezizmhyr3on3hg8TVlM4ruD2TK6gNXVPj+ymN5Ueq5JnxaJHZVkc1XoPxcHyHgrc0qRgxftdvuTeyOS/i5eNRG1XbZAbKr6g3l3OCKVGSDOSPwcNleXiLgNiCmTzs0He3pGYYvyl4bnid/Qy1ViI9K4bdZdEjP+kf9/m+yxeZgha9Kr5/Gbd+djWiZ3RJkx/uNVB04Zu8tku+lPZLM1l81rcGkYDRGdwYHm4U66T+A8s0mNzMjLQXsc7Uxme2Zq8kNViNd6ZkVTnV12kmNhHdBqdwyQDXlVigRyykIYKTZnaE7eXEM+fWx7rTliIbuT/VG/JPzVu2MA8HPjbMIWhcqweTSSKiSO7ahsFdMN6Zs8c3wqPV3TIkykOTHYmzx3KM5+i1MnZJz3Tl5SPX2dZ661mwt2/9Ly2WF/vgtn1y1BN+xGK2+ud6JCxWRv/uieNOwyNwwF1WUeogKTzNi7aS5y2ehGu0VOeDFrR83NCYg5ckuks6IBf+hp39waSSPMx1XzoKk9uAgdZNc8ykE6zJ6ODOQ7PPPgS+6cqoAOjWV7g7E2t+3SB3v2tQS/fSiNPLQ7mssJBsw8bDwZRpbY2z3z8P5Ago+iDY/QAg1675pH9pDuZM+emlf75jueeUxvsjedjKHbmk2mBcIptpXIvDzrPRZJD2bTyUgHrSSCkl4MWI/M45bKNvYH9cF8d9JnYTKPr6aLUtVMNnWy1jxTK+iemYQ65v5GKH5VELbX2VrFQbHMErFFOybDDrbNzg4cU2s21jVFbK3UrhTYisgWwi9XUrmgIaJQGRGFgYtqx22PONJturRX3oyTmLvlYeLMm20gJ3AuZJGKbHG6pJdd1JNMYlxL0JjcYiDpaodtNGU41bJJJeHZ6LLGD+hpt4xdNn724uCKuWS8HaC14ThWZqyOQMrDCwNmTUCAh5yNOryA2S85F1/IcpJODmUeqhxZAbqXh1Gne4EZ4UmyIdMZAxuvKnqCalu/rrfblVAMm0wwvCSnLVXLMhf9SNJNlJhDmEFHTLe5H4ZGMBuZF+a8YyM9yNuChjSfNys73dHoPAcgwldkLnlH9oboCoM9nifdu8bWcuqbOc/csxTf73nZC6Mr090IH8LL9ZOrDhEehJc/P2IP/GP7E1n0PuR5p3agm0jzXZ63ust4ziB1sTi5DM59nnd0npwDEkeZuWhb1hx38EE/4erEaHJBpqqidCalWB7NnZ1oMGclNqveSRlhaFn67/O8a/uEtC4N+jXl/0U577qyBSzk7GTkeust9dZf9Ja1Zam3WPml3mYP9jZ3dW/zrlfQWOrtioOnerv6f9HbIwd7e7RvO1dT/untsY0UD8SIznPs1Y/McwlUWt/CRTWD3h5aObswmJs350x2QniiOm4M7kWlWEAWPWErneXQJ2mWObIgGc2TLhF8ZQmM08EQez6iIWbHnq17hpmVN9miE7bxV1iubXyPMbhX1xLmmZSdI6EancgmI7lC1IMUuTwTezIb1FJXaVjMd4azaJ5ITdqCoXQ+ty5Da/xVTPFely4UrR+2CPBSqPOLTtMHGV7VEdq/mni3f8m5Ebmrl8y8gqqyyIVI+EMrZiW1JK+WE8XCD5uxRiBND2nGTYs36TQNA3LJrVhFVkiEruB6d8YAu3FIM22j7qqRUlMyjcFcXENoam8R3R5j8zyCgvxJ+ny1TZEJgy3dDWWUYRSrZk0W5nF2b3cmo6s+sSAZ3xPNikzf88Ire+cnI8dDpBmYA92m45YiacUnfg65vZAODtaQLm4Wox+TRe3V3fZ9lAkKU2DsOVhxrN4XZ4PuxamI3TbnTdLE9f73+mAs7h/CtijBMsp+NFhDudbF60ckV8bqPHh46sOdneZ4dKXNWF7qjhQ7cM1W9/b25yIo9c4sXX+ZLhlngf3T0WWLcoA7R+yBinESBngPiIAiNH82pOCzXlJQAXSFdruSlenFmqHpap8NjfELktZAqH/RlkJeecIMaCGIfl6GTUTbFYigf466EcqKTCb702rffMEzgeoI6S8yo+0wkvmSh6stSx2SIPtlDEecDZX6Vz1OydKk/Nj+LDcXOuoPVBw3+ADlW65RtOyvwWgiApFwtf/XYYZ0oPxASHjg+zTXf6Dy9iDC2YsY3RAyD4h2dnB+iomoPiBCZ5cI/AOzITanNmQ/M7tS7X83JPz779KKYJRi97T6wGjd8aVuJFOqCk4Q40Tx4KANV+uNrgjt7lj2JVK6WC9QabteVC73RvsiK4DwMhp1z6t1vDQQC9Sc0n+qsjFDdUlTs4flwwxr5rAa1ov0q40QBxEvz5QrtUqnQoJDlAPYIfNqOh30m9P2/ljunYuj5VuDTx9e6Btvtj+uDcYXsDw0N7VnhH28Ld8LZoPzLGj95hg2LSjz17dQm/RYRufC5IuEvErnBb7xNWU3dMVBlR4iTGTUHqC1EQI0QY81ieaLEmaojov77DBmUjXjGGkLBQFkr2JDm2fZHdpOLfXDxjpgJpjFBDKa+m7MZB0zmJOcaz4lh7wDtYWMEFxZ4qg1wt4KW8h6d8huaXalOY1EOlL/xb7nLUNFZi+BUQcVmY4vlCwDTgyY596utBZ1JgUEPu6blx46HoMR6yLKxCCM0WZR4p3hYNSX4Y20MMV20ENQ88J8bUZj9Dozh8QWIhAC9DO7mOsdStSSqQ0B28/ja591ro1tQ0y7OP8gYGTWoKmrMNvgIAbWWIic5wM4k4AloKEbPHouJYnpbXVn3Quz7nQ3VZgbszAxMvm1UXfqJkS21dTzKRO/0uGtFUqVlr3j7XPSud6Qlw3IBPJOzmZR4JkQP26ghkh2rsyNlblkYhHIsuL4CNXWYfP9eSwJGcwv4kqzBQLEUGiUYp8tyZXQSVpkOoyKk1nfBScOQchG++fl9Pw8brw07kxSLuqR68as5PEMI7fcD/oM2F55IPtsCKwserG8nr4GTVsqq1Agq+pc8nTnm57xNG17/yqmaYgfKK6C2D04saev+JU7WNkzdqWNtBADhaW8ZNnTCAbHimI3W93EtYkIj7K1kAmNBmdH1pyL/9OZhK7XoAmAkLqX68WG2raU3x/vsGVnGoCUJrkyjDbjIpXhqmW7FNevdwkyxp5iL4Zaqp47+4SYNCzsdiadQXevtmBPGvEPNoK9x8gjjnihDefS7YXTJaSaO+G9cCrWJFJk8egw6kssLLtTh9PduuP/ivJILqyEqRGJqzjStDtDYWQZXGMIK1YDYMjmUYJvQ+UgGjMh0aI3okXF0f4sWXoWVwjio37Owsl57cGUE2CHlQRfDEda7pR/czyMi5Mr/6ZdqXF0nqbQlOkCzlqzfbbQlskMEvGQUHFs5KlAuIG5fDcQ+9Ll3dscuW5L0rcYxn/mXNq63ngT3WayHWAJ6A/3JQqaWUQ4szySCGcumuJ298HIR7uTe9ErYrPFAdrSbwgG083S2GLHgi1iw8W0dpkjtrLLHb3sEsfiOOFxXdyZyydm2tGO8PcW35zsSm/e7ptT+7GE3uqbayYqh7f55trzC/m/2TfXMf6zeTPu1PVwn2QerGVtZZFO3KDsSXA3GvQm4z76XXKQm8cSylILvWtujAboeN7c1hsNp0xOeVGNvt60CALeoujKwts9c6sLgFLwoNlgR7aOmIGk2duj6aC3P+rOCuMLyHiVOKgDVGVVcyQfep71dqQcrJqH9XYxaixkvcJ5NJgEVm/VPBzqYirJlVkeVe+JSAJ1baYJPnIBtqw4uT8qbl3ZccBHx8CEgit4zCGcuKLHRlPiKy7zuEVrB0k8/uog6RMSGyDGtoDHZyN4GiR9Ij2LR82ReJKC7Lje7WBPTsHOOdhTktGPsZ6aQGKcp+nYiaBjnDsSSIxzpxtql71roLw37TA74NOXlchBnzHsY3ie2Zm5EwFm0hB/YKa6IvFO9zaUSb0N5YVnKmd5+lfVkoMRqfhO/LiJ9gL19BezFXNu51BmeQ5l4zmUS8+hfDKHVqKLg3vvRklWJXGOxJGk7VCXWq1DhNdGbo3e7t5utss2prrWrlQwSHJK79f1+t1dO8Y7dfgFPA62MTH2Hl7W3sPL2Xt4+T2Opono7HHEDC97HDDDyR7Hyxxn7N0hZcf2OCReNcf3OCImULjHAfGqObnH8fCqObU2vIwrKp1KuL8Tq58lpCX6LH4gaN5cClm7BveQ8zU+M5DOBzYp3c/YpCBkO4IutNb0Io+Rm29WCvVCp129e/tOscJeCxvcInxtrbXfaRcaIca7sn0P2aDdlLvZ22KSMy4tQ511acHJpRra0oiLn9nrijDpxHsY8eVuOMZ11pIN5lJbemXr0oeOQCw98WuE9/sgc0nL34c/kyDYMd7SAt/fOVSM76XqPM6vEcSUuU3oFN+8E4NB8wNt6N1gX1J6H6AhCUPvcECxMewzk0RRGxztDGZb9GYyu6PMPu+ymcvdUFamkGjfQCktdzjd/6aePJkPQZtVJRrMLkkN6CasOAw/RVjLNOBn79FZkfyw8fr71pDRiI8Bmk+koDy4NOxZm24y8YjLlRa9weaVNsOOXrvyFcYZhVxxI0+oSCq2ZXSEpvgEtnKpdHZbj7G9A40w0JIxH0NoEWZHJrV2C/OIFbRTHw+SWpbmx9mmNfFlsLctF8PsCAH2WnCic9J0mq34lrYn6aTEl1x8VzsoNuUydoyZcdkEOesAMX6uri8hk8o7BoqM7QU2/rKpx6+0Np9Wkl7LexHbzYZ9/0DugLsXCL2rCNg+JDVDeXFnO37R9mr0Ag4fOyBZ9XxVMQtWKp9ClAuQWmSWdb/R5YRYZahYJtsobFXXmYE0YJq4UTV9U9gLz+oVPV+eyWsVgbuPrm+OZCocO8vFASgznDs4hgDj97ZBMHLMxsMrV8MWZLdbd25v3QXAL9XPyX2pwFIoJlxalhbvK6kJaRXalp7n3j3ybbWQXSFeOs7oyYht8PAyCuINJfCsZO4yPqtRNJfo5ty8ipkRXbogPn9DtofsvMhWy6wrA/MF1gdyzf35iA2obNcoZ7vBaLICSySUfB6MtQknsKG+mcge4mIEeGU/GhTOR5PR/nzgwtJsOHppoXzWN0d+jH0dKyXz6ygVisPe/vlhL+zuTUcotscJtURT29guw3nQaDKZlqAlh2onzi9L53P4g67/W+uOf+I9a9uNSsXdYy/UzhbOhSS8mp72yFtLxj8+l+rPMnoUZzAbqUVzvL8XillBXjSZcQsrlj+y0FCmJIvUhX22OzOXy2sn0amVqeyCZmPzPWY1Rcmt/0csNZc7GtlSoeFAxxZUHeT4OhtFVFoPEGE1XukxThcowZ0IWmx5QLgXxxsd0K+grBj2LUvHG0TdZCNeJhmEkuyICMxKPL3cJVov7LSbZwTiu29SBMl13EzlbrlNTirrtC+X3OYlky/O9qNdLC2KopMKGrgBh+xLFNG2n3q9zYQlfWGdlFe+Mu7uoRSqXmGi3MHObPBj++yzRXk4LbpgVzs/2ptM2J2LyQ44QlARHqiavcCGf6lSd3xBfNrTQ0EHsDCorJYRI5CUZCE2mPd2eSzRlFvWSWe/ythYBJlY2KBIM5H5NrtCjJVs/hE+QW4BG/9EpIlqHy3zbNqdHsNbOu8Ugdi7wFo6hd9CsCCSUaz2mYehlqwNRyOiLCiqZgty8G0ezjZNsyW6/0gmbpwJ6SDL4IoF6LvFj8bJGtLj2pAHXBzps7lGuQAhE+/oFD3ryDHba1fMMVuvGSvj8WFUJlDDxpg5dAKWNRSkQa8WtOcsalO3NoFNRJllXer5bL9dMogGF8TNV4lk2FcRpgilj+1FcAXBALChgVioLqISx2MEAYME03YckBsQVyXCVrRiPqizg02yReiNvBXD/pVFgakMQO272A4mhzi4ZzcqrFsb1Rq+7tq2La421rf1WypgMXdY0865EqnoF2a9hAv2I6hNwXloBA1ktsZZfzgmYGW3NWQDG6eocfRK3f3ZEA69/lD3VA2sI1lOpjSrJhr+W6N9XBzX2lQzzFGqWceLChdtR1ta1h6Murhtu7ZCdqpAW2FvYO9dUcUZEZJBeoAzdtMmd+EZLbZs2fr+aD4UdgazNQlwbtmxYcR6mGsGA9X30tF7vzShx+Lw1btyS0turDtT5N7GFD+Fh++ckcD6HqQysfuRTRyTnNTZXlwQAZSvlPWd3pXUK6KrSaOVcX/q9HLgkhK0gDX6N401BLO6Z7l7eYB9QGTibrYWxZmEIAlmxKgllOj1dIFjFxlIgWJxZchCUlLOFqlaLtf0DVhcCzWvZgGy91M4r3BVmXAFyPGQeYfnHMusiL/C0ytWavoBjuXW6kPbR1QjAigNvypIryWkUnRfTW+T+ijhIJQ5RHOVWrF51q6sGO6CGwfc37b9FFeqVWveEwdR3yRiopDyCuOxM7W4Bfjx8ysW+2FuERLadhHyzhIAlcXBT94iD+rVxnYMzkgmKcrWC3cnRfimdy+K8pZkUrpSarYblfa2RNw2ZaquJsvcEVn4GAv7ptVRzWlUfFm/jq2R2l4r1Kv6asdxzbqXHE5o5mzc+EnMRGXByylOoVDbbby5EvYDyDWMPN7wAnCtBbQKZfdS/HUW4N4Evt7mlCvnYN7QlMr6qsSN6Y9a3aSsxL25WRZu+STW9rq6tLdoHqd6s95woFsVJCil5qaSeJBCHFIMfLACBa3QKCGY7WqjXJEN7W1a4LAPlN2uZVKJrjYAPEQBDtnBHnq1ehjfm4uGvB6dXZSWcBEvcArU0s0RI96g0xAwhZJ8VqlarNasQJgUG3j2unHw5c1GK5qgjEtSa7acBDPLby5lr26opE6eWTlXqdlJZpo45WplvLbV/1a1od48rTHKpDLF2qYgZDsVVZvcOtERoZ8/hL5aVeZoTxt6E73tKaikeXYsHGEN5P5OcHVlqg37ar2sON7IAZOtbd7MdL6qggSs/fhUAoPssfTvReYtgecvcDGPcZPQ1cGQem8ASeGE3mGmZynK6XPfZBa164OuXMWVRV2MayiOLIEINesmMeeeM/B+bNZTvKYocLIyFPreDiFHIUfan09cCs/QQrWRtwcmM5+wpbBZ1iddXq11azszjtnLsSOIwWsS5wCWtzRDvdjRwuWRw4MVHE+7GTpqVt3pR31yaeBCB5NR/4wurpyn4nmsJV6Fn8LdICgrQkLMVDlwgxXPRPKlOPLpqhMRGIxE7Mq0XvC6yJiMbTXa21k0NaLM+QaBpDf1plcGH+zCAKcH688q7HuuLk1W+kOO4aUDmfmQRX/OFqwaTZ71DCJ0kGZvNgNRKNMpQR70CxJODHqE7uNMRgpic79arsgXORlDc3aj2qkUm9b59/QdcjGzPnNuWz7l0tQPYwYhWALPlJryiUVSWdYAoinJt7Vya9X1ekFXgzxJiaqRXMHFu2gbDQq11oa88iOvfYulJeVhUKoNrI9k3D0Nhx0bCbmmyhobf79Bb6jGOT9kDUP9QrQQf2xRqbiJ98fTExPLBLeTfgnbSjQbacZ8gDks4tuc9hHZ5nh4uROLGuGp9zsbTqU2gg4SkWeYxJfChES2uP+85xHgmE1w5tqyBYrcyHG+bnNSy3OZwWwzJuTHIDtaAWSHg3tjhMgc9Rj7OWv7UcMpOFtuTvG7ct2DfrRtVdP38oe0j/WI24vMhwJOvlI4DZTMsW+ScBlLNZvAqkazPft1UCs/+4HQkNLnbFbkc5AAg8PJ2V4Hvf0ZO4K5hZmPIOR7u1FLOjfZj0ZXbD2ms2f8rqaF7UtsWBCDm4cm7+Hj9AcVQo8Eq4Rsdl+njLxfsakpP5ZNoLfP5aJ+FYdw4LYcmWHUsiek7DuYHjSXjbc+DDPufdn66Iz7nH7iKtSqYYUVqBzSRbNI6hW1kl5bMP6fZ9zOXu/S2UvDT5/udqOByRlfExb4jGlXpFCV6zNmZoJU1iLYY70jGEOeFvSssTURWXla0LOTbgjjdOJt3rJe3uePFmZMRfXOwDw/DYxl+q7A+0W3z/g93VwVRJdE0T7jmf9jd2/42JyzuKTlYDCM1ti9hgKj/V/2hlGIN81e20H+MZAmaxXRGz37FVMcl33Tku3QRfMV3/yqp9nyUg9+L94skv6natnWOK0ZX9hKoD8bHNgbvs+fPJcIcbiP9WWCEwCQMdLNjXlBYP4Nx4SX6pPJmFBWbTi6UpZ9FPBPcxgeTnbmbrMUCi8w+XY60JiMrRlwYv5ND4kfsmWFylvTRYv97/MD8xvecLw7mA1Zr5zAkGffvC4Gp+SmBW+ICxKRKfjXYrCLnyUFb04K9FRrUfDrcYGE0Bbgt8TgFD9JSILyf+FFCuwDFBSJUHzEjpjCLGJc8qepEmFYYB9NwSxTAv2zFFQ4EtjHLKwQvzQTma/nvQ9kFlFDDZ7g43je73uHsl1MUGH9/YyZWBh7k40B+w/0Jc62rDfEeR+7az0eicw3s95X8ADwkbqjVpfxXDgy5ttZ84cZN6i6t1+M6mt98zxaUujyRPw7pJIK6WsdfzddsFDiv2/BiReRUqrX+ebV7j7K8tR4ubcf392AerqRN8oN3x6L1uHFn4+vhyBCsSifcD5MzZqFM2oFfjp+f16V5V9LVNKyZos/iYhLd9DTfxMTGyShg6PmUxJgIyxRWq707QUVGYXyYCcyr8h6L/GXwMg3Mi/Nej9tr1lZYMiJUWS+k/X+wt1IVtl8zDM/tshakyQjipPoRCxwuSXy98YDJMpygSIwdO1BRBitMpbhwlybl8TXUPqDsa2o3f7ZZYaxiYTmxKfVE+2XcrozmUaF2aC4f94R+s3kckooN1zM633vm8m9YAXheb/B976lS0TspU7ijO3CNK5QEy/SZM3v+3sLT+j9gfmO2KrRRCL8f0Z8R5Ls3xlpgfyX9M33G+K0pVxFye1dM1lsQF81Nx4AWcTTCTS+lLZqbjoIs6hn5sx3DVpuMOr2LSzzePPQQ8C2Qicp2WIiytV480TzsKuAFnlT4CVWTnOjeXictkVbkk3dxb/ZPGIZYtHO4lPHF/Lm5rGLnC3+YZFQgzXVXDKPi9O26G8rOdGg93jm8XHGlv2IU7OOg5r3euav9DWjLau1JSJwk3FNzqnYCMmByj9YKmW4Ls/3u4QKFxjPZ+ImKLggsnjRDyZlGusfprHsAi7ySqO8II2CkZPX+wD/eBoc4t4ya+8ZzCYUvTBd1Ni3H5axH7W5bH7ikEKnA+Z55kWHlK7FJ4h/1/xkurjUnUbm75sXp2HJ2v18z/yUx+qL6Yupz80/saiJbfkwGF06ZF8ceTAn1+J9kW8RFUWgSskzfx6DawiI/L/04xep9DUSEdKbMnvdyzXUQc6L/j0O9wNdBMVK+d4/jgNwzGLxXfHuP4srkQKpg/XBwPyFP4fAJr5KTY+uYt7z5k88KWHlHg17eB8HSl8azCdyxiHXcDtrA0jCknml5/2pFxfs7CyXfNRL3vQxb8qZf++JcRJqb82Z+xfaKKDIvNvzXqisFYf94aLZf6SwzgzxKaL5AfNqhBdtdPvtTq1DGbJ6oz84+ErMTwaRvXjpHOwN1InxeXHqxdqcS9op8z2jSQ9HHnjepiz4eyVTx0Uzr/DMO4KJjDyRo1Wz4pIW7fugk1xhW00ytvD7I0wcodqj8rSgH+TQ1N4hMFNzLMnYwh9aPiE5nspahMIe21Q4PSVPCyrHx0xNXdto7c2BlFajpj1zBf3aJYCttyYwtdzvC8zvpk64m7Z79PS6q4C26jqWjPBHcrpwfTpvUTYi9cPsiRMot6bzFqVhQWpcOVe6LZW1CM+xEOYmJ023Jxlb2E7yIbJlQv5XjkQE4o6eHrLI2QrhDp7ZwmF79CJry++xFSxIMB6TBlicvzVQfzEy7/C9J7i0LdleiCoOrt1xAGQRd6Td9cFkbyDXQb/se3emARbngm05BgrWXcsgi7c7cZGmEc5cdDEuFPx3ZubMkMWaIzi2J9K1XwqWS8OLw2mVueqZ12rJJkuuzN74PG5uflnhixqd3WHvIiYqouxXDpSpjTK3El1N1JspofdMIvMu3/ujBfzOvvmgb96Tsb3TBetbvvmdjJzhyZ2bD/vmvZkE22n4R3zzJxl5vw1LyiSeTGuDHVauhQqibz/npRHaonUHMF6xwChO5oQ1D6Hy8wdxDiP0ygXSomQoXssUY4DhQ6y/cBBHj7ooXaC8SgOi7J2QYMQ6jEgYL7VL/8jjsI+gWyHC3Zy3RchyZvprEt8pnD9wP+IF/vmJOJt0O7kQ9SsOZjuRgF/vwNLzBPiPHVC7mkDf4KCoO7tBjIGYlTc5IE3ZiY00fs3BbFMJ+M0OLE0lwF93QG0qgb7FQUPVCQtmEUvL6p/6u5PYeUtENTcPNQ8+DG4nSyuS77WiiANTNiy+LmMLn6t56RdLMzxcTOctykhBrW5fFnlQ9tJ5i0KDgEqMBBZbDZnZMJcVeHrfflH3tLmieVu6xlZBsxsJ244gDfy5LWJFVL9zUfBxW0AgFje9Zf6lzVrnkfz9Nt/CD8FDwzpKrZb5yyWwtl8ldBzB0hdsUZpxW7Rm/soVyZd8XdX12UQ+sPhFW+LY0iEE+h+XoFYJAH/JgpWM0g8Hox2E82ULj10tqpi2+Rm23QAJsKFvg3tk6C8z6D9rwfpB3o75A5tzPLuRoqUP+MTJ6DTb4BXzhxy3Xo4zH1yqoVygI7o72TL/2pdwzYC1+xJ0lE/aHfbwZ7Leq1haqHnQMbovc4HdUFs+IPKZjPnngeSw9Pt7ODUA3qkAitdheNX8lmZtuYW8SyEgFDg3Z8nom99WiMVJgO9WIGh0Upr9F5q3SA70nhQoor90wXwuYz6lYGqmYP9WYdpBeqKapaIwNfPpRdFGoo9x4b/TwsLiA80N809t/wfydZjFnvWtGXZ+Y6zEencPq2Rf6P2kPxcjroMsYS/dxv60WDx7UzHEwGk8TAteuigo0taFxRrKsvoz9p6oklLX9qO++cUUrEMt88PmNSlQeXED85c8ToAQhWL9iHltCotwL77xpUGoFzdg+rfYZnPMo6604t9t3pUCyReaj5rfXvDK4QoKg4OLS4vZiW8rdigy95jfSTVFMHeAKsHPe9OY9S4Z/qkcf9cjE5ekenCfBFPn7Jwkj093iZW6K5fo3pdqINQX7EKm69xGr8Rc/9mC1eqCNDGDnPc5b6IfYbTIMfQtQVJBBwi56bmPeX3O/E/PXvHQNfslgfcRl5eDJVx2ew/kpYH3b2OJSWgOGuYVgfnaAlYhMgbkvy0gNfpvPYjXBubrC7jWxt3DF/zvCyj1LewbC1gJxWUIlVW2I4H3vxdlxcHzhoOrMf49R6QOo4Mvk1xveE1g/s+icgdBmNcF5r8TGXKgLWcNsuYXMt0kOheZtwXef/X30DW2RLL5wWUMvOcHC5QSY8IZp5x+vjUwfxgQaTvwA0XHzH/1FLqJWjrrvmr+BxGuEOadY1pmV8t2n9F9RaZv04e8Rf5Jz3wHtXmA4rgPLwvMx/0xk9C97AZMignEma96z3Wvk3/KM/8pcKROO9inPfNlMZEQtRG1/4w4+/LlTzGa4wv77M7MV7Lmx5GbA3d2EYv5atb8pp4tMvfkHEmpvSNnXuVrx93mDxF55jXxprbE2IlAE9fkl/xL7PcmLWbBeawF3qR5q5j6vamSe3vO/EZcl2ZwZ9VqfGTFfM2fEogUxzKU1oj7DTlXAc18dsX8YnCvHnTKq/tE7Ri0gflAxvycvwCX7A9O5NmGW2DZiiXcPz/neNcVvz9jft6Vl7o9IhsYdiYwJe8JzCtdSXU83Z8nd8U+lzW/7ArET5wPp8j0dQ6yMbnEeqcT5H0Z86uE3M4qPMSWX5QhQCT/BPmJAUBGjo2oKW+MgqbVQfmiI1cfzLt9kdPns+ZFDla5JAI2n816P+kgLVxTVosr9cF437oGX856P+UKlXlR2wajq6r7paz5ueC50WWpRkgiY/5joNrBUhQv9ZH5FEukr2BMOwvXUslv2RIqWM2PzFcz7B0UaNHPivuj4N+24PoAH7lfGoxGkflExrwmw/RAjRl4bLqEBNCcnaFeUxaW/pt/sLyFgSEAwpJqQ2cgfd0nVu1edH2lj6UaRnq+1x/gDTnTiDC/YGMO4XTAujdrcO7JSaj5CbBlZzVFJaQYxNdgUVFBrLz0tGn34yqh383MZUqw/n3TM//Lj6RCRyDKymtXzf9OwQibEwwxL7LNdgZ7oshy6OHm30/ZAoJe5xns162a30kDwsGUiKlo4FEOWvtDCZ7utbocHnCyxvL7nzigF0+nPSGU2zdfctl4fKj1Zd/VqmmJXBHuiCRelOXEzBU5guq8vThr/ksMt1Va3f0Is/WSrPkqGtzCQJSHMo1FNb9tR4bYYGW8v7eG3WW+mK9nzf/y4gIRSlzwjaz5h34Xx6Q9GGPRIHBikbOOeVEMg3UjKomjcvIqoEUuDfQIC21RO9O0V9SvuRpq0St7Q3iK77jewsPlbHF9zsTooGYXWT1BeFA6b1GazEgUL71lYSvzqKuhFv2c5SQkIAmJyHze9560DLJ4aASha5VEJC7w95knL0Ms2vmRDsg6rlyEVfCekspbjN4Ow4bORRfLw0gFhTyiq4AWGcuntCdryMMzLH9J1iJcOo9JW/pVoceaRx6EWdS7iZX2mdj6czp0zDzVPPEAyCL+aI9RlPsIRzRhgT8Q4TFUWadnIVKUU4eblyEWrdZ1d2pfFJg/4FhXVnXNf9gzT11kLXLfAhI+t9zSmTe/rkEQgnW7IY3MzUc88/bADkuRwbZ6FosKwdwrZytM/S/53ks8xlbVWrSKspd5kfqgi8/x/6j5FdwQCRyEe8zKXXpOf17v8FyUZte8ybMtdmClEIVb65KA4D9ziKgSmtRjnwOTLGjnzTsgm8AYKIj8c29Hri7pPmA2GMfz8qh5p6OSrFMvDDiBoAwDmjrXqqn+xJLJmg94Y9A5BCCrVuIzvvlDPXwaHXjB6BO++WBcIH6kWOYYAcb+KC5bCLQqgoN5Qfikbz50NUYB84u1Y83lKN38sSKg2moo++Zfafe7GOEZB/MiOndxQByswphNh8hc/I9P251qCZo0iahkCFrm3y0IyNG+UHgAAp/xLg6ucDhw4QLCfGPOfNa7NGG7UJG1trU74/gIEf+FJ5yKdyCaVBzsTGb4JZw9SAf73n9yJ641XKaIkLb3n705IyxnCSJ58/yc+S8MCIzuNjmPRclhFEdvghXlZIU0jPyEPwKfnaPbMb+YGDpLmhJ4W868zOecZLc+wFwr6HV583IOIbDjnASL28NfVR4WrV/woyFrD4GN+ASz1R0PWH89DqG7PXqicfaNTr0m8+d1K+ZtvgT+28x28/oV8880V5jPZ8PzxLAi884V85epijW5E4hY3s4aEccXLw2qEu2niS8l37ZQRu/PE5aNISWM5v4eMpBd1dR8iP15UiZhn+KVEN+Hko9mzHuTEoFRiP+Q996dhrIsf9Uz/yIBtQdE3dB6Vds3sAFPSoQVPcOPzCfz5ncSeAd9GDcwmXTnM/6cBWL5Ns/HA/OuTIwc9iZTCHw67/0H+TIMtdC5q7v0u+pmMybz7mXz8Yz5AshR8onX13N6FkwRlTJ5X2B+Bh9d1FJfl1nH/DAB7nOwUF5CP2k+l4hU3auWbII43/a93wv6h75C83Wf44MIJx0GDxR9wze/L9QPedPlmz7Hxa6WctNhhmqINzJT74vBeYUJ21/zOdGaMhc6BJ8kivO6TKS0nM0jXJg5z7yE7JbjPGS4+jJc/zM+9GafEBdS8mXPfCw4UAfwC1cJPQ+JvI7cS++Vy6z0fSk1HG4GM+xujH4G43HUvCBwdz4G8t0BLaiyhr42Y34iI8vUZGcnZKbsRzJc71kx/9FnMKAYmzQBfz1j/siB68zbPtoj4G9lzIcIZOEvCaKlYt6wYv4YDlO3gWDswz4zFTeLLc17A/Mn7LAIk+Cb7uAMmjevmH/lW3vArFXTQU+/5GFpe2Le2/bIcrHOvHXFfIrJrlDruh01/9bvT3ocn3JKmqb9lhXz76B96ar7pJzoBd7nrLdagCwHl+Kz1obnrdg+rxyrilu2V8x/ZoO2h9ud/KDGCz3UJ4a5X9B4kWf+B/bC+urIdMwp9QjDw+jSMqL4efxtJqY7LUUNgP14vFct0qvUJ93u98zXKdrp7o/mS3WQT5+dMD4pCke0c1EPah/GfVfooorsebTOHwd70BpW6Ns6019hH0WT4+r1xTd7/jvki0lBdbyGfMVmviQzS+jCCv/b6fL1wLw8OO9W3ch8boWQRaSTvETriPR1qSyDNFr6MNEW64+M7Qt971WZXro0TCph9VEfjO2E9joTATFeM3pKP75FwD3AzrO24RZQtMb4R0T/zb9UAyTZUvorXs/3zf10sYJjcUW7WAIuWPTxa1SBlNxdaWIxUJp11umpVY1vHF4Y9yBv/keqo45BW/ObhxawC/N+PLPPTqPevejgEnH5QuC9NLOXgK6U4lZh/qh5UWaxe27ZwMSavFZ0cXBmOC8xbjpVPPPizBA1VCi5X8v0aNvhJ0N3v29+XgsqlwlIiNg+H3g/k7Fumv2aUIlSEQ5tf5vwKSIQbClvYPjh520KSngsD3DDkutWvxqbv1IaB1rf8cxvMAgSU1wqgtW/UoIEafXHW1TO5sV4iUFvt0tAQN/Wwtysen+gEKmKYsoQWNy3rJq/DLrDEmWdXeRBjHrVfFWJCiymwADA4OcVHjdGkNn8yRKkJu94EWwIzJ9m0vAqCsVMp72+XjX+LJ0pUV5084B+/HnQZTPD2OCWocOe+VfBbjcqDgaYVmsd2oMxMhTj8AltVEfPih0xSmTbM//68JKFLv8HlJ/+VBEg/qG5b9X8G63S1JCpLlMvY61V7mUgWyxXdPyTihSzWxar87nAfEahTu9gnXArnftJVKkEvGXVpzXqXmFIm0QJkYKYhp9V6hVx1NRofozYEXUUUKKkJlIE7w2KF+pcUMSXeuZtmT3izcrnUfNq+d7seYL2JvB+MdPbiziJoRfI85uB+dUAwAE/40UZ80YBt/EKxZxo6EkKXpoxHwnsl0AGs/Ti8kuYMQst7Wl8miVY/SJYZnWMC22VpfJXZ8w/ScqXSl6VMb+c6ap1HejngEqssBcQ92DUb2hUQz6Q+gtopaDo4lJzzuOrA/3qXnnWZd0UWvevmH+UgjF9K/YnibT0kyvmDYwRBFjUYMFC3w1nDhqHWxT+3lXzp8H51NXydnyF/cMY7Uy6RLiW+eNu5Hw0MD+X2d0/LxpTcB4wIjevz5g3BXtd+eY6jrbscbWhN2TMB1O3xoXCO/N4jUxD1ZEWijudm3flzVdi50YaZETQ4P+GC3XBNY5E3pjZm0hbiddlPp43P53BKR2M2MnE/ok5br4VXBxc0Z3+lvi05nN587+WQaJJ9+fNhzOY+cWHvlXZ3r9q/idrigTcN3CHxPh9YNV8OyAqDnfaqxcxFJmYXhPham3zQcJdwUF2lOaHVs135PoAgWUGQ5x185FV82dMhdKIMCnH15keCbrdN/8nIZEcn5w0z0+62bQe5HHzDxNQebE//5UMg6wBZVV48+FV84IFXhIqjsyrs+bNSUH6Kubrs+bXORPAdggiM5vWiFfmzU/hwkISX3FtMivECOYbee+DsTFPoLYa3flI3vxRZk6YJDLfyqOOeAwcrVbsHRTzHY4F7T0J5SqeOpF5yYp5mSyAtcGFbu/KgQOh12ciNRTMeHxqiQ4QH+XU0PxGJpoOekUN1IvUv5Y1/2wBAg/PeC4+w9sVWmIYtCQJ9h81v6klCu2ITAtyjiiCoewdizLrvsUXSv+5FlTF2m509drW7ynEOk5ZAt6SsxFhsr+vWaWjbSxHi99/oLR0IGz8B1quFtS+nfFRGfLeYHcywmdEPL+VzpdG8mp+bYi8r/Rk8KjwoTTCYr0qCG9/nOlbZTo9nJeJUnrmt92YdRjEAqG9nW4P13PHvNwzH8noz2YgWDlVYgDNG9ikWGBNLPuiJDJv9Lw/z6wPqTslkLfDxLcBGhNsrlc7hv94bNgftGt2NvQlKH+Bb3ycWFflE4HxLtgSuuNrUn6pLQgP0QvfJ+LGCR8Lm/H2pxE7u+6eZHwZ/3jZNn4+ws6oQ5EbJjLpI5S8yU/xRhidt3he/K7wrvFHGjDS6MSuCXpqzlwuywaDIEmLgNSoLRMCIhlprrk/59ChJrIx9h00XE7jSVHMiRZGdDfhxzvIjzQtOJ8J7Ls7S4u1nxXfAWl4wx4jgnykGZkP2FAPPvUAT1ycTHeauriYFUrO3UNoA5tqOFo9LRRPwkH8zSX39Ard2VvkVM/o1uTicFDk9FCWH0J6/rXnNbOB84UEQLH58jDqjboYoxltsGnCM6WFg2V4MnFZgMUe9q7Ea2VGYi9TjR+Sy2KMxpN7MYgEESwoZ1cml8vPBuoC2dwKKiqu3yz+hsBqAigP0j7rEWiMrrCzixzi0QSwjHhsOovfaohRj6dAy8gnMG4XiZQRFLaoJxPAMuKpSKeV7fE1LLESkovz16ZlHcZuvH90YI8ImMcMIZ6guNKiC5x8Gv9yIbFuXw1MYG/XaPZr8uaobeHuBRSkrIOeW0DBzTloaamJrwTMHB0na6hW5tLBLwZm1UJr7LpZ745g6ghrg3A03YllWsYvFhoNNQqm3izrO8Re57BW05gd/b1lp4epjpjAvWxrkk8nePFrt5gFwU510ATuXd0FcvLWrt8+dOvr3zB3r8x5/UF6EH3CRyNQ1AX4BkKP80O20y7WKd9dcdDu5RQ0G0OH45raHl0UKMjFBd3LywX5ESsbra7sYB+wBm51Wo0mvWF36R2+Ixcmkwssd7FCEzlkPM4zNBdDAtE9fZ3hMm2gScfsglCiCzKRQz04QMWXwZVxH+CJBbA46V+JcU8ugy3uKcclbffNNSkeFXBtt98vXiFSGNXQG9lcXMcAEWhuD/r7RHfr6hsCvr6nA2i1iGiruSE1Rk5QtCtjV1lzL7CHpUKtwtMr1cNkZ+HLPoPlV7KQtjZtR38cqCThM2JneJoMKVYxws2SHx7hAA1bmoHMWgoRq+zjvLATEQ39NhZ/R0vxgALPP4A8JJQWoxq/XuiUNrbtT2nKt/Uk09C3+akWs2qrG182PLq3sLxOpviNhtjaHtHYYcS5j7i+lARX1bVOLJ02XuU5m4WavI1pUlghfaQTB+jPsOLFK+whmTXSCUqaDmb8Qsh8KVf1uw2mXEnlhPUSA5Lari2+HvvijHd1eYVClhi6kkC1NWJPxltiShgpHcRCjNVQ3nSmcaNfsigXOvKutLR01Q5xwcvLLC9LGBXKhJVIMqUR+siGyXhzysuDqCdTHTG+wopkqaZFNqsblYIIQn6yzbj0HSQ9l76TtO/Sd5EOXFp+vi3j0vILbtlWoS3fEmnJhzxyNfvFhXyx1iydec5ms1Mht5JiIcWcr+8oKE/I7IusDTtYGVnYNSAsrs4lD8tmN7SlA7thPzmMIk4UeO4TvKiQgzokVG5AREfMRlyyjH/IRjpFungl3kCZ1zAKcaUY2Izx6MzUwQze7ySB05RfPRjojlwzl1yezQyhec+7CrFiRzmFKAF4b+Pqja/v71ogKMwJlxFhkvXrXfE7sJHJjtj+rBKYPWTOMJD0MbN2BWSvDpA1580Zk3Fp+x1Kdr8mu0SttFRsvK2nMuJmCaWBnbN2JCNaT7EpNRulQqfS4B85r1XbbOti6rdqhVJFflddV7jgKjowPhdSb3LKLjDt0FtQ9d5EbzyN+ZfA35rBTRuxhdUQgoLeTq9Se48E/q6DfeukG5BRsHbLW0IqLRotRFehR8jQW67QUm460guTcz8gbOxb+Z79vXl/TV/LD+rWxmbijcgyd5bOUps+OkfQf4eggfDZm4yJ56AeEbtGb1kLbG3hAmNTsXqmL4u/Dckq63B+QHPYce8RtaQOTMVDiQ2r8PA61bo8/cZmvajcLg9eayHwJZaDZZZ3Fk28k+Ztlpggk04cl6BE4GIptsRkxf8a4jFsCdMy41BCiC7utPm5LpHOKVnWZY+I5rAr8Q8y/h4Hp30SAXuee0uoMjs2WdQzkbgIHfz9OqExkx2M+0kmVxcKBV2NjTmCxsogmVZh035Qr9Ncl29ZCHw7Bvp1+82rYLPhUhmHJtntBJoNz1Rb24sP9eU0XyyUzjhAXgH6Sa6VsNLRVqR4u22HYdUGKGBN+MXL0FMkYTQjqGD8NYzGRMXEkw9w4i64i29qqpHmDmf0rW6yF40QmrtQqYD07zFifdcSbPxSES2wMFXFQrPDqGmr2XzOtlvGHnL+tHwpkFVvQKgIX0g+XoCW660Ckn5dDpFkoAecOKSX0A/KJFwqrFASqzx6d0mUh4S/5UytKBdoKRofhsaB0gpFEAnGqPOarvHwcymFI9G95BTbYnwEg7S1BDHllF9w8FNYXrK+yieZ3Bep/AVQvubUkIkYhO6jWvGXrTL2u1SLWlkLcN+xir8rm1uG2k1GfhkY70pWlsHJ/mN1qxpWi+q72g92YRQKZI7GX/g6lnxv67j7HUEUj6aUie2DfT6xjKOtX4V0coFk+Tic1qmr0A4nd01RP5mtDSYivNYBXc0Efp2Da4sJ9HoHtQ0k4Bu2Cu1qocG0astXdTrVirR3oxWlfsGLOotRuqleXXxS7Wb5blqcuUVKEkHeKkVJ7kH6ZbHkA2gP1mz8obHbNKdsdKrNhjR/++ILZQ/RUvextIfWDn4O7eH4dKnvpT2yuVVpt6tltG47PFcvNmvbTENjHrVxjs6BK/7fo/H4tsMK7dUgW0YibBjSivGYsNaUMaDvtK0EHqtfH5PPkdlPnz1O8+5rZBb0+Lu3W82wKn0g9wSs1iL3RP1ct00/qd6U1HanXdAPfUtavnj25EPgIoGnOHiKxFMdSLdkWvlpSxCpdkcMwVbKgnen/dbkdnNtTayoVLprGSS1nt4qdBBGu1pnfOwnBp+xALE7AfDMMgahWdvCOLufqgD4LPtrnrEIn12vlKuF7dJmW75CvO2W3+/RvrGA1LfvLG8zIvKJJvfh8+9dKtOME4J84/z7FBCXxqLQXnz/4UXSmx84vEgI/mCrWTu3TkZ1HMAPFdol5d52XPqiE5OiQlKEANIFxaSgKuGUxXwtnamc0299otf2o25lNxzKkevY3cJjJTa3suFO7i4tDPvHUoY9jVKhXKz7JVcGFE39Kj5EDBFsQP2FjQenIldf3PIEMi4LYVW9ZgTNVLP30+xSWYUC2ksu1pvXrEhTbmHSMHw9uaYNforWJ6F1NUKFUghmZpN72Rbg5/T0lBF2gYTTrlwwxNcfuWRGKbTFEZJgf8ttaCCUaunTcUuH4VVAokHcUBpZfLkT7uXXaVouD2KK4GcheKC0QtEDk5HLtR05xJKAFNgpWp93tA6iVChfEJzHJeZLGePbg+jEbaoNOW9YUPwiFA/BqM71u3E4iTgpDQaxqpS7MY55dQ5m01yAvafv1uELmy9n8EP15TqXW8IFFn/En1pz8YW/QgWrCatX4XYEwQRrNf2qo/08Lk9vY1PMt9WbZLCoIgJJ9fBr9PBQnAoIC6FFAKXxgl63ak3smICWIvUNSF1VXqFwQWbqCmQwLaqI0nbBdx98Mxo94OmIpe92LRr7dtJYqrxC4aIxAZrvIN1lPFzYcXdPJpX9kOU3wUiNZJmqwRzvmVMpDoqfz8S4NJnbCwEvyJrs3n407GnuhVmTs6Q7CbrvzSVdi3+czvG4FVNgX0iyJD7rorSekMS3nYwvwAPMLe9B/HL6FYDkrQGRmu4dTaddkafn8Fr42WMb+TBe/HnyJfk7REvQvVMg5CBizqmTgn1yQe3WbCIf8WH7PUZG1m+F/f5gB177xn/eZO/8cLDWtZ/jaFjxYltS1RtJxZchUrmTGl/Dy5YOxzPZhV+5HDB7ACfErzbYKVdxhKosuur+2ILgan+Dk7BUowU2FC7Q7mfiXrkp98qs2vctzeDQByM9D3Z7EwkSlEWr3sveZolmWeR1wsp9bCXi68m326sK4YANTfrlkMxUh81Vr0pdG/B4I7qWllneHuXMJFgErci8KWtW0lyuQolG2Rmxr5UjyLdlzRFCUhp+s40djUYTbcphfDJLVF2uKRZms+4VB/xE1hx3n/w4K191f3PWO7HUTduif0xeQ7BpVsg5UrGZ93icjaJ9NsfU2hlNuq6MM4bl+wxZ+4qALd01OdnA2sx7sibfG8568gEXyd9Hd2fudcA7yxb2/qxZtTgtuThngR+k26h5X06gLeSjWXNUu5nC+jBdl6kmDSozfrZPgESob0bmpGq6XHeMceijj4ChGUPKbriINtm4g90uf5g+psIP2RS66gLBGewWZgFSatdek8UeH4pUAeOAcXtVFgPvkBcqfIY9re93NY+CuvKqVusR5GDfjcyX4AmV4pCYkRsQDq31nBkJHKdBeyQPjQV2QduQNoXBVC/ekOrFMlIFDGHvIky+NhvPsdfRkSWt6ojSy66sKXFBnf08PPYD9svB1QZOZKNU2ZbfAQEQ6PZG/cxMEoLKVusF/SJwTuY/z7z1oUmtKKXtQrutUZHVLdxkpXyEPYxUOVqqtks1SR1L3Fr9OaHjtmC71axqcyfYiJer2BXSJy3VuOjUUpdaB2Ysth5hyT1qzR71vKF7EUB+Mc9BP53laCZNZUvm4nBEpIRIPjYboQNAzhekFI2py7kNNd/CECzVDC2altP4FFADC4EhwHG50twxb33gtpQbfOEUx1JvaS77aQsQtA6YH//4eH/vPLFz6DrQp7JWHwm6mbdnjb31HOO/E+M40nNljFlmKK9JupJ3sAhHGMJeDLgf2ziVuezy78ZW0NOBy74XU6HF7a58dcRB35c1qwsD4oAfwFikLIiDfiibNhgO+BEshkQN3Ss+hfOEyOj38QP95q/2z2TKlbXCZk3UwugXeEXZvGqjtSkg4m41NJBUUE111Q/2mf8iAQ/vUZ6c4F2WZxCmheVnXLG4lfJEtQZTSSQEMsq87Fhoo1RobBVCdlnl7c0qjRoLIOFp3lfkmLh8qW5g3pU1nhK73fg1pAu8i432zvNHAQ+MXlKRUtJDsQjVUWumYyFao021NRtTyCYUpm5p3HSUZorncgGdbisAOhl6nmSy7WRkkc1lIJ7EI/3n8UduwNmf47qHXGaBGbfuJa1bvpVBhuIw5jnZpmMQTaHGdP7fe1FKlA7ZTfVJ6z2BypAyWUm1BB63ebXs12eQg3P6xWH3lO0udiEGhkCoFPNHmynqoc4xeReKEh8XSGY2BZ6dlngzFiNum5NeQY3Mx2mhJGTSfgSsDccLt5h+Jhk/XPZD5IPN+uZLSd6zaI6r44hwP5PLYw2ShbSI86XLMTAhq3gsxtAKIJzKZvBIJ/cesLzuTcFs46BB4qzdTVfM0VUzLp5SGfhJzPQyaXo5l4XrM1SXBQ4ZPTByRzAZxObiBwIMixrnAevt5qYsap6NglfkNTdWs3qTIP12uXlWIlSmJD/axdOTtXGbYBB/NHrkFzrEFjeIu+lvoBRwoMNt+1lnKSZQvEnkUVraTMPdx8nV/MR3ucA+S5iZUrYXm3pmR9J+n9utk76tVk82V0s/X2LTWwO936Ug9967W3kCfetk+DzxLBiSDFmZjy6bPau4MkIoQPICvRVcPvl1ABNWJCBu1++Fi1Am3uqEFSiQkKQYWS115y+ksnRE5OiOHNKNWf2WV1ZFsRnciU3QsTlrHccJJJ0AVG4d3F7Zv1gOfSK364T9ZN8hYUAVs0mCoaTdAKfblA4af3XqQE5O6faGYGgDX2CJlKsqADOWMwIWWc8tjoN+U2GUsnPo2K8NItT8LloIcEWnRmk/0iswzFbKViUgVeQgeHEb1VzTIbJLHLPaEo5NqSXq4LU3i+I3+SWNTQanCywfMU5G3lnkmT0d6vjk8JBaG88RUL51rrOhwJV12Wiuhgo+Ep6t6mnE0TNN+Ww8qWPtzVAgx4uFUKLfJziVwquycjtZL7TPuLE9lfCsr0rRxlp1/XShzmaxLeNqyu1CabOm+8byZrPDXEMRJOsnWaLdFQBBDCCgqyH3TAwgwllRdrIxpOYC4rlwGl+UlTExN6TWedFK7Tvp+GLFtty4iG9WbN9BJogzd5KJ71Zs30UmG2fk1kUuzsi1i3yJWMl2HChZ0cR2fOFidaMZ/zbKdntTlfyIHk1gEmrVkA1wpyLHNkc3G4eBj5UXP5V3vCPmg8QJTRDhlZPpkzZTquiFoFOdZrm5oMBpZmmjQnxWtP2aA2WLkmtj3/y6+KfPr6/K+spJbmW8+HIBe/2aFHpxYRnrEBcSbOGhwYKCyRovxHTYt55abvqoodXbQMzeqQOi/HbbIU63X2SvtsMhZUXeimcAFvEU4sji12+3K532OSQPUH5LlGN5oLVzHLdU7ZzmPC7EbCd5cX5lm9/qsmYUks/WGE67I1fEZMPr1hK9T3vS+ANhQLtgvsXM3pKQsvXDRcUc/yx8umGzHaAnvtgciUmKYFjBRiQxtEjj/P6IaIFq5QtymA1CQez9hJH4yngwwm1r6CpILlNcVDAZpxn0xiRqQtpLDhyJFOnAkgwsD2xYlYcjI5JK5sU540WyD4ZnXOtDWCDetT/rDZK3KLuy2zAvyZnV/jLopTkTLINEI1gXX5Yzmf7k3vEFfBpOluPGshjGCFkMxr0rCygRhQivhzFo6tYWUF6+dz+LlP/mTo1yxmalvIjuSIHtGP5HmgHhyZNS7avJqoVCHMaJKxaPlwgwhvg6YeP5GsjM1v1AJjxMGiaQX9Si2NQ6guW1OzLv/INovi02tphAYLrYScv41XoLz8Fedq/cnaQXv3wqmISXpSar+VC1jdGi8itQI1sQEeH20OZFQCoTMbDEjeXOxx7Ibs1HwNmEckWp+PnhooUOYHOPYeubgOStO4lRKFnUNikou4gMbqq8R9OZ6cVb+R4AEdphz5JPPgeQVT9f/VqJRBDjpF5uTy5vbAw1bEM+n/Cm0w23o6ORYGYbHZfLVmNWF2thRsNuZN6NQ1iK79V0RwVlTPbyXZdCLvjQDkHcRT9poqAoxn/8grMG1Jmt9HQB64BqfpiYdAJJd9wGzBTnR+R6dIwjHbJ9THU81HcxD7y5koO9sdUMJXO3ybN3lS8/6IvIqH0r3g/smtWrvz9xZEEfhxbXXG604jSLTTtq2UvOL1a9Y8ygWdciuDm3a44DciTaUJjb4qRZz9xyAKEaa4G86OEiFHJR59YFXpM+cDIyiCrJbfPHL3pqPzi3wgIw3pyNquPG4N5O9zw4146G44sY5e6eDNbDe3uR04A358wj5pqMVUMH6sQybEvN8Bvz5uQy3LwyZ65bBqkNoY3rVQcLypZ5b8acWvRB+7pFJyYpWVyj+PIxpM5ERpkhviEBFa8U9vQwYdXcqMAW43ieJa0tg71qHokIrC5y4pj3bkqyC919Vc67eZnTEIHr4eWDluH1WFsfvAwH/4zudm67tIB0FKWSnIb2heCju6qG5FWbXpszty8gWgG8vnlIAmztymx+Tc48NAGFYmjM63LmYfoBjUGNAURMj0oQREgj7IftoLkvYx5zVVm8jj4uKRFpJgJ+bCEGWwYwm9aya7TGS0q1F4sfO1vDjvOwP7G0vdZu2lspgPwUSC+IAONUIoF19N5NJgWxl04AZpPWbM9lG6JXpeDTmo0dOS1mI59YGhDxMggJSmwAt2PsdhHMjlT8f7HvZyPmrGlZ3xmiUc7X41+MwgE408DZXmxkZJnx7i427962Hfdb4V08Atx4uRve0kuNGXTCUYXniwMiAbRvCA7MLdS19QZWlQ2YnjEuF/Fg9vU9Df0xBQbIX5qR7HMGxAOS2St3yKvsh1qsOg6L3tJOVerKpWwpJXPU+Dtixe1FVQUEdYwIvbdrLtynPPdSs3Vuu7wpq6Pb84b4dviCxJ0rbUHxXW3jrwy1rT2bH/Q3MYlVacBPQMUrCTDA13TfwHBvEJq35DhVjFEtYpVhOymrlYPGBCw8n8AFqg6v0l7RF/LUzvgnnBi/2+8n2YLMve5FjeyuvgBIKjcQQh0GhfJ8gl+V9yA27Lsa8dscaZjsWi9hveQq55H4Xqa4UOSPMvYp3TumLWxZJ0GZP45vHP/sSDhEzz1zAj12XyIkEkpXFVFOUNHt0F0CFBDhThAXYgIU1NAm1id5JdxSWNnX7nqxHMSfjrkNlrnLHNrl7CFdzi1jnnWiPCizWLArW7AjL7Ch5z37sh5zeeA+QP1cAibytp5jGwn4mi+LCdX5HthK63ZuZOqTfYyTn+3Zm5FPRuO1XInWJr2u9of4bAoc4rKpYSxOLtPiAYqW0oZ+96XNYk71PIHI0bB3kWNkcIjdTdWqQDU8sGzrS35Qcd+6SpZ7v4MuMOEJSVximneJvumPs5By7Xq7k3k0ncxd1o+Ilrl0bJmSynY0sxObc1jfjQDjbM1iNfYiJmNXlnHViqziU4425tW++ajHMV3cZrhY5Qpa0bauv/q3Ju+tsJzijk2mexM2Fr3ZAPMkhL25WqO4LjAUbhmmlFC92cB+DymGyyrLzpQQ1SFMSOH/CyOQssbnADNCF3zYWYaDD5iVO7PFVJmEsgKVdgkOWfb9rEVv2Oo0xyxmVGBFtDfJhKLgQAL0i8isut+RyXuZrvZFPoyuS3Mk8xgdS85Jpb64M6E0bJvUnQYB8jya6EoFe1POaTFytl57MhHGGf0YEq/4mYpYnvRHKC1ZVV7F8KLEtKj7jlOG4vRDmmWy+ee7kTi8IuCyYDtFjMx9OQ9NZz3W6ZBsv1grCB+5C9ymXdmqtPWutcdg6Ta4RW3phZUr+6MJ65Q29mE2mOPBvUnGv0pdy6KuAalYsYHQx2G0YTGr48ZA4t/pLqDf/YS5j+QID8Yx6rkMeUs+wQHVfHUBjgedAY8kp614B5uN2QuX6MBdFNNJgTPTXQRpPsHiJ0tESQ0Pdj5atk/Oorn5qu8MNRgol9fIQxjXQHRRnKY2GvZc76+pL/kwrtPWLu6ajEAFqykHbLIXRYWrO64OKk835I5d212syyUQAqkKyS+PaUu7aoJqo9qp4lCoJhSKzbZNErOu16sdm/GXqzJb9QMPSGaqVBCYfIv6AmMqh0Sq8ZFOG5aHUAaHU3b5YTA7U2AsljgHN9E8VjpL3XwUpboaHEJmPzKfJOaSJp9B7bHrCf3g/LIexlOhSpznssydSPGTdSCIu2Z/eo/hurpp4egQRsOEI0fUMcEJOYGIJSZ1eRrMUstfVuLfltqayNKSZB7kqJTIKzKfynl5yjjMiOQjPMx1UQSMIgJnRWax7di8vyXxhsWZh+z4ZaM56JeIqqMBVCkgmBEb4VixZfEEPJ/hFCy2qH6Mtja80CIsyBmpRuQ5ElHmqeGcd39jgFN/ftCdoyMYlIqcEumBjykWSmeSnBfiPEVb+A+hdM7Ij7bWKhTg1NrdSblAlF0D4GGlI/dwQ9LopvNsM3qVggCvgLPlgdzeWCM0KD52imwQb3rK+juz2+E5YqCyX/HS9f3CBSyPvduWbENGkwv6zYRJd3++i28hGCKcYBPvjQGQwfGfElvhMprkRarJYQI6ap6YyFzE6EgHPT3J2MECit9ld/3ZS3CtTtc7MXZ7DCNHpDmzsBWm761MztO2/H4Bq9Jqf4CjF78+dwRTCYfwKZ/uf3fOO2o1MPZ7IvOenHdsHi/WTTsHIvPenHecpmbK7QlV6Rhnw9pJDMXJJXgrXpKqosEpy3pqCe3AjdR4uj16niA4HsqinSxL10zJLSZeZD6T867tpTT9s0QrLi3p9Ody5npM51l5IREB37CLB7tG+CVk9JmInrkxZdbj5YHT5Zx305xJ4rT+4zlzs2TDRNT358wtycgV1BEI4f3WnQmK3xx3QHZ1CT/sJir/xRxBh7h74cI/KSjVsnD8vpx326XhIU7KB3Le7T2rZTIUD9GmoCI3KNC7vnnoYZTFI0pRf3/Oe1jXzVXH4Odz5uGDQ52JD+W8R3Spi7ikEfupKf0cYoJHs4+0KLYwRSJCH59gy2TLnAS8lNdHxUw4g/GFnHkMSs+Z/GSGNtjP1i3E/XLfPBY1TRuEL+XM48ZCl/GvXO6pnCLz5lXv8XB66Fz/cs48CQAcyDz+Ss48ec6wiVPVcnpl8T6Y856SaK7re2U0kN1qSZthSULydkZw/DEZX5HZuBmDrAtWppcBqxudjqw48YUblEgj+1FMySL3RVhepCXK3QcD4xdTX44qRBFRKE715dJZVzINrUcjXldxrAFJ14mbCBRfKsudtm9IZNc6E8QZEyr+zH61igz2J8RUcATVne4+Z38wu5I6SF+KLjQ6HBVgebdb9hBMXoFd1xATm6olCqKGQAtlse2cdAsB7wAOnCIBjfgIWzBFpGfKos8SfD7m4Fss5lJqOxclE933zo8wfmsSHXErNfbWqjg7QEYSNfI9bA321O6gO4z+TKVN8IMTrX1mEzL05sDbgz3rL9lby2g0IQDgmg3mpGSs8yZDQ0XZiGTZY8qN5zyHM91o3sbYojv9EGgHbDq2N9XK+QjQ5iaoRB/qiyvTrO4LFqggBg0kGpcKpBiW704ZdzmcT6YEECCRbaF7A9HiBsvwuGv770cQJgU5pDOMSmL5OC6TGskWwckEFzaFO15QeTE8DSP4iO0flYOSWqbibNLt9+DS+Lml6r3lgXgBJOYwPzMvRJzTuGHzEnqB8iJuDEgrDbYX1s2LkK89jxSd7oCFTrrAHipl4kWbpGdvThPF47TTva/m12EKwRr/SXOta7w0mxKAwbqFCeioeTxmgQRcSpdxe8bR3lCL6fWjxgtNNPcHnpqFOP/VnJcdCvvS50PNyNeIBwuFUOe9A349Zx55/upZ/M2ceaJquHmN5+UkVexGLLB2zbxdLF535Jb6vHzCB7c6Y1YiOTMMsRa2ZDXOd6T3P2SOxPkSGwQYU3DRHJ2KiOl21hzTpJtRHHlodi0J/p2wDbe6V0aMPICT0dKkFovznZx3Srppe7KYss/Pm2t2oLRlw2cmb65V6lUmAlYAF/RKc38eidjGvRFuCicy4vci+OsUUcw79qpvrkeTOTRifR/hLo82x31ZPXsXzcvz3o0Kag9SoJvOx2oamZfmvZtnsSqHYgOZEe4wOW9u0XaKjHpvl80/Yc41GLZdv1XLKpxDTGYqt/sC86CphC2ujHsFxhzDD9qDp3E4UFVWdl9i7G9j7zq/It+arI7xv7qjGizRg4f0RsPpefnNpGT1aw8u8DcyH13xHgZ3SNJZOJYKGf5XcODDnsp+1gEhlexYQuwRMn86zLNIjASBBQ4u9LAeeiWWugtENxmgtwTeY2gW3PYAirNBPxmj76yYx2o/lXnt5svy5nGTZdctMl/ImCcsj7w1+d9mza0cwrON+DiNOGC0D5YsbtiJ2ltYgq1hcottYZF5JQGZdQxsYdxfaprI3gWkj77EXx6DZHm4s1Pa3ZeQ/dEFKcyp59mNKlu1vr2v16CYWY53rstnVShlbNpNr6zNVekk8555wRjkekI9Kuhn+hidzi7KKiCayJ/vcriPtiP6jSGWYtbbvUIT3sr0atjqYcjrdEjU6cj0cPhR6Z8Om/GL7UKjtMFyjdkzDXZR2/baXMjxh75vy1n7zk48lf38mP7G4qB9T6Uv5geBOKFx7Jb3AskWhTlBy5yXVEvZaSxTyE4Pg+akurL4alZH+cRKfcAJoEKMX2hU6xJq2OahPobZ4mxJDma8BLUsmupzTkF6wwa0vVlcqHRey0jHHrFgK9A8VO7lVwq6cKzVmgXrlHTaVkR+oVbVy8T22h2JTOXuVrsShva+XrauVwpz6Vd38vYtZFl4yK3IPa9t97bParWxBUXBOqLCX6tWauVtQNrIUY6AkswxWbS225U10sfjjp+oFxqk5D6kcJggn6zZm3+nTofb7c2GvEKblF0jbwzogZee+kjj18KPkLuOozH76mmnzcbbFl5/AChXv+oVeZWaWtKLG5JXD26kIZu6KXnr4GaVVPI6wi1wJk3dat81IPWg5ZcQHmwLkjcNbltfvIRwu6UVFz0kHr72wMaZF8N483cfRqVDImPHK5ser9zSeOXT47USy32VXoh8jxwi36NXy/fYAREq8PgB4FVyPZHI9SQN2NSpRK7XaB8SuV4LR8LZdVZ8pK5flusNtiAR3o0pud5kacVFN8dyLYztNTPj35Z+A8KbsxGzmaMcPmIaXI4wXVfvknyZIChbt/h9px2THVyezvA/WBgs6M04bXvuXRDzViZ5pJ8rqnJWIJAveRzDsWaF4otY0NvzZlUalkG2kPd45sgYw6HWvyANW/i78+Yo56MpyHvzOC0zfdHPAt6X51RO/H6bfUdevhMoF3z6IVui8YVU3Q/lCWVw4mZzb8qZU8+N2vvj+XBPvl4aY92H4xKNkl+2j/vxQRyYiy7O2cHruxgXfDhvrlsqaMlFjQFLhC3/St5czyEVrNj8i1bMDcuvkN2oAtaL6Bb0try5CUZdl96TNTf3hnJ13+bvy5pb8KJ1bb6zbGHvz5pbLU5LIosW+MGsedCFWVdv0VvIR7PmwdpYCuvDWXNbJRlTNu0sZPhr5ga2c0SC1RqacLMouu2yHnZSX/1Xh1w1zdf71i1daYJyVcw4qUzyibRsg6mkOTI54m7hdof1iUw+yWyjuTHKynq7gilrawH51XQ+jXikoBHFozqVjtEKj+PWPlTXhJsT1GoU2pI8Cb/bdTHPtWbzjF5fP9WorEOX1DVVuGhvdjYE89p4SpO+jsh3qxmyoMrcAnD9QlwsTIMkk8juTfg5C3BhdmFf9gWsh3kvWajq8ZTx5Z4Y08/dlryfxewC6/sZgMQYUuhscBUFlw7/pSTDqDoDvCcZpe/FFdZQX51zNMCpqs4FEIzXjdZknkvaF50HXZiW2gRYZSYdUGA/PxSoeS32QlOd+NxYQH5X/cRBvypFAsl1R3rJnD4FuKB6wK6F7oSZXeAS2J5Hswm0lOBlTdoHkk9asptWG04pIxdvHpfE+wvsV2FYUg+thd89ZZMayIbNZZCvBHIn9uDdvRfZEHLqSWnUYWF9qItTjRTlWKIzkUI9OxiTUCzzHqQ3FGe3OZORoquNuEwp2MXLX/pqDlokt3J107pdoGC9IVeYZXrIx/O0Hr4zg+n2BsqrN1y+HaLJYC70X48oTy+ZMHRhNJlcjH9vQS5MLkylT8TFni969bSJBOSrzklJV7YCVDGfY2yX0FqLz2OhjRUiTqie3JmRhi5pC/AYpk0nTcZ0l0g5Xv29NLDaN+9HP6eLZraEaGQ+wLQ5k7awYD4Aw4VYhVpMPj0WfgDEDqtg9QFLS3q+YT++XX1ArE47DOHH3m26o8zQzSUn9xNRyF3cVGelWU45EZIP13G+xGaxO7sbUEbnHkom6yAad0l6K9f0vD6AjhtgQncHXKI3ME/jquHAvi5HgEn5GyMiGQXCMelXtgOr76laVXtgbuFCAkDfZGMMaWxL+GGUPDB0J/mplHlZIFQoFUXYEyJliKALCxyxKonNC+Wz/TgpBXnzvUTkRlRf35vFtjbEyyLLQePyZ4/kFZXOxuLzPoH90k5GqHBsZJcXNdaaJZcLNwqtJGcdP5dZYWlonqmQWrWp7dipPFJZW8MlS/JHXT62+scWnyM6vuRYntBc8l2jk5p13yo6Jc7cgvVrahxm0Td5mcOahWvFWcSBa6W/nXXdAphcZb9eybKAcTbLKiydvoEl2X7YhsyN8QxZuHqZHTH0NrNq7CJhczsE6LDQMkAWgAMWLDslmZieAlTxkLKTjVlsdxguKx9fxew83iDxbpfpSIvoyiVJm8+g6ppS6p9FUWLcjszyVrwMaTFrU9KmYbNkV3/P7iARCFa1YiPPYrX2u6PDadH4xXQBao8D54kBFY+r7AzkQUNyJl0nRSzoLuNR+SOQu5hGB0YTGhFNNxGcSSMxammye9oF8wVoHWjBfBFaCUxX+CILkbWfB6mmSDqZfwmKc5Hn5yFzOO6WIup3SS2AXQAzvxC3afkQwzB1qa9dXewGursMhUURz0FR+NqNQowL5W6cXqqnaNX+Go5PXJ5YvqtodmMUV0s+3xrEWE0bIjpuMhwZEVXBfynE+LbJyHwz72XXH6D0AVmUdUVEM9fntxFMh5SVRjAnCd5HwZMDKcashNFMn519xzN+L87L4l3AhXQfJjAvz3pBemWSdnpL+eev4BimILbdJSQa+Rjth5zQsaTLEEMGb4cwzRh/VQxFn3AihSRZoBUUoCFju5pUdCuDujo18SOlZMHmBSt0TX8RxAE+ABGbtLz4A810RAV/BC9Zc5bUC1ewIUk7zUv2qrzxjwxlPL3+4gUDP06zsMgCE/QHRPAoyGjCQbOWuGy4cjbpCvK9GbFUxnRel/tYK2yFGOSeEKyWxRtcJSYo6xWtmiNXs+R6QgjbvBiBTxkmeWUrLiZsdmhPWuBhQ1m2MFJmsZp4asbt18DI+vFun3SgX3IjkbmanJv1nfjSiPiGkE95nLKK2DgEq2u4WW8J1W0bKPHc6ubstS/LI4ELwgYxKHDr4xLwgfmoEYgXMMvOfImll6ESU9EzMSUKssOddQ40iWCgqtmyWLPh8wb9JcRkDSlSg7Yqh6OzCKZ6775nJx+c8lxapO0nfkUQsmQUyqQy8RqWJSrntrkL/yMn36fbrLF1JJ6qo5FPIIim0gjtOK6UNtpNWYxK24VihWiOkAG+GrZqGtk5kqKerng0lG/NLRo8ZvOOaekAG9oUROqcqDTKcV4wTqbyUn6q0ayyZRU3RMuvSeWl/FrcCtf8dU4VFhp5fVhBY8psmtEcK5kbZHvj/ProwHD8jYf+I5n/27F/xcphKicziS0Ilg1u1DV9NfPwAfEqIOGhZqZkzUvhaeLKI5m//nlYSffi5SvGnju43hYPlL8SnsRucxI0715u4e7v4P+jT2cr8psshoBEu6l+ijdsynj69iXnLnvVHh4WbF/Szu0aT95Cll9OxaNxr88xzlWie6Q8RkF0haTfKGzxCAgj2rjKhryhm924g7+5jTv5m9+4i78rG/IW7urGM/h7ZEOuW8lcP5q8u3dsrdnEHpA6TnQHhykkeUJwTm4I9BQzgsc1S6/+Xauft7luU/5ez4Z1k+cNNfkEx41lgd1U7vD35rL0+Ja16vqm0riVVKmgJofcg+pYEZ4PJjTE4zaxJbfrTayHiJnRGfvQsG5t48OEq4eji0LnEc/hzyPLa1L7UYViUdh8tHuz+zF6F+yxbenA45yFejwRVqn3BHeT7Im4zDyeFBbqgvbkM0Xh8ykEtHg8NVQBPU06c4cA7pTO3SVvbvN8erEsBc8olmVknhm2NBL1LGXh2Wf18T2taqljO/y9YXOzra9of1+1Lv35fueZ/0ANcyD9+sH4Syo/VNzsdFQuBfu6P6mi8O9evWRr1IkHr0zayhBLfjdmQF8LX2tudiytdaIJxMZ0JDfU2pOo6vEDtoD06VplHeNA6oxE5aQrWK5qoT1hP2p+NNa7BrEJHncVWi19ocS2eXsx/omQksQvahXGHx5E+GVMBDasU22sCYGK6+2aG+l1VLZKaM3S2WhX1m0KK1Rol+Rt89PpTyIcX+j9Q7A5m/VGorSPKFfWqnIpVes/slyVz+U2lYdHlxevgT8mltgTpaZdBJ5kR+LJTq5PlSdqJXw+DUstXNzRsFr+dFQ/hFLM8TPta+TP4hETfjZpoa1cfY++X07iBzocUBRVyQrJuHoleYm82BTT68tXYt176AH7QVGtDExvOk6ycTpVJxfDZFEQ8eYTNViJB9y2uRpjHAlL7WbNccLRBWMtqRNhq9pI+DoJ1zyu4YE2q1ZeK2plW72u065UpFXS1zPexaaF3yA94HmjyM+CbhIGed4sT9vmLcpJLKxbaULQST5IyPJ8sDwdqdtEagSMSRZxcXQin6k1ZbRq9UL7OZtao86619E1ET2ra3+ail2uFixyK0k9xyqWZe9YqG95kTq1ZMseujBJD3ND8vAyU9DBHlWptzYwstLiY9cqetf5cRgyO8MfzzyqtKslkk+wN1FtrafE0+5O0Wfdt5N5Rhgbtu/F2DA49sMT34fJqbST7PdTU8T9g9I/nj/EdlYPptqiaWixfoshjDN3kOnEmTvJbMaZu8hsxZmnk1FVlcwzyNwtGeXxXLIE3COLiR26v7VYan5Y5q+b2mT/tgwjoW8rqx8hFLOuVmW7fuDHiwkuRv3SaMDGVT5b7zVYIXUhZwGmkIVUF+o3sVCniyrAWZuDOMC2I3DD3lRuQ9UnnB4PiQ8evLkRlCSW0XK/VGz8sL0uam3KVfW1tlsiGq88OeRnjZmCRPxLYj2Mq+YtVfP10zztAecmbFqSdxAI8FoLaeRtye1OM3lF0tOEQKQEgF/AvBbcL1+wrWVDIsu9n106eosoly2JZInY7aRjNQFbEpvG+bWIGuq3sKNedqkF2Y/ohspkU4elqB+jT8KLozY+TicPcewpid/zz1xFi73NXMi9fcXFZ8zb2NAsoclX8lKj+i5G9aryCoUMrd+NgXTT0XsH9Da64/4k9QvaMXqsCbvpcr0yuZGGUCPFwLthoNIfzjXC6A4LBnGeCnIr+n3gRO634yJzH55fJcFwYGqpY2uRx+hpaVeuMqyJVlrtk8sjqYpCGj4ifb6fSkkRSq1S/ABSHHXd16gGlE5mHYHfF5igQlaRFZK+RUBUNCSKWOmoMfU2sTY8/eQKZpBcZc+wFnS2Cy1xVbLNhr4Qy/CSy8naHha2KqTzBSlfCa0225BFiCAHELW2TI2dkYb0Q02a9Sp7k+cOq3JKExL0QAnwDioU4C6o2+AduMe0xpRzZx/JfGm1sWm6XHuYmabuK8j4S7zYMcsQHB9J/Oak8Tj1mOJbS+TmpCFcaXMNRgdBErAgYz4orvgDXKlivk01ui3KJEMpO3sfM5K6bNa0YaBdQ4A8oim52SLXtR74blpmJ+nhh1cIiMpXOeJfmVUo9qXJpp0Omlq12LZ99Zws/CV8tO2iPT2ZS82PMSkW5W4iXrABKPqDHMC8SLWPLyGeSX7etiNUFnIvblZrognJJ3g8XZsr8sV6dxQF8FBKtnHL1ifQ3xail01OuNuVm5soLPEOVE+iBtAQW0OogIQnzgRP30JoyW4f5a2aBYWiu+/bEfqoskTrQcLvxf8iYC41vEJ5q9AoKbcLqLx4tKATc4ItqGAIxHpMHch8CrZl1OUEL+LwzluuSphwKFfzRE+CuJKjIwblM0zl82k2P43Qk0PHBoShiaxJFB0aa6B8VeaieQExtO50yjGP+RK1dmW7ab68gpKh6pH5CkqrWmS+iga59zTY/o5G3cvmawSrLEi3s8Kv+cYKISu9Ymu+uWJW9rozlsOB+daKWe3Rvvn2inckZkJruX65qJeyn8TakkPqVc+fJ8hlF1CTtUdjaCQyVxe7AFpWUVwmV9CuLhjQ1xRQDrk2zkF7QQ1JZ4PjddZYrEu1sb1V1V8P8pv4Mu2rwES9xJPdtp6+dUsy8Xc/UityxtpG940t362+gS7HJDLLjDE6c8fbF9CNfkLni4zRZL47mNXkd1ewFsGAjT8diXtvPs+IKSxUq3N/QGzxMvN9CSMnoAQhPx11r0RNnBaMxkqScTJbTX+V5siGKMiCzWC+RNeLYpp+ulbQEmX6G9daE8X7G9cKVSNjJV1Uz3YvDyPzo9SbDsAkMjtzw9SZyP1dqatFrt+ZNNWspdoRDkTPY7IdN0p0UTQoOTz7G+rQ4cSNvzp39L9Of5fGPTUfRBjBzmyyF8YCIbSVpLPJeNKNXJKRTnqpkSd/h/R6Jd3r1ZLO5AU/8evdciQcvyF+jrTfU8R16w4FaRqZujUBCyL5JXVeDAdOzf6oX5tMpiywYvAG+lnJ5UE5DMmVsYTuR4PmWFVUALk0H/kS5mfBRNAjW4pPL6p6msGpo8u3MLKF5dOMZSVjIaegffCSsp/BM+7jFLH6MUB6bBLf4e8DlFFLA+PNAoVsFJDKRG9/K4FMDfscM6x20fjy/h3KJbrG009j0PZckJ7PyOzrayX+VLSa4WDBGFfHjcG9Z4kOTuQzCBlEpqfc1X6TMzSbbiI2iTTCjJzAWSCZLyOZOJvC+YqHN0b/9cdMt6RchrQgk8zLzokTIoOxOCJwsjdUay1f/sRW9wf6sdEtda9XTfZwKrYYw29JXdIsapJgh3JWxsrhGvGmk2ge6UcnyPn32gs8tDqcd0fDnvQ6ms/kM6gAs5euaooA66qXS6ivyQZMf5xrEDdA32XQGCp/p7s3RDvVuYOLyLxk1cukaAJ50aqXRR+FlsRUe91RSMAYNlwbSgENEuKePxn1LQSa8op6krH9DaWVNLICKBbcOG1RbU2FRUmNHQU2JEOdSAptGbrN4qoVY0CMbV62yiZEUM0rYhz1sWOtNR4zpj+Yyv082Wp4CxSooM6Xhk5eXkTXBcWPXF0OnlY9LDxzTyqhvZF+SWYrkTHba3pgXkrTM8fZKxnNgSX/avRIX2TpUCvZCUqayfNN0VhHCLEont0RmcW3hTTqxFMcfbdw+xL8SHJBp0mUc5vgzAa2uky8C2BmCbhAzop3xQYsfgO0I3ORVV+2KHUCYHbGEkMlYNMpcEi1AHoSXkrlfbtdSkHUdUsRN/7KUAytdXpfz6RA0extsUDuSpQQK+aJbEbeuyjIPbasHOiWWBMj80b0XHLtQcQ0JM6x6uUt3jPuYv+yErfWAUdqYC3nLqlt6IFxgxEh7XdnF6LTkQo6YbNDuSX+XavOFOVg5fgVSlRiDEi6uWe7HZk3oAzDqHNFj3wxw6Ii8Su4b2UGNqhQgkYJQw51UQC7EHL0Ky/0WV3Lo4/7e3tdnHC4WEtowOy4q6yh1ypBeW2GBlOGv1C19LUYJ4MeugAEdveS2BHzDsbjKrSO4Jj0vRC3+0D9JKrO3kHv4lfLIcCr6y8iM2wvF/egvQjWevAmPZfrgUc9V7dO95FZWyPnqofQXegfadU7nk7fSLneuaq4TL3Z4vAZqc2E2DvpXs8yZt7GHO7pUqijm0nhqyplLcHOLnBWFW/PUiYIg2kpsYjjurrNshVQobQZ2q90mQ5zrMPsaTU19ONJNJrNfiMGSCigU9DcdvicTQ4bACLgBNhqtjmtrgpuxoIhrVvcrM0WZBxya4VShVDUGfCVbj4BlORnUbZbGzZ8sJLAK1tsR20p8NUEXihDI2nzSBqeMHiUCDe90jAI6BofORZ3NTnAOL7U2UVtfcNiAU+1dmq5pMbBHufxulW9ZlHUbrILrizakfv7tsgdaSyKrlsUlZfIXZ8uSDjjkG0BRTBQ08DCjec4/dksVrY7G5v1YqNQFeBNMTBp7eYYomNyiwiktLEovnW92eQ4m6ClRIY1bGQxHxQXFNq43wp6sAPVmVIKuC0GNIuLztui211ReOYc+zj65+APKUkLi8/+AiIaDyjVs4cRK0INNnHz9aIcoIeL7DX1CNcKaiYxJKH5SAciLC0Ce5TLbtYYQgd7dKNQR1KFdQYxGdnHJMD0KDzWqjCHFLVEEx93T1O+c1dIfbyCE8YzHVRQGCMrRwHUYohSDTzRAgWFZtjLpsqeJCNBl4BRmoz2kxPdXoY/ZRmeIvTUpCSehE+LZa+V4QnYHTFMTleXSu50JY1Cm5OtqwbsLle8UaitbYt7bMFPd2CrHldpzzNcMXpRS4GfGYPtCF1V7VmuvNOU35JVHIU/28GdoqXrpdG+x6FZphxyGuF7HYIrQss4hOEskNMji/B9ywii6RJ90CsfFuP7sSzUEjNDCpmjOvBByQ+QT5eojIH/IDkHRz0S8A9ZLS/cRbqwbLHL6nRZH+Q9rH4aeq2yg5rJr/1RMtQ08WmMfaqQJSxeZocClXv4eJeELKYT6LJmd4SkCeR3q2nWFCv3VFXBvVC4kXCxX9SLWxtE2cVJ9DPTp8nWwps+7QoPf3qH5ILpHZJLbuQ0YV7pQ5toNWQM06lW4elu3ZDyO+7aXYtYqiBbZvxCMeSot1MBxbQrcgNKY9USbnRfbBBH2QRN4oDATa2pX6D00HkOAxkaMn5Htn+yeeW0aEA+9kVj5P8PjCAAACi1L/1gfTUVBAG6seFlQhAQo7XpIeRdbuNuVhg9MECbLMxQjXG+ifGRCP98SN2vkOyuKGNhe5TwpQqMzf133aoxSSvu75tQmPUzPatBmUi5ZTAGTQZHBrE0XsLALNzdREqOKL3dveMkUqK97k6ABHRRzbyPjsjZMjhvLojJom3ePIFiNKvmvSA2ArlDc95HgFcUeOct/YMyAS72U4KmNW8ERQBfeM67hwgfEMV58/ThibEx76Eh2hQ/C4GRp+cdDaICEzxvToAAcvO8pXwdDsnmDbS35QQ0bx89CJzheQ/FQJ7w9ub4BwMdZ/Ne8hHUlzTvHfeIrlXOGynm0QZNS95C8Y4tdxTlPRTnHVDAy5sn7hrhAcubxzMQLDJ598huRsLyBuKG2HIm7x1voyrlHY3xlvRUyNsovpvTCY51PJEQ5u4FOfzWKrlbGlpHEYfUri6FGu5eqvPC0uRuH6WuBDspDgbAaG73gk8zD+qkNz44cmUFHxy5Mh0akO9unxplK5q6+4jGmBs9A8wBNd3NM+cVCNZagBvsbiM5CqBzd/fERahq624uQ2oKWRduuoWqu3myTFSAujuKTXrS7O6htyDOcHcbuf14ebtbGkOP2etuIBgMgNXMe18xJwfnzV8AoEPbvH1caGlQ1fbN1Jw3kvXJFe+8h9iOzMHNW2jtj2up6V16zjtazWGnOO8jq01UJ02j4WZj3kotZDjwLFxU6hUn4oBVlCHN8y4awCuTbE6hRQVo3kgoojTD8zY6YWNv3lIBkk6czTtqggebNO8dQOaYV95GJdCsaclbipbFTlHeRGeDMF4msSUEy/toxBwYMnn3iFBrEJY3T4ixGmfy5iAiRFXKe8isiaqi7DMAMHcDfWh0Eubu7aEIr+RuHjIcKdRwdw+TOEQ76ZiSkSZ3J+jACUZzu3voHN6pk3LATMIMm9RWzdsHzNFIc95HG6pMeTU8AQFHRRJEa95DT8ACz3nvntdBcd7RLxuDNmavuayft7SrjUzPe2c48QaeNwIMJLbzvHu4xg7J5s2zhWETaN5DFygICc87quWUtTfvIwtENc7mLZR1x0iVvIew5nB5eZoW66QVFEhAS95ICe587KQUHokU5X10ZVj18uYTjHAAy1sqwUYUMtlKhWVYrvrgcyZvnghZa5XyJqKaZlXIO2gqakONvIsgaPER5kopWVLJ3UEPWCyq4W6jqCgjTe7eUA6A0dxunqcLd1LuhTsp1+mwE27eRU1ImLTmzePAr4LnvHvQXNBQJ23QY0tx3giYuGY25t3DwEbcz5tn6W2q580XrOgEz3tIwYntPG+p0lgVsjkBBgSAZgOITtRJkySoCM+bCMlB1t68h5igwthJj4TcnM1b6GdI1kmNuJykeQcVdVJ65c2DQAwWLXn7EB0gR1Hee+iQwcu7pwGVp51UqCuD5Q0UdI1CJgOZEArLO7qFPthJf7gUz+T9s6CIzU7qo7SkUt4+dr6UwSHt8UFAhbx7/Pz+cEiloAAAc7c0RQNvnZRHjFuYu3mif7ySu/caWgN1Uh63qIa7o2HoOKmT7i8sTe7moG2wddJY53ly9461/jF6obWTap4dx1r/cJVtqZNqrbdRzYO20DZLg8bbOo4JuY4HpTd8tJb5jw539wdHrnxDyoHLxUJ8d2NykD6lab3lUTir5n3hTsrVT1LNc6k1Xk+a1tsohEy6K8/DhJt30Bba6tB6G0d3mtZynNbdeLfRWsc+ukf/7K2BdhwVAgICiqsmZONGyGGraDqu6jbnwnqms3EjpnLYKtrUuhY3l0WLoNva2nJQ6Set9TaBlrO+Zde0c9mpdQYbtjqVYHVTq2rXrmzWODjs3FQCdq4D3HXtqo2rwk3ZrGvYqltVbRqXbZvGWemqbnDTOCvcVA6b1V7frmZTbPaqrVrj1qbWGVdtNS6rVnVzy65N4axauQl0ahPgrFq0KZ32OuOqXatO2axyVbUJWqz1ymaNc4G9TrXWuDUrGs9QVD/Fmuut4xiIlmq56gxsNWxK54YVMXWrYuOsWqwHnh3VUFvHOkagtc6BhDW1uqiO4NlR/aR1rHPoHEJa6xw+sVRrsda3ubWsGE8c1VvrOBrVETTffCk01vHeS6Gx5tnxUmiso1svhcbRKa15dJT32GHgGG+fJAzAcfykHWgmnSDWSRpJx21lWHPB4YRWCwOLNQNuBpmcjS0UIKxE1jTN46dS+xgaYtIFkgAhzfWO414S3PV8j9XmW+jDfrYUDt5NJ5Z/47t+Jqgb/nRmHnwmqJvfDrl7Ywf6V3DI+Td2oPzTeFl/Ui3EAVum8L/zaXnn0/JNRJf4bzJA8lCTC3waL2tP42XlDxb60AMRr37wTIWn8aVM/4Kh4yFk0vUvGDp4J6OU1wMRrzpZYlc/Q4GJfwXRNv6DMxUGgArDgZBREGvO1V4iQPhXiVDO34JF1ZkI2bwCko+8L6EM+s1AKR20zZsFC1ofCkf41jSwD4Uj5MyA4oPYQeDh7CH+R7ysbwYqzDfZQ99Fy6EiCc39kd4En5fY9V5EXP6MLVP4J2Bn8ldQYPoyR6582BA8/mzOVPisCQh+M1DKP4BDzj9JPlKD9tA/ST5yqtFhAD5sCF5bmwtOXUBCcwEJzS/MpONUJDsIfJUTRlQEab4+7MEKp/rERXkzhGw2VYmDkmcAChTVCYecv4Q0EmllAN+V66mIQLXaQ68GQgynSjVVoTrhkENNQK3r4bAXalBYXwDiENCJ/BjxbFI46ER+jOCfgLaxO26RHqy3osORnfhT+VLmk2yoeQOIBHitDCj4F7a5eDQ7k/v5Xsj9XwMDnkeX8Yegbvhvj7J/AAclT+NLmcdylOW/hvb5kl3GhyCjgL8En6wHA2funeC9BwNn5l2RhOZfwSHHACIBeA8tTDqdmQe/hvbJ+yGom8+agKCTUcr7LfSBM8LQsbs36UaX4JPVpzYFuzfpBv+ypoE9krZRRJovzigGWPg9wvpiHTVAe1hs8TFkpzcRXfqu1f6u1X4lIBL4rtX+GLKTh8UW/CEBC5+JkM1DAhZKsaClBEQCs+GcHkUZ9CaiSz2KMoi/VgYUfchdzx9hi3QzUGH4H2GLPBMhm1jHQRhI9b6CIzvRMcVEWle1VTG6uKwLq7a6xnXdCqgrtrk4rVwWO9Vi5+TeqlesdYb2uhZnrcFheqW9ullnTN+uWOtU7jrHNtVW52RY5bDZtWn1unZta8tOtVc3q4nplRZ7lZtqrW/VaZZtGpd1y7JNq3Myrm7VqfYqN9XKWafZtbeqm9vcVIudi7PKWdmm2Cx2qr26uWXfpm9X7PVtqrW+bYAaoAtK7s2qvUJJgLKQoU1LK2tNq0KFrLW2LDYMalxZFbi2rBeguqDYri2gbmxtAatChi2tCxe2trCyuLK2sCxwxXEc5rGm1lHOt9ZbDYMhcTROEPPEUa11Dp5j6ziGoJ22A611DgZvl5qH1jqH/qnUPoLiTSTmPnjiLjqW3Dp0rCMmjGMdcQ6tdax1HBXaZuFu5xMVs6WDprnLopr5u2VwnsKibR7UrJqF7NCc9RR4Zx0T4OY4NK05xgvPuQpEcT4TY2MWS/FzV56eJWCC5ym5eVY6JJulTkBznMw/eQ1PkwwAPShTkVAlM4n0yl00LfnFHUXZRAEvf/GA5SssMlnISFg+szfIPWDMy5VrUuRW6ARz0aD42yJGerc2poC3mpFevC5j3jstFuK7XkC+a2FFU5eCG92tckBNNyoQ3GWCG+wqAJ27RlVt3aEpZF2fLVRdTgWo20BY5dwm829WQ0PFDMaAphkMVjNPmRycCTu0zX0NqmYgmZpzjiveOTsHN8PgWnOLS89ZhJ3iPOZmY97gwM9clXqmigOemZDmOSiTbI5SAZrbkPmTLTub5C1QBuUCLKvkHWNe2W5NS7baKcpiMF6OIgTLCcCQybtBWP4yZ5BLwJiXi8NOkZshADAXFMXfFkqPd1tjCnh7YsyLl8CY905H4ayakWir5j0jzXnHlHfOAQJuhguiNast8JxPdFCcPwzamDlk/bxFpmeqN/D8tJ1nBYdks88m0PxAhD8ZjbVJZpwzKAsaqZL3uLzyXQJacpVIUR6revmLA1hmEIVM/qzyxxVTNMgdjPRydaBR5JJ1grlSH2FuljHvts+Btz7GvHhwxrx3Og8TbqbrhJvhmLTmawXPeYAtxbmEmY35Q9zPfarnCZ3gmWo7zwqqkM0+CADNDVT5k8tYm+Qqk4OyoWWVPITSK2uxaMkm5CjKHhi8PCWD5Z8oZLLm0h/3Cdwg923MyyUhqMj1AgCYm+QW5ib2eLfWOfB2TqQXb0dV4ul4EEjrOMdP7KOlSHh0tAtJmWbY0pYvb41PrGeCZCakeqr0JfENko45to4Da0psahSw8Kc2Bac2BRX8GNGkeLafJB/B9Fa4cPMxG84pUrTGw5G70zbw6FObgrGmoEOQUfBWe+idvjRqiHnge6z2+ynlfY/VxjIET0XVgwjDAJYIEP5mCNmYIWTzf0euPJNOLD20DpWP9CZg0oklD2sq1kJCOfkXP8o+k7goX3H4rm+lzRuX7DJ2v9YY8120HG4EVFQxMAHBpm5xUEKVtrn4SG+C/WpAiHkuiy2qnDDib6cs8g9rjPHz++MuECIizVcaLysgIZsfTOGga9gi8afR7Xwp0zVskfokZpVRDLCwrg6VWO87WgywkH+RtI3vAPGq0c6XMoabgn0zUEojnZkHfTNQCm+Mogz66AIhjICEbL5ILQS32kNWtkfZ92IboEzL4QoKTDyG7LSRQBph5EfZVxTzAGd04pP1WZJ0aQzijT3C+j4MnSaNZJTyPgydJvwbFNb3jXCDhpuC/Gu1h567QEisR2BWsSC8OcIWOcIWOcIWwYLw5i838PjLDTwuN/D4IHYQWILWwD/uwPCIUJ4QoTx9j7C+R4TyxH8OvPdKJhcIom3kbyK69LWmgX3Nwl7+USr1vUCt+zMUmPiXyATPa/YQa/xCRgFvtKaBPWibN68llEEP2uaNd36Ufcw1AUyqheCDZyrsPgfe+2uNMX0OvBdFGdQVSWj2Nm4+3uiF3PtgTb3RCznO4MiVj6IMegoMkDwWhDdodiYdIF49kR8juBOfrB/zJnjHLRJ/LBEgHw57eR6OXMI0sCejlEdGKY8/WG/Fh6HT5CfVQrwXEZe8MsicnS9lkow9eVC2Af7vyJXneyGXhzXFb7R5+zuflk2KZ59ZY0xv4+aDPwDuenpiBhT/uANDv5NK9Tup1O+pheh3Uin+dXWodMNNwR8AKkyfxKzy72A452Op1H4wvRUXqHUOEK+kD9D0IXc9fchdTw+ibexD7np4LxHKyY+yfUtiF/9y4pPV4/Bd91ePsL4eh+9qZQllUD8EdcMbe6x23x5lG+vqUGn8zuDSMZDQ/Dp9aXQMJDT5F0xvRf9CRsHXmgb2taaB/Y02b7HuAZKYAUWkFX8QYRjgP4lZ/Riyk9xUhRcpWoOypJK/pCP3rbR5+0UFyD7SivMvUrT2kVZ8f6QVpwPhzf5AxCsvIi6fDoQ3/DHXBPBoFNHCYS+cMA2shxYm/BmAAvXZQCm/QKaNH/MmEBPKyUZTlaJLStGlV/BjhAO4wecqi3yuskhqBFA3z1UW+RAy6ahYhwF4BT9GcCrWYQB6aB0qVKzDAEwIw0B34pNFjQDqhlOjKIP6DxGXVAdwg/2HiEtOXfL76058ssJhL5yqFF3qoXWoxFObgrFm5C4Qwq1AAha+Xpqvxe1R9o1QeXIvSMDCL2xzsXuPsL4XvKChSNEa7zIOQ39PLUReYhfHE/rQq2NPHoVSHu9JJB9/zJugiwnlfK6ySP4LgsxxlUW+oOKZoOLZc5VFbqqTl7UrMPYkHPay35PDkq8xXQn7l/z+OiRgYT/ypdEhAQt577HaH0ulppBGONySyljHD/zUpuCe2hTcsAMD/7AHK7+G9rk9ynIC6BTwZJTy/u/IFX7kS+Mpgf4Hz1TgLyaU85vsof2fZh68FAtabj54kSBz2yF3/OlAePNqIMT8GrTP73CDPIoyaH8XLYc/hTTyS35/+xsQ80A33BTcWmvdDTcFYx0/aiWTC3Cv7VH2qZRFfjnxyfouWg55Nwt7eUsnP7tTAv1Ldhndm3Tjv5+WvOupiPBQplmSjD3h3ZoG9nppvro1DaybgQrzFaZZHmpyAekDNF8kyNxLH6Dh70268Ut/lXSDj8Csahlj8D3M6ltSef6RLw3+Y6JL30R2egTSfD2VL2X4a3mA5sF6K/YrIPn4lUVrH4fv+l3C+vh7cljyVU4YGW4K6qmI0MLLyn8zUMpPbQr+5QYefQ3aJ38sR9l+5EvjCdeUkFpTghLoOyAhmy4GWNjJKOXxJ8lHAYCe+/BgJdb7Uv8Uat3/cJnx58Jl9lkTEKig8uR5WFN/BvHqCdPA+HNZbPFTqHVZknThWZJ02b+nFuJjqVSsmcRF4V5igIXPCEPHJGaVX0Ia2Z0Rhg4/v7+HXCCE9+1R9hMZYxCuKcGD2EGgr6DA9GkbePAeDgdaf6+SbvQdXGb8KMsbwXorHkImXaOGLdJXj7C+/+DI7XV1qPwHRy7nKot8cKYCjy4Q0jNrjOliQjk5lGmWfgjqplu/MNPAeo+wPv61uD3K9jB0mvAt9CG6QAjvsdpAXQYX8mBlSMQlb+R7Idcza4xpDEOnSVckockbP8086Bq2SPt7lXSj7+Ayi3V8qRnFAAu/xAAL/8iXRkfSNnZAQjZaHqDhsthCs4eYZg+xIrUQWxK7kkg+EkCnALtPyy7jMJSrLLLb+VJmww4M/yT5+CT56Of3t3+Lg5Lu5/fn5/fHO5K2sa9B+1TqWnFrGtj3da0qg8ztX2SxpRRd2gyUYtVbHJS8XpovvTRfWxyUbGrRNMtvcVBCpcKautHmjUqFNfU+PFj5a2DApl6g1v0StAaoXED/gFBgOBWDnKQLlzugAzXDCaOn6sTCqVdJN56nqQo16ijbIQELObVomqVDAhZCAhZ2gvc6wXuQgIWxjs+88V0JwBYpwM6BKeC9R6nUo1Rq/6NUCs4egrOHqNJMOmoSYwzqdItEhfAADdVKCxOqBkgjVA2QRqhcZZFXSTc4AwXI/s6nJRVBoBT+dA5DqTxJujybFA7eTlnkGsogSypP/gxMQHDn0/KIlzWG7CQGWIip4chOu/O9kHssCG82dWpTsCuS0NygfwYXzhjFyI+yVrabBJz5gyO3g+Gcbk0Do+KQs8VBCafAAEkfctfTGWHo6FsSu7rhpmDHQEKzG24K8q/tUbaDtnnjE4gEiHVMRV8l3ZA+QHOVdOMtqTx5OHKb7CH+ncElDLZIGGyRMNgi3xlcmuyhwxpjsAzB62KAhX8G8UoqtA6VJ1xT4kPrUPk4fNcziFdYhuAd1hjDw5GLQikvijJIDLAwijIIhVIeD0durHfmtcYYD4stzMJeGqc2BbtWBhQvtaYEWWIXDDtQRjHAQq2rmImi8kwy9qRHWN8b35VDki6WVJ5fEnDmbrgp+DURXXoiEzz8+zO4PBaEN9+pTcFvLJV6tx5ijYkZUDye3ooeYX2OOt5BtI3f4QYfiAkevoPLrLdx84EjDgG7hpgHemaNMf/Gd+W/5Pf3aRt4/M/gwuKChidL7FrcHmUbFfwY8WSJXY2Gm4Kf4YQRb1yD9vkOEK++RWohoEyzfIvUQvRAxCv+HRJx2XdwmX2Dwvr6tcYY/v3hMutkiV37W6blsPdY7a+INF/fMzpNuozDUCI/RvCviehSVyShGetdRe9hVt10YrmCQ87eUwvRI6xPbqpi92nJ5Q7osPsOLrPPBkrpk5jVZ0vhgP+QiMs/UbRmFvbCN+zAoMVwzpcYYCEVh5xYx0R0XmKXESc/X5hpYFbYBuiOWyQfrCmussjX8gAN/zM6TX6RxdYTBkjyErv0VEQQEsqpYYvEvzCT7hcEmXsvESCLLLb+h8vsh8vsmxTPLlDr+KO5oAHNBQ2Pp7cCDJz5BS9o4L8Fi0rN5AJyiAD5KBDe8PfcMuUDKTDt4DLjbCkcIGkb+b+xA+2Sjtwf05WgSEJzCVoDvTr2hP+Qu548rKmuxXAO52mqAiGTjn917Ml7WGzxAgD9W9PA+H9w5L7dp+VTcch5H2Ev/K+SbjRw8vP8KPuBiFddi+GcD0S84nwv5HqJUE4USnm9RCjnTyASAKjL+EJGAe8KjD3pP0Rc7l4de/KFmQb2dYYCkxdmGlhXYOyJiehSrKM8dBeLLd6DaBt/CmmkL7LY6rHaXGWRGEhovpYxxsOwA+WPJ/ThpVjQ2r3OAR1eigWtnpgBBd8Lued7IXe3AwNv4WWN9Rx4j38haRtfT0WEr07w3g+mcMCngPd2f+O7PpWyyF9UgOwM4tX+IkHmIq34q5lc4LlwmSUyxjij04Q7fWl8JqgbNIpofchdz6YE+h8uMwoMkJQI5eQ6tBZiQ80RL2sBdg5wLxEgbwDf9aVY0OIfiHj1UixovZBQzh/zJgBt8/ZndJrwj6VSvUQoZ6cz86CXCOXkX5CAhZ0Rhg4frCnewXBOrDkUzQUs5C/iopAldlUxE/VTm4JlWg65Ww+x2XAO7+taVTET9VsSu55JJ5bXofVXFq1VFq3xfoYC02MZgvckUArfw6zGOpExBv8CJGTz4bAXzDQw3tN4WSX4ZOnYIlFjycdfZLFFjSUf+Vs6+fk3dqBgXsghgTTiw4MV/pyMMeDsoR/zJuBSAYOcqBKZFFYjrGJEhESERGQ2SWOiChAYpTgYttA+EgBhkgYDymZEAhERSYpKCiqVZQ1Q4kei1HQOsWGa4KM76lDGmuLKzfNdwwyPsHTpf2vuvB8MbtSkkaPJqXJCbUyMOemHucTaTHzsLSnZrQjhjH4FxrlOHS0bl+WKq6moX2fEP/24pe80G9SweQ62k039zn180qLqBIqNF7jIMwPMAYJFUfKVI+NExc/GcQHzZRdw0BzdjkFMgoUCTETd+KLhUbgmmMZsQFb2RBWVqaXqSs6aAE2Q5XRCW8qiPcOJWSMfP1SiuyflOzQC0pAHvxrgVkiAAkL6ANJTcwM2qNjMec8ahDPiV8SJpC80Oz1LSsD3u3aIKNEPSiNehDkOeRE+ZcTZK3dYN0S9SdjBUvFzMSw5TNLNL8fb6VQGxFN5kTidEiIa7dAoSi/Tdpbyj6KTElmveE74qmULxmKaWZShqylLNDgKt4fQEiQL5j3DYsnJ01QcWchx/ji+qWpdhlnyo98V6wgjJaESKEpdOTzwSDwU7f5K811NDgKxDVYli4ViQlfEt7hiruKYKvEO6mLwoNjmwguQ4AmkhrZjWgw1IQWLmGiKhaltgvrLi8hamjCecxyPdQZnNC92uKAcvg7dfEsg9lgTLuRO+RSGy7Alk7KAqecyiAFrv6B0oRjX52o9FGwXuTglF3zwahNkWR5dXsCsEVIEF3EwfiA6Z51R/iCxmJIkXeyA1guca35CcKGVa5eSSbUpeE199pLb/0DVQMT8UDwYUE8AxPaOl+P4CPnIPxY+xMr+o5rkuUu3p1cn85Wr9L4gQA824bNmH3/mJDN0MkQQr6Nn5SQ8gnLDMmd9quEXA+HJOJEnZRFCpInbIbQkpxufXGfkoxwymELEgJHWDJPCF7vRSIKixf4SVVm0RjZJnEnZkcqpwHYbASWNl7uLWBXiVzOlzEwyckO+BZfi3oHd0FUqH0gGeUwMx3Y9mU3EkJ8YiZHAnOF+YnIBCntwg8qgc0SpsDB12zPAQecDgD9d68+wyhx2u89eyNPoFgCcTkkC8NiaSEY/494PdBFjl52RJIqGMIsB+3fgm8TI5I5THZmNyEqXMVQ5XH+hDxCADMOC0xHS9AVsOr9UGmbKg72djzJ0YWYgcJ1I6Tg+spK9oA/y4hspXU0iav/ViPF+OmGmJtFG0DQ7CodcEECuRAZsED169F+MCJ5mpRtfpWAVAPFDInHcCB+NH5VpQo5c59cii1NMYIFh38HgwkjRV8V/75aAEY/5o1FN3WoHUOTbNTStlvD2cIEiuYQZaR/jMB2VUkkuWj8yS0VDaDfuLaRvvDmkt5IT5T4Enjtx6fRTNkqnhNQemU7o0kgDTzr1/IWGbS0wevWB+dOdc9AaQR73kjpRxHkxkQYTXiZXYZ3iHXEUQw+IjxyFCg72tVdtOTnjF9pUytkIUOJB5CiN/xr7IdokQgZy3Myg2UviRFFsb3IKnel6wDyNhgPgD9mjAEJPVP899jhEOBgUa63EI4dCZkeKClS9Iv/TsYL+n0B/tABIZBo9/h1di5SSQy9UTHNVOrCmXSx8A3xJK++QraiMg7UtS/vSkOOkJUieIMCtUUlUfdWu7XC3PqKN7PJop6dPW71xJSGNFI954r6P8Ne3NcF1lBT2lFc1f1TkB2zgSGzqrxy5eGWfX1Zo90fUk3lp6QgOJqoncKfDiS5nn8dRpOdXNvUCmKk3Sxx/wFzDkJfFpm10v7roAHo8qBd1OVaoxH0LHNLXoUVH/yJk5jzK2t1YdXoP9QfqDCJkkYuAsaV0BLGVTSreH3imBqbVz5OzJ8YzLYnDX3p7C0eyfD01NPzwN/c3lPvj9WZqtCXOuhjqenpe1eYzd7B0OxRtOxeufwBX9ZWC8Sn48Sr6EHQHb/lAfjvSz1/VY2DXSvToExgUlMjw90tzrVoiIvdneotrarQFXaZr59E1uCPslHjszjL4QfrMqYWW6YhGybyJSdu9JCqWpvi4P/p95Tr/dvQN1yv0+tMBPqV4S9qprwHaXiReHpBQXWiBrBvQGAssx9W9LLVw/Kbn8RPd29K26vXaGWzKSHw9mDdgVeIB0uujDiIY5eCqHaxVssYRRlZmoaSrSny7fUpmwTfsKLjfIkrU037/4Fhkl8ZXzbRhqyvRMCGSXaRzGqTPLQBcB6gFQq3irZZG/JbcjlqrNSCXRKTv2tKokfY6y+niGIoOvh2WDhyGZvkoFHgC9/ZLv8DCK4NqB34g2JDmyJBOr1yi3OjE4aPBLAX3Jj5HMAHuTMe1kMRfUYBGGkNaUGpMhnewjf66enLE7YvIT027Qrnh7SKQoA7T2iCNmzv8FIyy1KbVmDjmCTkoPP/EhoLS3KiyytQwzKb/kDlFVmDNg8EnwEM=(/figma)--&gt;\"></span><ul role=\"list\"><li style=\"white-space: pre-wrap;\">Secret ingredient-based activity</li><li style=\"white-space: pre-wrap;\">Step-by-step collaborative creation</li><li style=\"white-space: pre-wrap;\">Limited actions per player for balanced participation</li><li style=\"white-space: pre-wrap;\">Fun, unpredictable, and creative outcomes</li></ul><span data-metadata=\"&lt;!--(figmeta)eyJmaWxlS2V5IjoiZU1ZNnpzSHZwdjFuanR0WEVnYzk2ciIsInBhc3RlSUQiOjEyNjUzNDcwOTUsImRhdGFUeXBlIjoic2NlbmUiLCJlbnZpcm9ubWVudCI6Ind3dy5maWdtYS5jb20iLCJzZWxlY3RlZE5vZGVEYXRhIjoiMzM5MjoxMDE2fDMxfDAifQo=(/figmeta)--&gt;\"></span><span data-buffer=\"&lt;!--(figma)ZmlnLWtpd2lqAAAA7nwAALW9CZgkSXXYH5lZR/fcex+wy33fu8ulu67urpm6qKzu2VnLatVUVU8XU11VqqyencEXRgghhBBCCCOEEEYYIYwwwghhhFYIIYQQQgivMcYYY4QQxhhjjDHGGP9/70VkVlZPL7I+f//9djojXrx48eLFixcvXkRm/VWmPoii7oVB58p0YMwtp5vVxnbYKbQ7hv8azXJlu7RRaKxXQrLeZlhpp/K+YlcaZdJBWF1vFGqkMmHnXK1CIquJ7bAitHKKq5S3wzPV1na7UmsWpGa+0exU185thxvNzVp5e7O13i6Upf6KS26Xmw3Jr8b5dmWtXQk3AB0JS5VGZRtwa2P7OZuV9jmAR9PAdqVVE+CxcnVtjefxUq1aaXS2i21aLxVC4e1EirfTzc02/agIZyfDTrtSqNsS8qdc3vb4mmqjU2kXSp3qFp2sVWHMioaya9uVUrPRqJTobIqZmMPrDi+Oeb1e+aGV7Wqj1K7U4bdQo9TVAeMGHRn46myGi1ZvdH1rU7XS1i7cVNy8557tQqvVbm5BI0G9uXB5GDGCd5M20qZX6PXQBEB0sbzdbCgnRjNn29WOVPIak/6gtduNBqDBWKGjbYBUb25p0js7HPeH4wvt/ZHgNJqNeyrtJgWmWdZyoWBVrUBhBZApN0ub0kWSXqnQ2CqEpPz1dnOzRSJYaxfqgpcpNpu1SqGx3Wwh9U612QCY3UIezTapHMKQZ75WVbIrlVqt2goluYrkOvRblfJIu7K+WSu0t1vN2rl1JXKUphBYGbkt8I51KncLS8cZ2ZIAToTn6sWmKPjJaoPGGgpFJaqlMyKqa8KNQquyfbba2dh2da91A6YMXleSISvWmqUz5K4/Wy2v68S4AVp16emN9Uq5WiBx00Z1faPGPym+OYSA7ewtLrmNsNu1gjR669lCuFHd7tAyuQdtFdrVQlH5f3DHJW7TxHYJeZC7PUZx0/IhdE8n20MLYVgNGdBtKDc3pexhVyt4pabaSOHDE0LCTZtCgI+oN8ub2uojLf46BeQeZXPt5lkyj2butpqNUKkqE49R0ZSadcCW+mNFgtutQkcm+eO0OCX0xyugVi22CzqdnqD5taq2/ETN0ImKSP1JxfamWoon1wuNwjrdYw5XG+tAntJpFxrhWrNdJ/PUUj3cbldLydg9jckoCi5E7jgdyjy5s1IvVsqiKMymTrNzToV+F/OAebxWLSru01O9s5NUu/iMs5Vii/ZJPvNM5Vys1M+K09swo4rx7EKjWlf1ppUKldMd/x7tm7JB7nuL1QYCoGnt+PeFrUopUbDv7zBd0nV/oLQZdpoYr7U11Chd8oMN2oNdJa6CS5f+ULjbnQ7ODue7ncHluZ27t4fP2Sy0K5Qa1MpNMw/trTfVNPrIWCcS1pxskGTLzbOiyZnDZly2VWgXajWWBaxhncGwEyC3DK5V1gSarzTWt8sFdLugja9IHvO6KZlVyTipHNF0s4ZBJHcUMbcq9zRVK48h4HJlDXuhI1qqhGJ5jjOhKjUpPxFbpu0QjVFqJxNQfbPWqbYUeArV2sS4VhstnTfXbFTuLljTcm1po7LV1uR1Lao58PVNum2TNyBo4ezGVm1Tmr+p0GaaxN282eZiWdwSbtbr8LJ9erPBtFQCt6p1eVDYqlTQ3uJmkTkJ4ME6eVnJUPhm22rebcXRYNyvY4KFHSb8dmeDkViX+cFa367r+u2VC+0zFSHtu07KHAvErmI2iyyPZDOlZq2Z5LJqrbROLmRh0JRaYmqUm1g68iu2SpxdFbuBtpE8EjbXOsxnaJA7ulFoY4VcTtdtFjOrjMcrd5eQk+35iQ0d7ZMhq2CyIpzSVkhcU9tEVM2w2pEmrm11h2OnvUfDJuYIoEGjylWGhdaEVSBeApKnyoOliKSA0FRZOoAFCQwkp/QZ5q32LMtyeLpKIreF1ZPVL48lk9EgudJoVlVjV+18JHWkuocDFva6o4EdGzyodqVT0mFZq4oUPLRZeelYrQ4qOzuDnuvPkSqrTBv/qcD0otCU283WIuth4iqynOJPFGubwr5fxNgsgwJr70hlWOjqlY5a1iz9rArbuZjt/HoNxSGxkvC/KoahpF5BromqYpWEV7PZYqXm6dWaZzUB9x3Lfoiq4Y0UWkIps8gxU9slNW5ZIVoe9Caz7nw4GVMn9hdgGsVhwEh7SKp6prJQY3+5Wji/Io5IkIx4uclASMo7W9iSHvq1QVc8ls5suEcubgRmtjcqTge9xv7e+cFsczycRxBrF0SsplW9u1ILSXh0Ey9OMP3SZBzNZwtdy6ODwI2Uqwy8ekHWEh/G3RAHYQl/k0RmDYrlbVsj6zKKnQvns8nFQWE0vDAGLyFmsNOoGAmPJdsl/ebaGusGqcBWK3Wn2Jm4Z0hK1dVLbLhvjYyIVLoT2GzlOZvVmiyAOpgZp+diVq1znEXyTAiMegLKpR2X/MI12X4a+ZVU/g7yq6n8neSPpPJ3kT+ayj+d/LFU/hnkj5eq7VK69RMVzIa4m9tYGdvZkwLCGJc6tXMOdEpAMVadmQHsGoFRnAJd60Akr5MkJl605Xor0dOTIeMQ1HGL20BNsbJVESl5sXD94mQyGnTHzenAKiIS3GxYC8WgUU18OdJeuFlkTdK0f7carkBUWId6YzIbPm8ynndHVHcrQkqTmGoqaf80M7G6VlUpLGpvDWbzIUZFYM0WRamqRaaBzl2/PtmPBqX9WTSZIXOWwwI2nwJTajdDbEi1TdqrnKuIUWlpbZ9NhDbVwjawk9osMQPJZ1jheGR5lKo1Urm6rCRSJY8ahZpaSXREs6tiTcREHtnCnk1m9eFsJpwks11VjKenCUwwSwNLujqGfrkb7VqT6ZdwQwCZxbzy1Ky6adhSl8+cblXk6YVb8vBbZdkSBvXWXTwy61XJZfHURDK5yuXpZDY/OKEDfHpWOnwCN2tNDMCjV668GJDYD7/WvTLZn6/Phn1LJGPneGpAFmz7dsoHizqt7nw+mI0pAqva0knK0qUGzdPh3p9P2oNo+DxIJ4JTdlReCR9eklIz2Zntj3tOO/1yNRRvXmgato84GSQ8tZ/hwPWdkW2HTWfdO+yEeXjJMuCvtbEZjL1MlKBTwZt3/nkmJoMw54NEkolRZpHRxZSkFy+ifjjv9i7awc3EfdpgebkH6SoHHv4Dmy9Ns0YrKSwetVT9qXaVlK1o/SK6KNaOtK1QmuzD2MzVyz1QPcTvBikobHZEazMpUlkldXo/mg93rpB9QCqtQgknfqtit9iBzRcrnbPWb8rImJd2h6O+4yfjGjOWopdQjFVFKogOdGYwEAGP5YUdD3kwjBSEVj90XQHIrj2s3sPGo4kJVdEvAVBn1Kdab7H9JScl4NhRaU2ioagNyyagmLtCkQHdtIECRTs7k4UHZgggFFqAjXva4rTQnWKAHVM7KBUPlDEmgmat+hyNO4kNwrXC0ZXtFnlvs60qUcTH4RmUak31XDIsitvxrpV8drPFBqKyrdvu7fZmo1PVPVmO+VuuijupqpVPV2N50DZWmsXTGHCmF/oqqMAITym9BLYtBEU5cMEpAOVIlW4ySItenAIN06WcmsIaPdFarObkvXqTiBv7CtK+TduCgFob4j+TztgCfD1By9qcbrtyYLHFUW+NIJtKa6XMXoDnKmXsPeNqR8huNW2g4yhpK5MN1YtjSR67QP64bSJWwhM2S2hmS2qfRAnHVj1sD2/FR2GP15EdLt6KCAY0g71BXbSKt0ZQj6dvowRrbXapbrULUqB4ucukYHZhy6YgycqWa7HxtzBHLL+AxLRWFiBLanUBSCgdkeiWhTlKRxeQmNKxBchSQkwxIKF0wjLKIIIUEzu5BIzpnVqCWpLXLMESqtdqSw7qiF6XhsU0r08DLckb0qCE4o0Y4WoJZdfxuQn/nMio1WsB3Mwer4nHvoDcUulGWAM74sTHtkubxWqJAiOk44zHfiyV9WVu2O0UNWS6JkUZwVuCZG3dJVjOrj1JPh+2XGxnZR31ZLomALfbWgCO2JROECa4nR1Hl4Gds2KKjh0AbrC/BXx8g6ACzxNhbzYZjcrDmbVOMO/m2ndZrpC0LiO2LqZtLlZh0McwzgeUV+5usXJbO12CgniImvPWN1noPD8iVktjpPPGG01w8zTplyYj3CcvMzOrxrvAH/88f4IufzLWw6LyZXLeFf74bUBgLwD38ifY5U9GKYXzyZQKPUmbHeNNneUHwTYlCFvdmfGDnmQFRxMCux9+UhWCenc+G142Xm7vqU8l7+099Wk8/L2n3sEj2HuaADN7TxNgdu9pAsy1ujOWheq4P6Cef2F/2Df9FBdHjW+3ZhRe6o72B9Tx9nWbdrvx1xBro7s3MF6w090bjq6A70XiipAQzuZRbzaczskFggvPwy5V9vcGs2FvbXhhf8ZY4FC5wIhBX1EEEh5Dr4cbpLWZ5arhtNtjNizVJcCEPyTWT/MekSsXSziEwJpog3QwTQELTMhI07iLzANViHTtUncaMQsWVZi4GjbweGzHGb9VYR8urAcAtpOcbFA4EJFkFhCdXSeZS9FvxXJPs8UGhr/sY3AOSSg/oQqZwUmwqkwCnaNeONiD1LB3djC8sDtfQiK8Ll1KUKrsfIa9JZQFnRKuYTimx7sT2tNpg41gfbGIYYNwwgYGzXbDa8oK68fQbULWdrNVq9VZYJnchBftUpmJqSLOOSpgfVB/bVOlZwhHujYsC5P9WW9QHe9MjJ9jv3ZhOG4PdgaoLdA+quVZYANc8n3jj4bji8x014jCgl6qqZd4JhMp1eJoch5iEMlaQGU02JP5IHRz0nrz/HOZwdbsrrJxseFbeDOSqcoSjeVA6YB4Lswbo/jWfFNI78W0AWOnqEccGWcubbAYQJbwJIEdUjmhrDS2MbIVYuYA8w5fNuNkV0p4wZO9DpvgApvQHbRZ+uFneglc++At8uxWxaAB9Kf750fDaHfQLyWlih0cUuCqaXmmNol3DOinNcFoOH89WTZcvMudbPlszdVDWRt0RfTG/KXXIupDkSnd0ZJOcRqls8EvtUKBBzIreOpE4ZmVMALPHOFh2Tnmm+2ySGilsNaW8tVyQ1fTI43Nugj8KNteOd85hsMnOnm8bJ8nZD/M8yRRLXmeKhR0C35NyT6vJc4hz+tCm7++vaWhxBtkReF5Y3hWjzhuKoVn5XkzRkLgt5RKerB0a2g3LQ/a4ICH54OdM39bs90Q/m6XScXzIThoMv8eWu5oXOtha7WC9OPh9fW2zJ5HhNg8no9kTy/tP2qNPSbPR2/Y52M2bLuP7dj8455jn49v2ecTJE7B84m1taLkn9Rs6fPJ7Y4+n9Ky9Z/aOtMQOT2txrrH8w6ewued7U5N8nfxlPzTC8X2Fs9nFIpbkn8mT+H7WZx0Cp1nb8EQz+8p1s7K+HwvT8H7Pp6C9/2FMxvSjx8onVYd/8HSmhrkHyq1NF8obbYFr4ivKvkSq7I8y2uWfoWjA+FnjecdPNd53slzg2alvSpPoX96w/aH1taFn9pG87ToDds5dbAbVTxhns3TrWc+i2frdOtZQuc5p1vPfirP9unWU+/iGdZO16VehyMewd/ELZNx2RLvnOdZnsLH3fUzdYGfa9R0X3FPY/NMh+ffYpoLXz/MM+T5t7cQOM8faYUdgW/zFPiPts+0Jd9ttzbkeb69WZRx74XsBnn2O5aPQaehIYAdhknG78IWgXieu1u2fLhl+/3crTOqLxe32p02zxHPO3juhSEegDFjnpKf8LyT55TnXTx/jOfTec54PoNnxPOZPOc8RU77PJ/N81IY4jsYcy9PoXeZp9C7wlPoPY+n0Ps7PIXe3+Up9P4eT6H393kKvX/AU+g93wvDO4TgP/RKW8rhCyQhJH9cEkLzhZIQoj8hCaH6IkkI2Z+UhNB9sSSE8E9JQii/hISy+tOSEMovlYRQ/hlJCOWXSUIo/6wkhPLLJSGUf04SQvkVkhDKPy8JofxKEsrzL0hCKL9KEkL5H0lCKL9aEkL5FyUhlF8jCaH8S5IQyq+VhFD+ZUkI5deRuFMo/4okhPLrJSGU/7EkhPIbJCGUf1USQvmNkhDK/0QSQvlNkhDKvyYJofxmEncJ5V+XhFB+iySE8j+VhFB+qySE8m9IQii/TRJC+Z9JQii/XRJC+TclIZTfQeLpQvmfS0Iov1MSQvm3JCGU3yUJofzbkhDK75aEUP4XkhDK75GEUP4dSQjl95J4hlD+XUkI5fskIZR/TxJC+X2SEMq/Lwmh/H5JCOU/kIRQ/oAkhPIfSkIof5DEM4XyH0lCKH9IEkL5jyUhlD8sCaH8J5IQyh+RhFD+U0kI5Y9KQij/mSSE8sdIPEso/7kkhPLHJSGU/6UkhPL9khDK/0oSQvkTkhDK/1oSQvmTkhDK/0YSQvlTJNRE/VtJCOVPS0Io/ztJCOXPSEIo/3tJCOXPSkIo/wdJCOXPSUIo/4UkhPLnvYPhV1z8Ocu1eYbxYlffl81QvTudirPt+TuzyR7OlDef8NcX58l43vkr80FkAs9Gg40f7BIzlvxYdgZ4G/3uvKu4eRNsDfsD/Dg/xonu3JyNBKnVjebO1aM4mrE7wMHFgSEpnp00eHbQvTSAXxelAu/eyezizmhyr3on3hg8TVlM4ruD2TK6gNXVPj+ymN5Ueq5JnxaJHZVkc1XoPxcHyHgrc0qRgxftdvuTeyOS/i5eNRG1XbZAbKr6g3l3OCKVGSDOSPwcNleXiLgNiCmTzs0He3pGYYvyl4bnid/Qy1ViI9K4bdZdEjP+kf9/m+yxeZgha9Kr5/Gbd+djWiZ3RJkx/uNVB04Zu8tku+lPZLM1l81rcGkYDRGdwYHm4U66T+A8s0mNzMjLQXsc7Uxme2Zq8kNViNd6ZkVTnV12kmNhHdBqdwyQDXlVigRyykIYKTZnaE7eXEM+fWx7rTliIbuT/VG/JPzVu2MA8HPjbMIWhcqweTSSKiSO7ahsFdMN6Zs8c3wqPV3TIkykOTHYmzx3KM5+i1MnZJz3Tl5SPX2dZ661mwt2/9Ly2WF/vgtn1y1BN+xGK2+ud6JCxWRv/uieNOwyNwwF1WUeogKTzNi7aS5y2ehGu0VOeDFrR83NCYg5ckuks6IBf+hp39waSSPMx1XzoKk9uAgdZNc8ykE6zJ6ODOQ7PPPgS+6cqoAOjWV7g7E2t+3SB3v2tQS/fSiNPLQ7mssJBsw8bDwZRpbY2z3z8P5Ago+iDY/QAg1675pH9pDuZM+emlf75jueeUxvsjedjKHbmk2mBcIptpXIvDzrPRZJD2bTyUgHrSSCkl4MWI/M45bKNvYH9cF8d9JnYTKPr6aLUtVMNnWy1jxTK+iemYQ65v5GKH5VELbX2VrFQbHMErFFOybDDrbNzg4cU2s21jVFbK3UrhTYisgWwi9XUrmgIaJQGRGFgYtqx22PONJturRX3oyTmLvlYeLMm20gJ3AuZJGKbHG6pJdd1JNMYlxL0JjcYiDpaodtNGU41bJJJeHZ6LLGD+hpt4xdNn724uCKuWS8HaC14ThWZqyOQMrDCwNmTUCAh5yNOryA2S85F1/IcpJODmUeqhxZAbqXh1Gne4EZ4UmyIdMZAxuvKnqCalu/rrfblVAMm0wwvCSnLVXLMhf9SNJNlJhDmEFHTLe5H4ZGMBuZF+a8YyM9yNuChjSfNys73dHoPAcgwldkLnlH9oboCoM9nifdu8bWcuqbOc/csxTf73nZC6Mr090IH8LL9ZOrDhEehJc/P2IP/GP7E1n0PuR5p3agm0jzXZ63ust4ziB1sTi5DM59nnd0npwDEkeZuWhb1hx38EE/4erEaHJBpqqidCalWB7NnZ1oMGclNqveSRlhaFn67/O8a/uEtC4N+jXl/0U577qyBSzk7GTkeust9dZf9Ja1Zam3WPml3mYP9jZ3dW/zrlfQWOrtioOnerv6f9HbIwd7e7RvO1dT/untsY0UD8SIznPs1Y/McwlUWt/CRTWD3h5aObswmJs350x2QniiOm4M7kWlWEAWPWErneXQJ2mWObIgGc2TLhF8ZQmM08EQez6iIWbHnq17hpmVN9miE7bxV1iubXyPMbhX1xLmmZSdI6EancgmI7lC1IMUuTwTezIb1FJXaVjMd4azaJ5ITdqCoXQ+ty5Da/xVTPFely4UrR+2CPBSqPOLTtMHGV7VEdq/mni3f8m5Ebmrl8y8gqqyyIVI+EMrZiW1JK+WE8XCD5uxRiBND2nGTYs36TQNA3LJrVhFVkiEruB6d8YAu3FIM22j7qqRUlMyjcFcXENoam8R3R5j8zyCgvxJ+ny1TZEJgy3dDWWUYRSrZk0W5nF2b3cmo6s+sSAZ3xPNikzf88Ire+cnI8dDpBmYA92m45YiacUnfg65vZAODtaQLm4Wox+TRe3V3fZ9lAkKU2DsOVhxrN4XZ4PuxamI3TbnTdLE9f73+mAs7h/CtijBMsp+NFhDudbF60ckV8bqPHh46sOdneZ4dKXNWF7qjhQ7cM1W9/b25yIo9c4sXX+ZLhlngf3T0WWLcoA7R+yBinESBngPiIAiNH82pOCzXlJQAXSFdruSlenFmqHpap8NjfELktZAqH/RlkJeecIMaCGIfl6GTUTbFYigf466EcqKTCb702rffMEzgeoI6S8yo+0wkvmSh6stSx2SIPtlDEecDZX6Vz1OydKk/Nj+LDcXOuoPVBw3+ADlW65RtOyvwWgiApFwtf/XYYZ0oPxASHjg+zTXf6Dy9iDC2YsY3RAyD4h2dnB+iomoPiBCZ5cI/AOzITanNmQ/M7tS7X83JPz779KKYJRi97T6wGjd8aVuJFOqCk4Q40Tx4KANV+uNrgjt7lj2JVK6WC9QabteVC73RvsiK4DwMhp1z6t1vDQQC9Sc0n+qsjFDdUlTs4flwwxr5rAa1ov0q40QBxEvz5QrtUqnQoJDlAPYIfNqOh30m9P2/ljunYuj5VuDTx9e6Btvtj+uDcYXsDw0N7VnhH28Ld8LZoPzLGj95hg2LSjz17dQm/RYRufC5IuEvErnBb7xNWU3dMVBlR4iTGTUHqC1EQI0QY81ieaLEmaojov77DBmUjXjGGkLBQFkr2JDm2fZHdpOLfXDxjpgJpjFBDKa+m7MZB0zmJOcaz4lh7wDtYWMEFxZ4qg1wt4KW8h6d8huaXalOY1EOlL/xb7nLUNFZi+BUQcVmY4vlCwDTgyY596utBZ1JgUEPu6blx46HoMR6yLKxCCM0WZR4p3hYNSX4Y20MMV20ENQ88J8bUZj9Dozh8QWIhAC9DO7mOsdStSSqQ0B28/ja591ro1tQ0y7OP8gYGTWoKmrMNvgIAbWWIic5wM4k4AloKEbPHouJYnpbXVn3Quz7nQ3VZgbszAxMvm1UXfqJkS21dTzKRO/0uGtFUqVlr3j7XPSud6Qlw3IBPJOzmZR4JkQP26ghkh2rsyNlblkYhHIsuL4CNXWYfP9eSwJGcwv4kqzBQLEUGiUYp8tyZXQSVpkOoyKk1nfBScOQchG++fl9Pw8brw07kxSLuqR68as5PEMI7fcD/oM2F55IPtsCKwserG8nr4GTVsqq1Agq+pc8nTnm57xNG17/yqmaYgfKK6C2D04saev+JU7WNkzdqWNtBADhaW8ZNnTCAbHimI3W93EtYkIj7K1kAmNBmdH1pyL/9OZhK7XoAmAkLqX68WG2raU3x/vsGVnGoCUJrkyjDbjIpXhqmW7FNevdwkyxp5iL4Zaqp47+4SYNCzsdiadQXevtmBPGvEPNoK9x8gjjnihDefS7YXTJaSaO+G9cCrWJFJk8egw6kssLLtTh9PduuP/ivJILqyEqRGJqzjStDtDYWQZXGMIK1YDYMjmUYJvQ+UgGjMh0aI3okXF0f4sWXoWVwjio37Owsl57cGUE2CHlQRfDEda7pR/czyMi5Mr/6ZdqXF0nqbQlOkCzlqzfbbQlskMEvGQUHFs5KlAuIG5fDcQ+9Ll3dscuW5L0rcYxn/mXNq63ngT3WayHWAJ6A/3JQqaWUQ4szySCGcumuJ298HIR7uTe9ErYrPFAdrSbwgG083S2GLHgi1iw8W0dpkjtrLLHb3sEsfiOOFxXdyZyydm2tGO8PcW35zsSm/e7ptT+7GE3uqbayYqh7f55trzC/m/2TfXMf6zeTPu1PVwn2QerGVtZZFO3KDsSXA3GvQm4z76XXKQm8cSylILvWtujAboeN7c1hsNp0xOeVGNvt60CALeoujKwts9c6sLgFLwoNlgR7aOmIGk2duj6aC3P+rOCuMLyHiVOKgDVGVVcyQfep71dqQcrJqH9XYxaixkvcJ5NJgEVm/VPBzqYirJlVkeVe+JSAJ1baYJPnIBtqw4uT8qbl3ZccBHx8CEgit4zCGcuKLHRlPiKy7zuEVrB0k8/uog6RMSGyDGtoDHZyN4GiR9Ij2LR82ReJKC7Lje7WBPTsHOOdhTktGPsZ6aQGKcp+nYiaBjnDsSSIxzpxtql71roLw37TA74NOXlchBnzHsY3ie2Zm5EwFm0hB/YKa6IvFO9zaUSb0N5YVnKmd5+lfVkoMRqfhO/LiJ9gL19BezFXNu51BmeQ5l4zmUS8+hfDKHVqKLg3vvRklWJXGOxJGk7VCXWq1DhNdGbo3e7t5utss2prrWrlQwSHJK79f1+t1dO8Y7dfgFPA62MTH2Hl7W3sPL2Xt4+T2Opono7HHEDC97HDDDyR7Hyxxn7N0hZcf2OCReNcf3OCImULjHAfGqObnH8fCqObU2vIwrKp1KuL8Tq58lpCX6LH4gaN5cClm7BveQ8zU+M5DOBzYp3c/YpCBkO4IutNb0Io+Rm29WCvVCp129e/tOscJeCxvcInxtrbXfaRcaIca7sn0P2aDdlLvZ22KSMy4tQ511acHJpRra0oiLn9nrijDpxHsY8eVuOMZ11pIN5lJbemXr0oeOQCw98WuE9/sgc0nL34c/kyDYMd7SAt/fOVSM76XqPM6vEcSUuU3oFN+8E4NB8wNt6N1gX1J6H6AhCUPvcECxMewzk0RRGxztDGZb9GYyu6PMPu+ymcvdUFamkGjfQCktdzjd/6aePJkPQZtVJRrMLkkN6CasOAw/RVjLNOBn79FZkfyw8fr71pDRiI8Bmk+koDy4NOxZm24y8YjLlRa9weaVNsOOXrvyFcYZhVxxI0+oSCq2ZXSEpvgEtnKpdHZbj7G9A40w0JIxH0NoEWZHJrV2C/OIFbRTHw+SWpbmx9mmNfFlsLctF8PsCAH2WnCic9J0mq34lrYn6aTEl1x8VzsoNuUydoyZcdkEOesAMX6uri8hk8o7BoqM7QU2/rKpx6+0Np9Wkl7LexHbzYZ9/0DugLsXCL2rCNg+JDVDeXFnO37R9mr0Ag4fOyBZ9XxVMQtWKp9ClAuQWmSWdb/R5YRYZahYJtsobFXXmYE0YJq4UTV9U9gLz+oVPV+eyWsVgbuPrm+OZCocO8vFASgznDs4hgDj97ZBMHLMxsMrV8MWZLdbd25v3QXAL9XPyX2pwFIoJlxalhbvK6kJaRXalp7n3j3ybbWQXSFeOs7oyYht8PAyCuINJfCsZO4yPqtRNJfo5ty8ipkRXbogPn9DtofsvMhWy6wrA/MF1gdyzf35iA2obNcoZ7vBaLICSySUfB6MtQknsKG+mcge4mIEeGU/GhTOR5PR/nzgwtJsOHppoXzWN0d+jH0dKyXz6ygVisPe/vlhL+zuTUcotscJtURT29guw3nQaDKZlqAlh2onzi9L53P4g67/W+uOf+I9a9uNSsXdYy/UzhbOhSS8mp72yFtLxj8+l+rPMnoUZzAbqUVzvL8XillBXjSZcQsrlj+y0FCmJIvUhX22OzOXy2sn0amVqeyCZmPzPWY1Rcmt/0csNZc7GtlSoeFAxxZUHeT4OhtFVFoPEGE1XukxThcowZ0IWmx5QLgXxxsd0K+grBj2LUvHG0TdZCNeJhmEkuyICMxKPL3cJVov7LSbZwTiu29SBMl13EzlbrlNTirrtC+X3OYlky/O9qNdLC2KopMKGrgBh+xLFNG2n3q9zYQlfWGdlFe+Mu7uoRSqXmGi3MHObPBj++yzRXk4LbpgVzs/2ptM2J2LyQ44QlARHqiavcCGf6lSd3xBfNrTQ0EHsDCorJYRI5CUZCE2mPd2eSzRlFvWSWe/ythYBJlY2KBIM5H5NrtCjJVs/hE+QW4BG/9EpIlqHy3zbNqdHsNbOu8Ugdi7wFo6hd9CsCCSUaz2mYehlqwNRyOiLCiqZgty8G0ezjZNsyW6/0gmbpwJ6SDL4IoF6LvFj8bJGtLj2pAHXBzps7lGuQAhE+/oFD3ryDHba1fMMVuvGSvj8WFUJlDDxpg5dAKWNRSkQa8WtOcsalO3NoFNRJllXer5bL9dMogGF8TNV4lk2FcRpgilj+1FcAXBALChgVioLqISx2MEAYME03YckBsQVyXCVrRiPqizg02yReiNvBXD/pVFgakMQO272A4mhzi4ZzcqrFsb1Rq+7tq2La421rf1WypgMXdY0865EqnoF2a9hAv2I6hNwXloBA1ktsZZfzgmYGW3NWQDG6eocfRK3f3ZEA69/lD3VA2sI1lOpjSrJhr+W6N9XBzX2lQzzFGqWceLChdtR1ta1h6Murhtu7ZCdqpAW2FvYO9dUcUZEZJBeoAzdtMmd+EZLbZs2fr+aD4UdgazNQlwbtmxYcR6mGsGA9X30tF7vzShx+Lw1btyS0turDtT5N7GFD+Fh++ckcD6HqQysfuRTRyTnNTZXlwQAZSvlPWd3pXUK6KrSaOVcX/q9HLgkhK0gDX6N401BLO6Z7l7eYB9QGTibrYWxZmEIAlmxKgllOj1dIFjFxlIgWJxZchCUlLOFqlaLtf0DVhcCzWvZgGy91M4r3BVmXAFyPGQeYfnHMusiL/C0ytWavoBjuXW6kPbR1QjAigNvypIryWkUnRfTW+T+ijhIJQ5RHOVWrF51q6sGO6CGwfc37b9FFeqVWveEwdR3yRiopDyCuOxM7W4Bfjx8ysW+2FuERLadhHyzhIAlcXBT94iD+rVxnYMzkgmKcrWC3cnRfimdy+K8pZkUrpSarYblfa2RNw2ZaquJsvcEVn4GAv7ptVRzWlUfFm/jq2R2l4r1Kv6asdxzbqXHE5o5mzc+EnMRGXByylOoVDbbby5EvYDyDWMPN7wAnCtBbQKZfdS/HUW4N4Evt7mlCvnYN7QlMr6qsSN6Y9a3aSsxL25WRZu+STW9rq6tLdoHqd6s95woFsVJCil5qaSeJBCHFIMfLACBa3QKCGY7WqjXJEN7W1a4LAPlN2uZVKJrjYAPEQBDtnBHnq1ehjfm4uGvB6dXZSWcBEvcArU0s0RI96g0xAwhZJ8VqlarNasQJgUG3j2unHw5c1GK5qgjEtSa7acBDPLby5lr26opE6eWTlXqdlJZpo45WplvLbV/1a1od48rTHKpDLF2qYgZDsVVZvcOtERoZ8/hL5aVeZoTxt6E73tKaikeXYsHGEN5P5OcHVlqg37ar2sON7IAZOtbd7MdL6qggSs/fhUAoPssfTvReYtgecvcDGPcZPQ1cGQem8ASeGE3mGmZynK6XPfZBa164OuXMWVRV2MayiOLIEINesmMeeeM/B+bNZTvKYocLIyFPreDiFHIUfan09cCs/QQrWRtwcmM5+wpbBZ1iddXq11azszjtnLsSOIwWsS5wCWtzRDvdjRwuWRw4MVHE+7GTpqVt3pR31yaeBCB5NR/4wurpyn4nmsJV6Fn8LdICgrQkLMVDlwgxXPRPKlOPLpqhMRGIxE7Mq0XvC6yJiMbTXa21k0NaLM+QaBpDf1plcGH+zCAKcH688q7HuuLk1W+kOO4aUDmfmQRX/OFqwaTZ71DCJ0kGZvNgNRKNMpQR70CxJODHqE7uNMRgpic79arsgXORlDc3aj2qkUm9b59/QdcjGzPnNuWz7l0tQPYwYhWALPlJryiUVSWdYAoinJt7Vya9X1ekFXgzxJiaqRXMHFu2gbDQq11oa88iOvfYulJeVhUKoNrI9k3D0Nhx0bCbmmyhobf79Bb6jGOT9kDUP9QrQQf2xRqbiJ98fTExPLBLeTfgnbSjQbacZ8gDks4tuc9hHZ5nh4uROLGuGp9zsbTqU2gg4SkWeYxJfChES2uP+85xHgmE1w5tqyBYrcyHG+bnNSy3OZwWwzJuTHIDtaAWSHg3tjhMgc9Rj7OWv7UcMpOFtuTvG7ct2DfrRtVdP38oe0j/WI24vMhwJOvlI4DZTMsW+ScBlLNZvAqkazPft1UCs/+4HQkNLnbFbkc5AAg8PJ2V4Hvf0ZO4K5hZmPIOR7u1FLOjfZj0ZXbD2ms2f8rqaF7UtsWBCDm4cm7+Hj9AcVQo8Eq4Rsdl+njLxfsakpP5ZNoLfP5aJ+FYdw4LYcmWHUsiek7DuYHjSXjbc+DDPufdn66Iz7nH7iKtSqYYUVqBzSRbNI6hW1kl5bMP6fZ9zOXu/S2UvDT5/udqOByRlfExb4jGlXpFCV6zNmZoJU1iLYY70jGEOeFvSssTURWXla0LOTbgjjdOJt3rJe3uePFmZMRfXOwDw/DYxl+q7A+0W3z/g93VwVRJdE0T7jmf9jd2/42JyzuKTlYDCM1ti9hgKj/V/2hlGIN81e20H+MZAmaxXRGz37FVMcl33Tku3QRfMV3/yqp9nyUg9+L94skv6natnWOK0ZX9hKoD8bHNgbvs+fPJcIcbiP9WWCEwCQMdLNjXlBYP4Nx4SX6pPJmFBWbTi6UpZ9FPBPcxgeTnbmbrMUCi8w+XY60JiMrRlwYv5ND4kfsmWFylvTRYv97/MD8xvecLw7mA1Zr5zAkGffvC4Gp+SmBW+ICxKRKfjXYrCLnyUFb04K9FRrUfDrcYGE0Bbgt8TgFD9JSILyf+FFCuwDFBSJUHzEjpjCLGJc8qepEmFYYB9NwSxTAv2zFFQ4EtjHLKwQvzQTma/nvQ9kFlFDDZ7g43je73uHsl1MUGH9/YyZWBh7k40B+w/0Jc62rDfEeR+7az0eicw3s95X8ADwkbqjVpfxXDgy5ttZ84cZN6i6t1+M6mt98zxaUujyRPw7pJIK6WsdfzddsFDiv2/BiReRUqrX+ebV7j7K8tR4ubcf392AerqRN8oN3x6L1uHFn4+vhyBCsSifcD5MzZqFM2oFfjp+f16V5V9LVNKyZos/iYhLd9DTfxMTGyShg6PmUxJgIyxRWq707QUVGYXyYCcyr8h6L/GXwMg3Mi/Nej9tr1lZYMiJUWS+k/X+wt1IVtl8zDM/tshakyQjipPoRCxwuSXy98YDJMpygSIwdO1BRBitMpbhwlybl8TXUPqDsa2o3f7ZZYaxiYTmxKfVE+2XcrozmUaF2aC4f94R+s3kckooN1zM633vm8m9YAXheb/B976lS0TspU7ijO3CNK5QEy/SZM3v+3sLT+j9gfmO2KrRRCL8f0Z8R5Ls3xlpgfyX9M33G+K0pVxFye1dM1lsQF81Nx4AWcTTCTS+lLZqbjoIs6hn5sx3DVpuMOr2LSzzePPQQ8C2Qicp2WIiytV480TzsKuAFnlT4CVWTnOjeXictkVbkk3dxb/ZPGIZYtHO4lPHF/Lm5rGLnC3+YZFQgzXVXDKPi9O26G8rOdGg93jm8XHGlv2IU7OOg5r3euav9DWjLau1JSJwk3FNzqnYCMmByj9YKmW4Ls/3u4QKFxjPZ+ImKLggsnjRDyZlGusfprHsAi7ySqO8II2CkZPX+wD/eBoc4t4ya+8ZzCYUvTBd1Ni3H5axH7W5bH7ikEKnA+Z55kWHlK7FJ4h/1/xkurjUnUbm75sXp2HJ2v18z/yUx+qL6Yupz80/saiJbfkwGF06ZF8ceTAn1+J9kW8RFUWgSskzfx6DawiI/L/04xep9DUSEdKbMnvdyzXUQc6L/j0O9wNdBMVK+d4/jgNwzGLxXfHuP4srkQKpg/XBwPyFP4fAJr5KTY+uYt7z5k88KWHlHg17eB8HSl8azCdyxiHXcDtrA0jCknml5/2pFxfs7CyXfNRL3vQxb8qZf++JcRJqb82Z+xfaKKDIvNvzXqisFYf94aLZf6SwzgzxKaL5AfNqhBdtdPvtTq1DGbJ6oz84+ErMTwaRvXjpHOwN1InxeXHqxdqcS9op8z2jSQ9HHnjepiz4eyVTx0Uzr/DMO4KJjDyRo1Wz4pIW7fugk1xhW00ytvD7I0wcodqj8rSgH+TQ1N4hMFNzLMnYwh9aPiE5nspahMIe21Q4PSVPCyrHx0xNXdto7c2BlFajpj1zBf3aJYCttyYwtdzvC8zvpk64m7Z79PS6q4C26jqWjPBHcrpwfTpvUTYi9cPsiRMot6bzFqVhQWpcOVe6LZW1CM+xEOYmJ023Jxlb2E7yIbJlQv5XjkQE4o6eHrLI2QrhDp7ZwmF79CJry++xFSxIMB6TBlicvzVQfzEy7/C9J7i0LdleiCoOrt1xAGQRd6Td9cFkbyDXQb/se3emARbngm05BgrWXcsgi7c7cZGmEc5cdDEuFPx3ZubMkMWaIzi2J9K1XwqWS8OLw2mVueqZ12rJJkuuzN74PG5uflnhixqd3WHvIiYqouxXDpSpjTK3El1N1JspofdMIvMu3/ujBfzOvvmgb96Tsb3TBetbvvmdjJzhyZ2bD/vmvZkE22n4R3zzJxl5vw1LyiSeTGuDHVauhQqibz/npRHaonUHMF6xwChO5oQ1D6Hy8wdxDiP0ygXSomQoXssUY4DhQ6y/cBBHj7ooXaC8SgOi7J2QYMQ6jEgYL7VL/8jjsI+gWyHC3Zy3RchyZvprEt8pnD9wP+IF/vmJOJt0O7kQ9SsOZjuRgF/vwNLzBPiPHVC7mkDf4KCoO7tBjIGYlTc5IE3ZiY00fs3BbFMJ+M0OLE0lwF93QG0qgb7FQUPVCQtmEUvL6p/6u5PYeUtENTcPNQ8+DG4nSyuS77WiiANTNiy+LmMLn6t56RdLMzxcTOctykhBrW5fFnlQ9tJ5i0KDgEqMBBZbDZnZMJcVeHrfflH3tLmieVu6xlZBsxsJ244gDfy5LWJFVL9zUfBxW0AgFje9Zf6lzVrnkfz9Nt/CD8FDwzpKrZb5yyWwtl8ldBzB0hdsUZpxW7Rm/soVyZd8XdX12UQ+sPhFW+LY0iEE+h+XoFYJAH/JgpWM0g8Hox2E82ULj10tqpi2+Rm23QAJsKFvg3tk6C8z6D9rwfpB3o75A5tzPLuRoqUP+MTJ6DTb4BXzhxy3Xo4zH1yqoVygI7o72TL/2pdwzYC1+xJ0lE/aHfbwZ7Leq1haqHnQMbovc4HdUFs+IPKZjPnngeSw9Pt7ODUA3qkAitdheNX8lmZtuYW8SyEgFDg3Z8nom99WiMVJgO9WIGh0Upr9F5q3SA70nhQoor90wXwuYz6lYGqmYP9WYdpBeqKapaIwNfPpRdFGoo9x4b/TwsLiA80N809t/wfydZjFnvWtGXZ+Y6zEencPq2Rf6P2kPxcjroMsYS/dxv60WDx7UzHEwGk8TAteuigo0taFxRrKsvoz9p6oklLX9qO++cUUrEMt88PmNSlQeXED85c8ToAQhWL9iHltCotwL77xpUGoFzdg+rfYZnPMo6604t9t3pUCyReaj5rfXvDK4QoKg4OLS4vZiW8rdigy95jfSTVFMHeAKsHPe9OY9S4Z/qkcf9cjE5ekenCfBFPn7Jwkj093iZW6K5fo3pdqINQX7EKm69xGr8Rc/9mC1eqCNDGDnPc5b6IfYbTIMfQtQVJBBwi56bmPeX3O/E/PXvHQNfslgfcRl5eDJVx2ew/kpYH3b2OJSWgOGuYVgfnaAlYhMgbkvy0gNfpvPYjXBubrC7jWxt3DF/zvCyj1LewbC1gJxWUIlVW2I4H3vxdlxcHzhoOrMf49R6QOo4Mvk1xveE1g/s+icgdBmNcF5r8TGXKgLWcNsuYXMt0kOheZtwXef/X30DW2RLL5wWUMvOcHC5QSY8IZp5x+vjUwfxgQaTvwA0XHzH/1FLqJWjrrvmr+BxGuEOadY1pmV8t2n9F9RaZv04e8Rf5Jz3wHtXmA4rgPLwvMx/0xk9C97AZMignEma96z3Wvk3/KM/8pcKROO9inPfNlMZEQtRG1/4w4+/LlTzGa4wv77M7MV7Lmx5GbA3d2EYv5atb8pp4tMvfkHEmpvSNnXuVrx93mDxF55jXxprbE2IlAE9fkl/xL7PcmLWbBeawF3qR5q5j6vamSe3vO/EZcl2ZwZ9VqfGTFfM2fEogUxzKU1oj7DTlXAc18dsX8YnCvHnTKq/tE7Ri0gflAxvycvwCX7A9O5NmGW2DZiiXcPz/neNcVvz9jft6Vl7o9IhsYdiYwJe8JzCtdSXU83Z8nd8U+lzW/7ArET5wPp8j0dQ6yMbnEeqcT5H0Z86uE3M4qPMSWX5QhQCT/BPmJAUBGjo2oKW+MgqbVQfmiI1cfzLt9kdPns+ZFDla5JAI2n816P+kgLVxTVosr9cF437oGX856P+UKlXlR2wajq6r7paz5ueC50WWpRkgiY/5joNrBUhQv9ZH5FEukr2BMOwvXUslv2RIqWM2PzFcz7B0UaNHPivuj4N+24PoAH7lfGoxGkflExrwmw/RAjRl4bLqEBNCcnaFeUxaW/pt/sLyFgSEAwpJqQ2cgfd0nVu1edH2lj6UaRnq+1x/gDTnTiDC/YGMO4XTAujdrcO7JSaj5CbBlZzVFJaQYxNdgUVFBrLz0tGn34yqh383MZUqw/n3TM//Lj6RCRyDKymtXzf9OwQibEwwxL7LNdgZ7oshy6OHm30/ZAoJe5xns162a30kDwsGUiKlo4FEOWvtDCZ7utbocHnCyxvL7nzigF0+nPSGU2zdfctl4fKj1Zd/VqmmJXBHuiCRelOXEzBU5guq8vThr/ksMt1Va3f0Is/WSrPkqGtzCQJSHMo1FNb9tR4bYYGW8v7eG3WW+mK9nzf/y4gIRSlzwjaz5h34Xx6Q9GGPRIHBikbOOeVEMg3UjKomjcvIqoEUuDfQIC21RO9O0V9SvuRpq0St7Q3iK77jewsPlbHF9zsTooGYXWT1BeFA6b1GazEgUL71lYSvzqKuhFv2c5SQkIAmJyHze9560DLJ4aASha5VEJC7w95knL0Ms2vmRDsg6rlyEVfCekspbjN4Ow4bORRfLw0gFhTyiq4AWGcuntCdryMMzLH9J1iJcOo9JW/pVoceaRx6EWdS7iZX2mdj6czp0zDzVPPEAyCL+aI9RlPsIRzRhgT8Q4TFUWadnIVKUU4eblyEWrdZ1d2pfFJg/4FhXVnXNf9gzT11kLXLfAhI+t9zSmTe/rkEQgnW7IY3MzUc88/bADkuRwbZ6FosKwdwrZytM/S/53ks8xlbVWrSKspd5kfqgi8/x/6j5FdwQCRyEe8zKXXpOf17v8FyUZte8ybMtdmClEIVb65KA4D9ziKgSmtRjnwOTLGjnzTsgm8AYKIj8c29Hri7pPmA2GMfz8qh5p6OSrFMvDDiBoAwDmjrXqqn+xJLJmg94Y9A5BCCrVuIzvvlDPXwaHXjB6BO++WBcIH6kWOYYAcb+KC5bCLQqgoN5Qfikbz50NUYB84u1Y83lKN38sSKg2moo++Zfafe7GOEZB/MiOndxQByswphNh8hc/I9P251qCZo0iahkCFrm3y0IyNG+UHgAAp/xLg6ucDhw4QLCfGPOfNa7NGG7UJG1trU74/gIEf+FJ5yKdyCaVBzsTGb4JZw9SAf73n9yJ641XKaIkLb3n705IyxnCSJ58/yc+S8MCIzuNjmPRclhFEdvghXlZIU0jPyEPwKfnaPbMb+YGDpLmhJ4W868zOecZLc+wFwr6HV583IOIbDjnASL28NfVR4WrV/woyFrD4GN+ASz1R0PWH89DqG7PXqicfaNTr0m8+d1K+ZtvgT+28x28/oV8880V5jPZ8PzxLAi884V85epijW5E4hY3s4aEccXLw2qEu2niS8l37ZQRu/PE5aNISWM5v4eMpBd1dR8iP15UiZhn+KVEN+Hko9mzHuTEoFRiP+Q996dhrIsf9Uz/yIBtQdE3dB6Vds3sAFPSoQVPcOPzCfz5ncSeAd9GDcwmXTnM/6cBWL5Ns/HA/OuTIwc9iZTCHw67/0H+TIMtdC5q7v0u+pmMybz7mXz8Yz5AshR8onX13N6FkwRlTJ5X2B+Bh9d1FJfl1nH/DAB7nOwUF5CP2k+l4hU3auWbII43/a93wv6h75C83Wf44MIJx0GDxR9wze/L9QPedPlmz7Hxa6WctNhhmqINzJT74vBeYUJ21/zOdGaMhc6BJ8kivO6TKS0nM0jXJg5z7yE7JbjPGS4+jJc/zM+9GafEBdS8mXPfCw4UAfwC1cJPQ+JvI7cS++Vy6z0fSk1HG4GM+xujH4G43HUvCBwdz4G8t0BLaiyhr42Y34iI8vUZGcnZKbsRzJc71kx/9FnMKAYmzQBfz1j/siB68zbPtoj4G9lzIcIZOEvCaKlYt6wYv4YDlO3gWDswz4zFTeLLc17A/Mn7LAIk+Cb7uAMmjevmH/lW3vArFXTQU+/5GFpe2Le2/bIcrHOvHXFfIrJrlDruh01/9bvT3ocn3JKmqb9lhXz76B96ar7pJzoBd7nrLdagCwHl+Kz1obnrdg+rxyrilu2V8x/ZoO2h9ud/KDGCz3UJ4a5X9B4kWf+B/bC+urIdMwp9QjDw+jSMqL4efxtJqY7LUUNgP14vFct0qvUJ93u98zXKdrp7o/mS3WQT5+dMD4pCke0c1EPah/GfVfooorsebTOHwd70BpW6Ns6019hH0WT4+r1xTd7/jvki0lBdbyGfMVmviQzS+jCCv/b6fL1wLw8OO9W3ch8boWQRaSTvETriPR1qSyDNFr6MNEW64+M7Qt971WZXro0TCph9VEfjO2E9joTATFeM3pKP75FwD3AzrO24RZQtMb4R0T/zb9UAyTZUvorXs/3zf10sYJjcUW7WAIuWPTxa1SBlNxdaWIxUJp11umpVY1vHF4Y9yBv/keqo45BW/ObhxawC/N+PLPPTqPevejgEnH5QuC9NLOXgK6U4lZh/qh5UWaxe27ZwMSavFZ0cXBmOC8xbjpVPPPizBA1VCi5X8v0aNvhJ0N3v29+XgsqlwlIiNg+H3g/k7Fumv2aUIlSEQ5tf5vwKSIQbClvYPjh520KSngsD3DDkutWvxqbv1IaB1rf8cxvMAgSU1wqgtW/UoIEafXHW1TO5sV4iUFvt0tAQN/Wwtysen+gEKmKYsoQWNy3rJq/DLrDEmWdXeRBjHrVfFWJCiymwADA4OcVHjdGkNn8yRKkJu94EWwIzJ9m0vAqCsVMp72+XjX+LJ0pUV5084B+/HnQZTPD2OCWocOe+VfBbjcqDgaYVmsd2oMxMhTj8AltVEfPih0xSmTbM//68JKFLv8HlJ/+VBEg/qG5b9X8G63S1JCpLlMvY61V7mUgWyxXdPyTihSzWxar87nAfEahTu9gnXArnftJVKkEvGXVpzXqXmFIm0QJkYKYhp9V6hVx1NRofozYEXUUUKKkJlIE7w2KF+pcUMSXeuZtmT3izcrnUfNq+d7seYL2JvB+MdPbiziJoRfI85uB+dUAwAE/40UZ80YBt/EKxZxo6EkKXpoxHwnsl0AGs/Ti8kuYMQst7Wl8miVY/SJYZnWMC22VpfJXZ8w/ScqXSl6VMb+c6ap1HejngEqssBcQ92DUb2hUQz6Q+gtopaDo4lJzzuOrA/3qXnnWZd0UWvevmH+UgjF9K/YnibT0kyvmDYwRBFjUYMFC3w1nDhqHWxT+3lXzp8H51NXydnyF/cMY7Uy6RLiW+eNu5Hw0MD+X2d0/LxpTcB4wIjevz5g3BXtd+eY6jrbscbWhN2TMB1O3xoXCO/N4jUxD1ZEWijudm3flzVdi50YaZETQ4P+GC3XBNY5E3pjZm0hbiddlPp43P53BKR2M2MnE/ok5br4VXBxc0Z3+lvi05nN587+WQaJJ9+fNhzOY+cWHvlXZ3r9q/idrigTcN3CHxPh9YNV8OyAqDnfaqxcxFJmYXhPham3zQcJdwUF2lOaHVs135PoAgWUGQ5x185FV82dMhdKIMCnH15keCbrdN/8nIZEcn5w0z0+62bQe5HHzDxNQebE//5UMg6wBZVV48+FV84IFXhIqjsyrs+bNSUH6Kubrs+bXORPAdggiM5vWiFfmzU/hwkISX3FtMivECOYbee+DsTFPoLYa3flI3vxRZk6YJDLfyqOOeAwcrVbsHRTzHY4F7T0J5SqeOpF5yYp5mSyAtcGFbu/KgQOh12ciNRTMeHxqiQ4QH+XU0PxGJpoOekUN1IvUv5Y1/2wBAg/PeC4+w9sVWmIYtCQJ9h81v6klCu2ITAtyjiiCoewdizLrvsUXSv+5FlTF2m509drW7ynEOk5ZAt6SsxFhsr+vWaWjbSxHi99/oLR0IGz8B1quFtS+nfFRGfLeYHcywmdEPL+VzpdG8mp+bYi8r/Rk8KjwoTTCYr0qCG9/nOlbZTo9nJeJUnrmt92YdRjEAqG9nW4P13PHvNwzH8noz2YgWDlVYgDNG9ikWGBNLPuiJDJv9Lw/z6wPqTslkLfDxLcBGhNsrlc7hv94bNgftGt2NvQlKH+Bb3ycWFflE4HxLtgSuuNrUn6pLQgP0QvfJ+LGCR8Lm/H2pxE7u+6eZHwZ/3jZNn4+ws6oQ5EbJjLpI5S8yU/xRhidt3he/K7wrvFHGjDS6MSuCXpqzlwuywaDIEmLgNSoLRMCIhlprrk/59ChJrIx9h00XE7jSVHMiRZGdDfhxzvIjzQtOJ8J7Ls7S4u1nxXfAWl4wx4jgnykGZkP2FAPPvUAT1ycTHeauriYFUrO3UNoA5tqOFo9LRRPwkH8zSX39Ard2VvkVM/o1uTicFDk9FCWH0J6/rXnNbOB84UEQLH58jDqjboYoxltsGnCM6WFg2V4MnFZgMUe9q7Ea2VGYi9TjR+Sy2KMxpN7MYgEESwoZ1cml8vPBuoC2dwKKiqu3yz+hsBqAigP0j7rEWiMrrCzixzi0QSwjHhsOovfaohRj6dAy8gnMG4XiZQRFLaoJxPAMuKpSKeV7fE1LLESkovz16ZlHcZuvH90YI8ImMcMIZ6guNKiC5x8Gv9yIbFuXw1MYG/XaPZr8uaobeHuBRSkrIOeW0DBzTloaamJrwTMHB0na6hW5tLBLwZm1UJr7LpZ745g6ghrg3A03YllWsYvFhoNNQqm3izrO8Re57BW05gd/b1lp4epjpjAvWxrkk8nePFrt5gFwU510ATuXd0FcvLWrt8+dOvr3zB3r8x5/UF6EH3CRyNQ1AX4BkKP80O20y7WKd9dcdDu5RQ0G0OH45raHl0UKMjFBd3LywX5ESsbra7sYB+wBm51Wo0mvWF36R2+Ixcmkwssd7FCEzlkPM4zNBdDAtE9fZ3hMm2gScfsglCiCzKRQz04QMWXwZVxH+CJBbA46V+JcU8ugy3uKcclbffNNSkeFXBtt98vXiFSGNXQG9lcXMcAEWhuD/r7RHfr6hsCvr6nA2i1iGiruSE1Rk5QtCtjV1lzL7CHpUKtwtMr1cNkZ+HLPoPlV7KQtjZtR38cqCThM2JneJoMKVYxws2SHx7hAA1bmoHMWgoRq+zjvLATEQ39NhZ/R0vxgALPP4A8JJQWoxq/XuiUNrbtT2nKt/Uk09C3+akWs2qrG182PLq3sLxOpviNhtjaHtHYYcS5j7i+lARX1bVOLJ02XuU5m4WavI1pUlghfaQTB+jPsOLFK+whmTXSCUqaDmb8Qsh8KVf1uw2mXEnlhPUSA5Lari2+HvvijHd1eYVClhi6kkC1NWJPxltiShgpHcRCjNVQ3nSmcaNfsigXOvKutLR01Q5xwcvLLC9LGBXKhJVIMqUR+siGyXhzysuDqCdTHTG+wopkqaZFNqsblYIIQn6yzbj0HSQ9l76TtO/Sd5EOXFp+vi3j0vILbtlWoS3fEmnJhzxyNfvFhXyx1iydec5ms1Mht5JiIcWcr+8oKE/I7IusDTtYGVnYNSAsrs4lD8tmN7SlA7thPzmMIk4UeO4TvKiQgzokVG5AREfMRlyyjH/IRjpFungl3kCZ1zAKcaUY2Izx6MzUwQze7ySB05RfPRjojlwzl1yezQyhec+7CrFiRzmFKAF4b+Pqja/v71ogKMwJlxFhkvXrXfE7sJHJjtj+rBKYPWTOMJD0MbN2BWSvDpA1580Zk3Fp+x1Kdr8mu0SttFRsvK2nMuJmCaWBnbN2JCNaT7EpNRulQqfS4B85r1XbbOti6rdqhVJFflddV7jgKjowPhdSb3LKLjDt0FtQ9d5EbzyN+ZfA35rBTRuxhdUQgoLeTq9Se48E/q6DfeukG5BRsHbLW0IqLRotRFehR8jQW67QUm460guTcz8gbOxb+Z79vXl/TV/LD+rWxmbijcgyd5bOUps+OkfQf4eggfDZm4yJ56AeEbtGb1kLbG3hAmNTsXqmL4u/Dckq63B+QHPYce8RtaQOTMVDiQ2r8PA61bo8/cZmvajcLg9eayHwJZaDZZZ3Fk28k+Ztlpggk04cl6BE4GIptsRkxf8a4jFsCdMy41BCiC7utPm5LpHOKVnWZY+I5rAr8Q8y/h4Hp30SAXuee0uoMjs2WdQzkbgIHfz9OqExkx2M+0kmVxcKBV2NjTmCxsogmVZh035Qr9Ncl29ZCHw7Bvp1+82rYLPhUhmHJtntBJoNz1Rb24sP9eU0XyyUzjhAXgH6Sa6VsNLRVqR4u22HYdUGKGBN+MXL0FMkYTQjqGD8NYzGRMXEkw9w4i64i29qqpHmDmf0rW6yF40QmrtQqYD07zFifdcSbPxSES2wMFXFQrPDqGmr2XzOtlvGHnL+tHwpkFVvQKgIX0g+XoCW660Ckn5dDpFkoAecOKSX0A/KJFwqrFASqzx6d0mUh4S/5UytKBdoKRofhsaB0gpFEAnGqPOarvHwcymFI9G95BTbYnwEg7S1BDHllF9w8FNYXrK+yieZ3Bep/AVQvubUkIkYhO6jWvGXrTL2u1SLWlkLcN+xir8rm1uG2k1GfhkY70pWlsHJ/mN1qxpWi+q72g92YRQKZI7GX/g6lnxv67j7HUEUj6aUie2DfT6xjKOtX4V0coFk+Tic1qmr0A4nd01RP5mtDSYivNYBXc0Efp2Da4sJ9HoHtQ0k4Bu2Cu1qocG0astXdTrVirR3oxWlfsGLOotRuqleXXxS7Wb5blqcuUVKEkHeKkVJ7kH6ZbHkA2gP1mz8obHbNKdsdKrNhjR/++ILZQ/RUvextIfWDn4O7eH4dKnvpT2yuVVpt6tltG47PFcvNmvbTENjHrVxjs6BK/7fo/H4tsMK7dUgW0YibBjSivGYsNaUMaDvtK0EHqtfH5PPkdlPnz1O8+5rZBb0+Lu3W82wKn0g9wSs1iL3RP1ct00/qd6U1HanXdAPfUtavnj25EPgIoGnOHiKxFMdSLdkWvlpSxCpdkcMwVbKgnen/dbkdnNtTayoVLprGSS1nt4qdBBGu1pnfOwnBp+xALE7AfDMMgahWdvCOLufqgD4LPtrnrEIn12vlKuF7dJmW75CvO2W3+/RvrGA1LfvLG8zIvKJJvfh8+9dKtOME4J84/z7FBCXxqLQXnz/4UXSmx84vEgI/mCrWTu3TkZ1HMAPFdol5d52XPqiE5OiQlKEANIFxaSgKuGUxXwtnamc0299otf2o25lNxzKkevY3cJjJTa3suFO7i4tDPvHUoY9jVKhXKz7JVcGFE39Kj5EDBFsQP2FjQenIldf3PIEMi4LYVW9ZgTNVLP30+xSWYUC2ksu1pvXrEhTbmHSMHw9uaYNforWJ6F1NUKFUghmZpN72Rbg5/T0lBF2gYTTrlwwxNcfuWRGKbTFEZJgf8ttaCCUaunTcUuH4VVAokHcUBpZfLkT7uXXaVouD2KK4GcheKC0QtEDk5HLtR05xJKAFNgpWp93tA6iVChfEJzHJeZLGePbg+jEbaoNOW9YUPwiFA/BqM71u3E4iTgpDQaxqpS7MY55dQ5m01yAvafv1uELmy9n8EP15TqXW8IFFn/En1pz8YW/QgWrCatX4XYEwQRrNf2qo/08Lk9vY1PMt9WbZLCoIgJJ9fBr9PBQnAoIC6FFAKXxgl63ak3smICWIvUNSF1VXqFwQWbqCmQwLaqI0nbBdx98Mxo94OmIpe92LRr7dtJYqrxC4aIxAZrvIN1lPFzYcXdPJpX9kOU3wUiNZJmqwRzvmVMpDoqfz8S4NJnbCwEvyJrs3n407GnuhVmTs6Q7CbrvzSVdi3+czvG4FVNgX0iyJD7rorSekMS3nYwvwAPMLe9B/HL6FYDkrQGRmu4dTaddkafn8Fr42WMb+TBe/HnyJfk7REvQvVMg5CBizqmTgn1yQe3WbCIf8WH7PUZG1m+F/f5gB177xn/eZO/8cLDWtZ/jaFjxYltS1RtJxZchUrmTGl/Dy5YOxzPZhV+5HDB7ACfErzbYKVdxhKosuur+2ILgan+Dk7BUowU2FC7Q7mfiXrkp98qs2vctzeDQByM9D3Z7EwkSlEWr3sveZolmWeR1wsp9bCXi68m326sK4YANTfrlkMxUh81Vr0pdG/B4I7qWllneHuXMJFgErci8KWtW0lyuQolG2Rmxr5UjyLdlzRFCUhp+s40djUYTbcphfDJLVF2uKRZms+4VB/xE1hx3n/w4K191f3PWO7HUTduif0xeQ7BpVsg5UrGZ93icjaJ9NsfU2hlNuq6MM4bl+wxZ+4qALd01OdnA2sx7sibfG8568gEXyd9Hd2fudcA7yxb2/qxZtTgtuThngR+k26h5X06gLeSjWXNUu5nC+jBdl6kmDSozfrZPgESob0bmpGq6XHeMceijj4ChGUPKbriINtm4g90uf5g+psIP2RS66gLBGewWZgFSatdek8UeH4pUAeOAcXtVFgPvkBcqfIY9re93NY+CuvKqVusR5GDfjcyX4AmV4pCYkRsQDq31nBkJHKdBeyQPjQV2QduQNoXBVC/ekOrFMlIFDGHvIky+NhvPsdfRkSWt6ojSy66sKXFBnf08PPYD9svB1QZOZKNU2ZbfAQEQ6PZG/cxMEoLKVusF/SJwTuY/z7z1oUmtKKXtQrutUZHVLdxkpXyEPYxUOVqqtks1SR1L3Fr9OaHjtmC71axqcyfYiJer2BXSJy3VuOjUUpdaB2Ysth5hyT1qzR71vKF7EUB+Mc9BP53laCZNZUvm4nBEpIRIPjYboQNAzhekFI2py7kNNd/CECzVDC2altP4FFADC4EhwHG50twxb33gtpQbfOEUx1JvaS77aQsQtA6YH//4eH/vPLFz6DrQp7JWHwm6mbdnjb31HOO/E+M40nNljFlmKK9JupJ3sAhHGMJeDLgf2ziVuezy78ZW0NOBy74XU6HF7a58dcRB35c1qwsD4oAfwFikLIiDfiibNhgO+BEshkQN3Ss+hfOEyOj38QP95q/2z2TKlbXCZk3UwugXeEXZvGqjtSkg4m41NJBUUE111Q/2mf8iAQ/vUZ6c4F2WZxCmheVnXLG4lfJEtQZTSSQEMsq87Fhoo1RobBVCdlnl7c0qjRoLIOFp3lfkmLh8qW5g3pU1nhK73fg1pAu8i432zvNHAQ+MXlKRUtJDsQjVUWumYyFao021NRtTyCYUpm5p3HSUZorncgGdbisAOhl6nmSy7WRkkc1lIJ7EI/3n8UduwNmf47qHXGaBGbfuJa1bvpVBhuIw5jnZpmMQTaHGdP7fe1FKlA7ZTfVJ6z2BypAyWUm1BB63ebXs12eQg3P6xWH3lO0udiEGhkCoFPNHmynqoc4xeReKEh8XSGY2BZ6dlngzFiNum5NeQY3Mx2mhJGTSfgSsDccLt5h+Jhk/XPZD5IPN+uZLSd6zaI6r44hwP5PLYw2ShbSI86XLMTAhq3gsxtAKIJzKZvBIJ/cesLzuTcFs46BB4qzdTVfM0VUzLp5SGfhJzPQyaXo5l4XrM1SXBQ4ZPTByRzAZxObiBwIMixrnAevt5qYsap6NglfkNTdWs3qTIP12uXlWIlSmJD/axdOTtXGbYBB/NHrkFzrEFjeIu+lvoBRwoMNt+1lnKSZQvEnkUVraTMPdx8nV/MR3ucA+S5iZUrYXm3pmR9J+n9utk76tVk82V0s/X2LTWwO936Ug9967W3kCfetk+DzxLBiSDFmZjy6bPau4MkIoQPICvRVcPvl1ABNWJCBu1++Fi1Am3uqEFSiQkKQYWS115y+ksnRE5OiOHNKNWf2WV1ZFsRnciU3QsTlrHccJJJ0AVG4d3F7Zv1gOfSK364T9ZN8hYUAVs0mCoaTdAKfblA4af3XqQE5O6faGYGgDX2CJlKsqADOWMwIWWc8tjoN+U2GUsnPo2K8NItT8LloIcEWnRmk/0iswzFbKViUgVeQgeHEb1VzTIbJLHLPaEo5NqSXq4LU3i+I3+SWNTQanCywfMU5G3lnkmT0d6vjk8JBaG88RUL51rrOhwJV12Wiuhgo+Ep6t6mnE0TNN+Ww8qWPtzVAgx4uFUKLfJziVwquycjtZL7TPuLE9lfCsr0rRxlp1/XShzmaxLeNqyu1CabOm+8byZrPDXEMRJOsnWaLdFQBBDCCgqyH3TAwgwllRdrIxpOYC4rlwGl+UlTExN6TWedFK7Tvp+GLFtty4iG9WbN9BJogzd5KJ71Zs30UmG2fk1kUuzsi1i3yJWMl2HChZ0cR2fOFidaMZ/zbKdntTlfyIHk1gEmrVkA1wpyLHNkc3G4eBj5UXP5V3vCPmg8QJTRDhlZPpkzZTquiFoFOdZrm5oMBpZmmjQnxWtP2aA2WLkmtj3/y6+KfPr6/K+spJbmW8+HIBe/2aFHpxYRnrEBcSbOGhwYKCyRovxHTYt55abvqoodXbQMzeqQOi/HbbIU63X2SvtsMhZUXeimcAFvEU4sji12+3K532OSQPUH5LlGN5oLVzHLdU7ZzmPC7EbCd5cX5lm9/qsmYUks/WGE67I1fEZMPr1hK9T3vS+ANhQLtgvsXM3pKQsvXDRcUc/yx8umGzHaAnvtgciUmKYFjBRiQxtEjj/P6IaIFq5QtymA1CQez9hJH4yngwwm1r6CpILlNcVDAZpxn0xiRqQtpLDhyJFOnAkgwsD2xYlYcjI5JK5sU540WyD4ZnXOtDWCDetT/rDZK3KLuy2zAvyZnV/jLopTkTLINEI1gXX5Yzmf7k3vEFfBpOluPGshjGCFkMxr0rCygRhQivhzFo6tYWUF6+dz+LlP/mTo1yxmalvIjuSIHtGP5HmgHhyZNS7avJqoVCHMaJKxaPlwgwhvg6YeP5GsjM1v1AJjxMGiaQX9Si2NQ6guW1OzLv/INovi02tphAYLrYScv41XoLz8Fedq/cnaQXv3wqmISXpSar+VC1jdGi8itQI1sQEeH20OZFQCoTMbDEjeXOxx7Ibs1HwNmEckWp+PnhooUOYHOPYeubgOStO4lRKFnUNikou4gMbqq8R9OZ6cVb+R4AEdphz5JPPgeQVT9f/VqJRBDjpF5uTy5vbAw1bEM+n/Cm0w23o6ORYGYbHZfLVmNWF2thRsNuZN6NQ1iK79V0RwVlTPbyXZdCLvjQDkHcRT9poqAoxn/8grMG1Jmt9HQB64BqfpiYdAJJd9wGzBTnR+R6dIwjHbJ9THU81HcxD7y5koO9sdUMJXO3ybN3lS8/6IvIqH0r3g/smtWrvz9xZEEfhxbXXG604jSLTTtq2UvOL1a9Y8ygWdciuDm3a44DciTaUJjb4qRZz9xyAKEaa4G86OEiFHJR59YFXpM+cDIyiCrJbfPHL3pqPzi3wgIw3pyNquPG4N5O9zw4146G44sY5e6eDNbDe3uR04A358wj5pqMVUMH6sQybEvN8Bvz5uQy3LwyZ65bBqkNoY3rVQcLypZ5b8acWvRB+7pFJyYpWVyj+PIxpM5ERpkhviEBFa8U9vQwYdXcqMAW43ieJa0tg71qHokIrC5y4pj3bkqyC919Vc67eZnTEIHr4eWDluH1WFsfvAwH/4zudm67tIB0FKWSnIb2heCju6qG5FWbXpszty8gWgG8vnlIAmztymx+Tc48NAGFYmjM63LmYfoBjUGNAURMj0oQREgj7IftoLkvYx5zVVm8jj4uKRFpJgJ+bCEGWwYwm9aya7TGS0q1F4sfO1vDjvOwP7G0vdZu2lspgPwUSC+IAONUIoF19N5NJgWxl04AZpPWbM9lG6JXpeDTmo0dOS1mI59YGhDxMggJSmwAt2PsdhHMjlT8f7HvZyPmrGlZ3xmiUc7X41+MwgE408DZXmxkZJnx7i427962Hfdb4V08Atx4uRve0kuNGXTCUYXniwMiAbRvCA7MLdS19QZWlQ2YnjEuF/Fg9vU9Df0xBQbIX5qR7HMGxAOS2St3yKvsh1qsOg6L3tJOVerKpWwpJXPU+Dtixe1FVQUEdYwIvbdrLtynPPdSs3Vuu7wpq6Pb84b4dviCxJ0rbUHxXW3jrwy1rT2bH/Q3MYlVacBPQMUrCTDA13TfwHBvEJq35DhVjFEtYpVhOymrlYPGBCw8n8AFqg6v0l7RF/LUzvgnnBi/2+8n2YLMve5FjeyuvgBIKjcQQh0GhfJ8gl+V9yA27Lsa8dscaZjsWi9hveQq55H4Xqa4UOSPMvYp3TumLWxZJ0GZP45vHP/sSDhEzz1zAj12XyIkEkpXFVFOUNHt0F0CFBDhThAXYgIU1NAm1id5JdxSWNnX7nqxHMSfjrkNlrnLHNrl7CFdzi1jnnWiPCizWLArW7AjL7Ch5z37sh5zeeA+QP1cAibytp5jGwn4mi+LCdX5HthK63ZuZOqTfYyTn+3Zm5FPRuO1XInWJr2u9of4bAoc4rKpYSxOLtPiAYqW0oZ+96XNYk71PIHI0bB3kWNkcIjdTdWqQDU8sGzrS35Qcd+6SpZ7v4MuMOEJSVximneJvumPs5By7Xq7k3k0ncxd1o+Ilrl0bJmSynY0sxObc1jfjQDjbM1iNfYiJmNXlnHViqziU4425tW++ajHMV3cZrhY5Qpa0bauv/q3Ju+tsJzijk2mexM2Fr3ZAPMkhL25WqO4LjAUbhmmlFC92cB+DymGyyrLzpQQ1SFMSOH/CyOQssbnADNCF3zYWYaDD5iVO7PFVJmEsgKVdgkOWfb9rEVv2Oo0xyxmVGBFtDfJhKLgQAL0i8isut+RyXuZrvZFPoyuS3Mk8xgdS85Jpb64M6E0bJvUnQYB8jya6EoFe1POaTFytl57MhHGGf0YEq/4mYpYnvRHKC1ZVV7F8KLEtKj7jlOG4vRDmmWy+ee7kTi8IuCyYDtFjMx9OQ9NZz3W6ZBsv1grCB+5C9ymXdmqtPWutcdg6Ta4RW3phZUr+6MJ65Q29mE2mOPBvUnGv0pdy6KuAalYsYHQx2G0YTGr48ZA4t/pLqDf/YS5j+QID8Yx6rkMeUs+wQHVfHUBjgedAY8kp614B5uN2QuX6MBdFNNJgTPTXQRpPsHiJ0tESQ0Pdj5atk/Oorn5qu8MNRgol9fIQxjXQHRRnKY2GvZc76+pL/kwrtPWLu6ajEAFqykHbLIXRYWrO64OKk835I5d212syyUQAqkKyS+PaUu7aoJqo9qp4lCoJhSKzbZNErOu16sdm/GXqzJb9QMPSGaqVBCYfIv6AmMqh0Sq8ZFOG5aHUAaHU3b5YTA7U2AsljgHN9E8VjpL3XwUpboaHEJmPzKfJOaSJp9B7bHrCf3g/LIexlOhSpznssydSPGTdSCIu2Z/eo/hurpp4egQRsOEI0fUMcEJOYGIJSZ1eRrMUstfVuLfltqayNKSZB7kqJTIKzKfynl5yjjMiOQjPMx1UQSMIgJnRWax7di8vyXxhsWZh+z4ZaM56JeIqqMBVCkgmBEb4VixZfEEPJ/hFCy2qH6Mtja80CIsyBmpRuQ5ElHmqeGcd39jgFN/ftCdoyMYlIqcEumBjykWSmeSnBfiPEVb+A+hdM7Ij7bWKhTg1NrdSblAlF0D4GGlI/dwQ9LopvNsM3qVggCvgLPlgdzeWCM0KD52imwQb3rK+juz2+E5YqCyX/HS9f3CBSyPvduWbENGkwv6zYRJd3++i28hGCKcYBPvjQGQwfGfElvhMprkRarJYQI6ap6YyFzE6EgHPT3J2MECit9ld/3ZS3CtTtc7MXZ7DCNHpDmzsBWm761MztO2/H4Bq9Jqf4CjF78+dwRTCYfwKZ/uf3fOO2o1MPZ7IvOenHdsHi/WTTsHIvPenHecpmbK7QlV6Rhnw9pJDMXJJXgrXpKqosEpy3pqCe3AjdR4uj16niA4HsqinSxL10zJLSZeZD6T867tpTT9s0QrLi3p9Ody5npM51l5IREB37CLB7tG+CVk9JmInrkxZdbj5YHT5Zx305xJ4rT+4zlzs2TDRNT358wtycgV1BEI4f3WnQmK3xx3QHZ1CT/sJir/xRxBh7h74cI/KSjVsnD8vpx326XhIU7KB3Le7T2rZTIUD9GmoCI3KNC7vnnoYZTFI0pRf3/Oe1jXzVXH4Odz5uGDQ52JD+W8R3Spi7ikEfupKf0cYoJHs4+0KLYwRSJCH59gy2TLnAS8lNdHxUw4g/GFnHkMSs+Z/GSGNtjP1i3E/XLfPBY1TRuEL+XM48ZCl/GvXO6pnCLz5lXv8XB66Fz/cs48CQAcyDz+Ss48ec6wiVPVcnpl8T6Y856SaK7re2U0kN1qSZthSULydkZw/DEZX5HZuBmDrAtWppcBqxudjqw48YUblEgj+1FMySL3RVhepCXK3QcD4xdTX44qRBFRKE715dJZVzINrUcjXldxrAFJ14mbCBRfKsudtm9IZNc6E8QZEyr+zH61igz2J8RUcATVne4+Z38wu5I6SF+KLjQ6HBVgebdb9hBMXoFd1xATm6olCqKGQAtlse2cdAsB7wAOnCIBjfgIWzBFpGfKos8SfD7m4Fss5lJqOxclE933zo8wfmsSHXErNfbWqjg7QEYSNfI9bA321O6gO4z+TKVN8IMTrX1mEzL05sDbgz3rL9lby2g0IQDgmg3mpGSs8yZDQ0XZiGTZY8qN5zyHM91o3sbYojv9EGgHbDq2N9XK+QjQ5iaoRB/qiyvTrO4LFqggBg0kGpcKpBiW704ZdzmcT6YEECCRbaF7A9HiBsvwuGv770cQJgU5pDOMSmL5OC6TGskWwckEFzaFO15QeTE8DSP4iO0flYOSWqbibNLt9+DS+Lml6r3lgXgBJOYwPzMvRJzTuGHzEnqB8iJuDEgrDbYX1s2LkK89jxSd7oCFTrrAHipl4kWbpGdvThPF47TTva/m12EKwRr/SXOta7w0mxKAwbqFCeioeTxmgQRcSpdxe8bR3lCL6fWjxgtNNPcHnpqFOP/VnJcdCvvS50PNyNeIBwuFUOe9A349Zx55/upZ/M2ceaJquHmN5+UkVexGLLB2zbxdLF535Jb6vHzCB7c6Y1YiOTMMsRa2ZDXOd6T3P2SOxPkSGwQYU3DRHJ2KiOl21hzTpJtRHHlodi0J/p2wDbe6V0aMPICT0dKkFovznZx3Srppe7KYss/Pm2t2oLRlw2cmb65V6lUmAlYAF/RKc38eidjGvRFuCicy4vci+OsUUcw79qpvrkeTOTRifR/hLo82x31ZPXsXzcvz3o0Kag9SoJvOx2oamZfmvZtnsSqHYgOZEe4wOW9u0XaKjHpvl80/Yc41GLZdv1XLKpxDTGYqt/sC86CphC2ujHsFxhzDD9qDp3E4UFVWdl9i7G9j7zq/It+arI7xv7qjGizRg4f0RsPpefnNpGT1aw8u8DcyH13xHgZ3SNJZOJYKGf5XcODDnsp+1gEhlexYQuwRMn86zLNIjASBBQ4u9LAeeiWWugtENxmgtwTeY2gW3PYAirNBPxmj76yYx2o/lXnt5svy5nGTZdctMl/ImCcsj7w1+d9mza0cwrON+DiNOGC0D5YsbtiJ2ltYgq1hcottYZF5JQGZdQxsYdxfaprI3gWkj77EXx6DZHm4s1Pa3ZeQ/dEFKcyp59mNKlu1vr2v16CYWY53rstnVShlbNpNr6zNVekk8555wRjkekI9Kuhn+hidzi7KKiCayJ/vcriPtiP6jSGWYtbbvUIT3sr0atjqYcjrdEjU6cj0cPhR6Z8Om/GL7UKjtMFyjdkzDXZR2/baXMjxh75vy1n7zk48lf38mP7G4qB9T6Uv5geBOKFx7Jb3AskWhTlBy5yXVEvZaSxTyE4Pg+akurL4alZH+cRKfcAJoEKMX2hU6xJq2OahPobZ4mxJDma8BLUsmupzTkF6wwa0vVlcqHRey0jHHrFgK9A8VO7lVwq6cKzVmgXrlHTaVkR+oVbVy8T22h2JTOXuVrsShva+XrauVwpz6Vd38vYtZFl4yK3IPa9t97bParWxBUXBOqLCX6tWauVtQNrIUY6AkswxWbS225U10sfjjp+oFxqk5D6kcJggn6zZm3+nTofb7c2GvEKblF0jbwzogZee+kjj18KPkLuOozH76mmnzcbbFl5/AChXv+oVeZWaWtKLG5JXD26kIZu6KXnr4GaVVPI6wi1wJk3dat81IPWg5ZcQHmwLkjcNbltfvIRwu6UVFz0kHr72wMaZF8N483cfRqVDImPHK5ser9zSeOXT47USy32VXoh8jxwi36NXy/fYAREq8PgB4FVyPZHI9SQN2NSpRK7XaB8SuV4LR8LZdVZ8pK5flusNtiAR3o0pud5kacVFN8dyLYztNTPj35Z+A8KbsxGzmaMcPmIaXI4wXVfvknyZIChbt/h9px2THVyezvA/WBgs6M04bXvuXRDzViZ5pJ8rqnJWIJAveRzDsWaF4otY0NvzZlUalkG2kPd45sgYw6HWvyANW/i78+Yo56MpyHvzOC0zfdHPAt6X51RO/H6bfUdevhMoF3z6IVui8YVU3Q/lCWVw4mZzb8qZU8+N2vvj+XBPvl4aY92H4xKNkl+2j/vxQRyYiy7O2cHruxgXfDhvrlsqaMlFjQFLhC3/St5czyEVrNj8i1bMDcuvkN2oAtaL6Bb0try5CUZdl96TNTf3hnJ13+bvy5pb8KJ1bb6zbGHvz5pbLU5LIosW+MGsedCFWVdv0VvIR7PmwdpYCuvDWXNbJRlTNu0sZPhr5ga2c0SC1RqacLMouu2yHnZSX/1Xh1w1zdf71i1daYJyVcw4qUzyibRsg6mkOTI54m7hdof1iUw+yWyjuTHKynq7gilrawH51XQ+jXikoBHFozqVjtEKj+PWPlTXhJsT1GoU2pI8Cb/bdTHPtWbzjF5fP9WorEOX1DVVuGhvdjYE89p4SpO+jsh3qxmyoMrcAnD9QlwsTIMkk8juTfg5C3BhdmFf9gWsh3kvWajq8ZTx5Z4Y08/dlryfxewC6/sZgMQYUuhscBUFlw7/pSTDqDoDvCcZpe/FFdZQX51zNMCpqs4FEIzXjdZknkvaF50HXZiW2gRYZSYdUGA/PxSoeS32QlOd+NxYQH5X/cRBvypFAsl1R3rJnD4FuKB6wK6F7oSZXeAS2J5Hswm0lOBlTdoHkk9asptWG04pIxdvHpfE+wvsV2FYUg+thd89ZZMayIbNZZCvBHIn9uDdvRfZEHLqSWnUYWF9qItTjRTlWKIzkUI9OxiTUCzzHqQ3FGe3OZORoquNuEwp2MXLX/pqDlokt3J107pdoGC9IVeYZXrIx/O0Hr4zg+n2BsqrN1y+HaLJYC70X48oTy+ZMHRhNJlcjH9vQS5MLkylT8TFni969bSJBOSrzklJV7YCVDGfY2yX0FqLz2OhjRUiTqie3JmRhi5pC/AYpk0nTcZ0l0g5Xv29NLDaN+9HP6eLZraEaGQ+wLQ5k7awYD4Aw4VYhVpMPj0WfgDEDqtg9QFLS3q+YT++XX1ArE47DOHH3m26o8zQzSUn9xNRyF3cVGelWU45EZIP13G+xGaxO7sbUEbnHkom6yAad0l6K9f0vD6AjhtgQncHXKI3ME/jquHAvi5HgEn5GyMiGQXCMelXtgOr76laVXtgbuFCAkDfZGMMaWxL+GGUPDB0J/mplHlZIFQoFUXYEyJliKALCxyxKonNC+Wz/TgpBXnzvUTkRlRf35vFtjbEyyLLQePyZ4/kFZXOxuLzPoH90k5GqHBsZJcXNdaaJZcLNwqtJGcdP5dZYWlonqmQWrWp7dipPFJZW8MlS/JHXT62+scWnyM6vuRYntBc8l2jk5p13yo6Jc7cgvVrahxm0Td5mcOahWvFWcSBa6W/nXXdAphcZb9eybKAcTbLKiydvoEl2X7YhsyN8QxZuHqZHTH0NrNq7CJhczsE6LDQMkAWgAMWLDslmZieAlTxkLKTjVlsdxguKx9fxew83iDxbpfpSIvoyiVJm8+g6ppS6p9FUWLcjszyVrwMaTFrU9KmYbNkV3/P7iARCFa1YiPPYrX2u6PDadH4xXQBao8D54kBFY+r7AzkQUNyJl0nRSzoLuNR+SOQu5hGB0YTGhFNNxGcSSMxammye9oF8wVoHWjBfBFaCUxX+CILkbWfB6mmSDqZfwmKc5Hn5yFzOO6WIup3SS2AXQAzvxC3afkQwzB1qa9dXewGursMhUURz0FR+NqNQowL5W6cXqqnaNX+Go5PXJ5YvqtodmMUV0s+3xrEWE0bIjpuMhwZEVXBfynE+LbJyHwz72XXH6D0AVmUdUVEM9fntxFMh5SVRjAnCd5HwZMDKcashNFMn519xzN+L87L4l3AhXQfJjAvz3pBemWSdnpL+eev4BimILbdJSQa+Rjth5zQsaTLEEMGb4cwzRh/VQxFn3AihSRZoBUUoCFju5pUdCuDujo18SOlZMHmBSt0TX8RxAE+ABGbtLz4A810RAV/BC9Zc5bUC1ewIUk7zUv2qrzxjwxlPL3+4gUDP06zsMgCE/QHRPAoyGjCQbOWuGy4cjbpCvK9GbFUxnRel/tYK2yFGOSeEKyWxRtcJSYo6xWtmiNXs+R6QgjbvBiBTxkmeWUrLiZsdmhPWuBhQ1m2MFJmsZp4asbt18DI+vFun3SgX3IjkbmanJv1nfjSiPiGkE95nLKK2DgEq2u4WW8J1W0bKPHc6ubstS/LI4ELwgYxKHDr4xLwgfmoEYgXMMvOfImll6ESU9EzMSUKssOddQ40iWCgqtmyWLPh8wb9JcRkDSlSg7Yqh6OzCKZ6775nJx+c8lxapO0nfkUQsmQUyqQy8RqWJSrntrkL/yMn36fbrLF1JJ6qo5FPIIim0gjtOK6UNtpNWYxK24VihWiOkAG+GrZqGtk5kqKerng0lG/NLRo8ZvOOaekAG9oUROqcqDTKcV4wTqbyUn6q0ayyZRU3RMuvSeWl/FrcCtf8dU4VFhp5fVhBY8psmtEcK5kbZHvj/ProwHD8jYf+I5n/27F/xcphKicziS0Ilg1u1DV9NfPwAfEqIOGhZqZkzUvhaeLKI5m//nlYSffi5SvGnju43hYPlL8SnsRucxI0715u4e7v4P+jT2cr8psshoBEu6l+ijdsynj69iXnLnvVHh4WbF/Szu0aT95Cll9OxaNxr88xzlWie6Q8RkF0haTfKGzxCAgj2rjKhryhm924g7+5jTv5m9+4i78rG/IW7urGM/h7ZEOuW8lcP5q8u3dsrdnEHpA6TnQHhykkeUJwTm4I9BQzgsc1S6/+Xauft7luU/5ez4Z1k+cNNfkEx41lgd1U7vD35rL0+Ja16vqm0riVVKmgJofcg+pYEZ4PJjTE4zaxJbfrTayHiJnRGfvQsG5t48OEq4eji0LnEc/hzyPLa1L7UYViUdh8tHuz+zF6F+yxbenA45yFejwRVqn3BHeT7Im4zDyeFBbqgvbkM0Xh8ykEtHg8NVQBPU06c4cA7pTO3SVvbvN8erEsBc8olmVknhm2NBL1LGXh2Wf18T2taqljO/y9YXOzra9of1+1Lv35fueZ/0ANcyD9+sH4Syo/VNzsdFQuBfu6P6mi8O9evWRr1IkHr0zayhBLfjdmQF8LX2tudiytdaIJxMZ0JDfU2pOo6vEDtoD06VplHeNA6oxE5aQrWK5qoT1hP2p+NNa7BrEJHncVWi19ocS2eXsx/omQksQvahXGHx5E+GVMBDasU22sCYGK6+2aG+l1VLZKaM3S2WhX1m0KK1Rol+Rt89PpTyIcX+j9Q7A5m/VGorSPKFfWqnIpVes/slyVz+U2lYdHlxevgT8mltgTpaZdBJ5kR+LJTq5PlSdqJXw+DUstXNzRsFr+dFQ/hFLM8TPta+TP4hETfjZpoa1cfY++X07iBzocUBRVyQrJuHoleYm82BTT68tXYt176AH7QVGtDExvOk6ycTpVJxfDZFEQ8eYTNViJB9y2uRpjHAlL7WbNccLRBWMtqRNhq9pI+DoJ1zyu4YE2q1ZeK2plW72u065UpFXS1zPexaaF3yA94HmjyM+CbhIGed4sT9vmLcpJLKxbaULQST5IyPJ8sDwdqdtEagSMSRZxcXQin6k1ZbRq9UL7OZtao86619E1ET2ra3+ail2uFixyK0k9xyqWZe9YqG95kTq1ZMseujBJD3ND8vAyU9DBHlWptzYwstLiY9cqetf5cRgyO8MfzzyqtKslkk+wN1FtrafE0+5O0Wfdt5N5Rhgbtu/F2DA49sMT34fJqbST7PdTU8T9g9I/nj/EdlYPptqiaWixfoshjDN3kOnEmTvJbMaZu8hsxZmnk1FVlcwzyNwtGeXxXLIE3COLiR26v7VYan5Y5q+b2mT/tgwjoW8rqx8hFLOuVmW7fuDHiwkuRv3SaMDGVT5b7zVYIXUhZwGmkIVUF+o3sVCniyrAWZuDOMC2I3DD3lRuQ9UnnB4PiQ8evLkRlCSW0XK/VGz8sL0uam3KVfW1tlsiGq88OeRnjZmCRPxLYj2Mq+YtVfP10zztAecmbFqSdxAI8FoLaeRtye1OM3lF0tOEQKQEgF/AvBbcL1+wrWVDIsu9n106eosoly2JZInY7aRjNQFbEpvG+bWIGuq3sKNedqkF2Y/ohspkU4elqB+jT8KLozY+TicPcewpid/zz1xFi73NXMi9fcXFZ8zb2NAsoclX8lKj+i5G9aryCoUMrd+NgXTT0XsH9Da64/4k9QvaMXqsCbvpcr0yuZGGUCPFwLthoNIfzjXC6A4LBnGeCnIr+n3gRO634yJzH55fJcFwYGqpY2uRx+hpaVeuMqyJVlrtk8sjqYpCGj4ifb6fSkkRSq1S/ABSHHXd16gGlE5mHYHfF5igQlaRFZK+RUBUNCSKWOmoMfU2sTY8/eQKZpBcZc+wFnS2Cy1xVbLNhr4Qy/CSy8naHha2KqTzBSlfCa0225BFiCAHELW2TI2dkYb0Q02a9Sp7k+cOq3JKExL0QAnwDioU4C6o2+AduMe0xpRzZx/JfGm1sWm6XHuYmabuK8j4S7zYMcsQHB9J/Oak8Tj1mOJbS+TmpCFcaXMNRgdBErAgYz4orvgDXKlivk01ui3KJEMpO3sfM5K6bNa0YaBdQ4A8oim52SLXtR74blpmJ+nhh1cIiMpXOeJfmVUo9qXJpp0Omlq12LZ99Zws/CV8tO2iPT2ZS82PMSkW5W4iXrABKPqDHMC8SLWPLyGeSX7etiNUFnIvblZrognJJ3g8XZsr8sV6dxQF8FBKtnHL1ifQ3xail01OuNuVm5soLPEOVE+iBtAQW0OogIQnzgRP30JoyW4f5a2aBYWiu+/bEfqoskTrQcLvxf8iYC41vEJ5q9AoKbcLqLx4tKATc4ItqGAIxHpMHch8CrZl1OUEL+LwzluuSphwKFfzRE+CuJKjIwblM0zl82k2P43Qk0PHBoShiaxJFB0aa6B8VeaieQExtO50yjGP+RK1dmW7ab68gpKh6pH5CkqrWmS+iga59zTY/o5G3cvmawSrLEi3s8Kv+cYKISu9Ymu+uWJW9rozlsOB+daKWe3Rvvn2inckZkJruX65qJeyn8TakkPqVc+fJ8hlF1CTtUdjaCQyVxe7AFpWUVwmV9CuLhjQ1xRQDrk2zkF7QQ1JZ4PjddZYrEu1sb1V1V8P8pv4Mu2rwES9xJPdtp6+dUsy8Xc/UityxtpG940t362+gS7HJDLLjDE6c8fbF9CNfkLni4zRZL47mNXkd1ewFsGAjT8diXtvPs+IKSxUq3N/QGzxMvN9CSMnoAQhPx11r0RNnBaMxkqScTJbTX+V5siGKMiCzWC+RNeLYpp+ulbQEmX6G9daE8X7G9cKVSNjJV1Uz3YvDyPzo9SbDsAkMjtzw9SZyP1dqatFrt+ZNNWspdoRDkTPY7IdN0p0UTQoOTz7G+rQ4cSNvzp39L9Of5fGPTUfRBjBzmyyF8YCIbSVpLPJeNKNXJKRTnqpkSd/h/R6Jd3r1ZLO5AU/8evdciQcvyF+jrTfU8R16w4FaRqZujUBCyL5JXVeDAdOzf6oX5tMpiywYvAG+lnJ5UE5DMmVsYTuR4PmWFVUALk0H/kS5mfBRNAjW4pPL6p6msGpo8u3MLKF5dOMZSVjIaegffCSsp/BM+7jFLH6MUB6bBLf4e8DlFFLA+PNAoVsFJDKRG9/K4FMDfscM6x20fjy/h3KJbrG009j0PZckJ7PyOzrayX+VLSa4WDBGFfHjcG9Z4kOTuQzCBlEpqfc1X6TMzSbbiI2iTTCjJzAWSCZLyOZOJvC+YqHN0b/9cdMt6RchrQgk8zLzokTIoOxOCJwsjdUay1f/sRW9wf6sdEtda9XTfZwKrYYw29JXdIsapJgh3JWxsrhGvGmk2ge6UcnyPn32gs8tDqcd0fDnvQ6ms/kM6gAs5euaooA66qXS6ivyQZMf5xrEDdA32XQGCp/p7s3RDvVuYOLyLxk1cukaAJ50aqXRR+FlsRUe91RSMAYNlwbSgENEuKePxn1LQSa8op6krH9DaWVNLICKBbcOG1RbU2FRUmNHQU2JEOdSAptGbrN4qoVY0CMbV62yiZEUM0rYhz1sWOtNR4zpj+Yyv082Wp4CxSooM6Xhk5eXkTXBcWPXF0OnlY9LDxzTyqhvZF+SWYrkTHba3pgXkrTM8fZKxnNgSX/avRIX2TpUCvZCUqayfNN0VhHCLEont0RmcW3hTTqxFMcfbdw+xL8SHJBp0mUc5vgzAa2uky8C2BmCbhAzop3xQYsfgO0I3ORVV+2KHUCYHbGEkMlYNMpcEi1AHoSXkrlfbtdSkHUdUsRN/7KUAytdXpfz6RA0extsUDuSpQQK+aJbEbeuyjIPbasHOiWWBMj80b0XHLtQcQ0JM6x6uUt3jPuYv+yErfWAUdqYC3nLqlt6IFxgxEh7XdnF6LTkQo6YbNDuSX+XavOFOVg5fgVSlRiDEi6uWe7HZk3oAzDqHNFj3wxw6Ii8Su4b2UGNqhQgkYJQw51UQC7EHL0Ky/0WV3Lo4/7e3tdnHC4WEtowOy4q6yh1ypBeW2GBlOGv1C19LUYJ4MeugAEdveS2BHzDsbjKrSO4Jj0vRC3+0D9JKrO3kHv4lfLIcCr6y8iM2wvF/egvQjWevAmPZfrgUc9V7dO95FZWyPnqofQXegfadU7nk7fSLneuaq4TL3Z4vAZqc2E2DvpXs8yZt7GHO7pUqijm0nhqyplLcHOLnBWFW/PUiYIg2kpsYjjurrNshVQobQZ2q90mQ5zrMPsaTU19ONJNJrNfiMGSCigU9DcdvicTQ4bACLgBNhqtjmtrgpuxoIhrVvcrM0WZBxya4VShVDUGfCVbj4BlORnUbZbGzZ8sJLAK1tsR20p8NUEXihDI2nzSBqeMHiUCDe90jAI6BofORZ3NTnAOL7U2UVtfcNiAU+1dmq5pMbBHufxulW9ZlHUbrILrizakfv7tsgdaSyKrlsUlZfIXZ8uSDjjkG0BRTBQ08DCjec4/dksVrY7G5v1YqNQFeBNMTBp7eYYomNyiwiktLEovnW92eQ4m6ClRIY1bGQxHxQXFNq43wp6sAPVmVIKuC0GNIuLztui211ReOYc+zj65+APKUkLi8/+AiIaDyjVs4cRK0INNnHz9aIcoIeL7DX1CNcKaiYxJKH5SAciLC0Ce5TLbtYYQgd7dKNQR1KFdQYxGdnHJMD0KDzWqjCHFLVEEx93T1O+c1dIfbyCE8YzHVRQGCMrRwHUYohSDTzRAgWFZtjLpsqeJCNBl4BRmoz2kxPdXoY/ZRmeIvTUpCSehE+LZa+V4QnYHTFMTleXSu50JY1Cm5OtqwbsLle8UaitbYt7bMFPd2CrHldpzzNcMXpRS4GfGYPtCF1V7VmuvNOU35JVHIU/28GdoqXrpdG+x6FZphxyGuF7HYIrQss4hOEskNMji/B9ywii6RJ90CsfFuP7sSzUEjNDCpmjOvBByQ+QT5eojIH/IDkHRz0S8A9ZLS/cRbqwbLHL6nRZH+Q9rH4aeq2yg5rJr/1RMtQ08WmMfaqQJSxeZocClXv4eJeELKYT6LJmd4SkCeR3q2nWFCv3VFXBvVC4kXCxX9SLWxtE2cVJ9DPTp8nWwps+7QoPf3qH5ILpHZJLbuQ0YV7pQ5toNWQM06lW4elu3ZDyO+7aXYtYqiBbZvxCMeSot1MBxbQrcgNKY9USbnRfbBBH2QRN4oDATa2pX6D00HkOAxkaMn5Htn+yeeW0aEA+9kVj5P8PdRoAACi1L/1geypd0wBaYR1TRRAQozF13oUgd7yTEoHN3nUA1nO9z0dp+BBpPKgCpJSV5LOyLc1FZ5PHlDgSEod7ibXHo4Ut2sbt/oY1s6syfyuxQaTcMhgFEgUbBU/Gdwx8gXEAfoHttNkSYrfMhF83jNFG16ubokuV/G4/SupaWepuhi+ZLgWpcbdpiGDXaMvcbZCV1t35BOtyxglduYenyxnmZbZc9JsXEJJihmxKmqsskZmfuBGcB7FpM+C2wpx3RHOmcwCe3y7ImF1IoZpVWLKZS2ARZw88bMxaaH6u0npm6jGehajM8wIysDknBM/cmenHHVOVxBWAmSAXiloFbqEQMDdIGSruGxaRi8LGc78YGHMt7IFxlZZAcnWsiOAygAne+lGAuF1RwHiLpQm5jeALzAO9aBQ8Wst0O7KOjhrB0dAsI2GaXUdWtKyFmVhFAIKRaMqJwjfEOTxOodtalqMnZjvNeRuZqGEAeN45JdKyyJgNYFGGat4+JEjosJl3TwFiWhDn3TPiqWzMW6dMavzz3hFhYUzPm4esCWk8b6KxISXzvKFQe4FcNISPB7B5OwAxAeAQdy8goNKDH3dHxbZcJnE3URh4TJC7iz4EqlXgbh4PXAdg7o6C2dBA9WUiCZG75QHCPjx3+3TYso65m8crAhkYd8tdn0d+2825xsgQ3G4fDok54O3u2aJLQtzuKHW6Zrx9JTHI7fbpil/guy00XXsyvts4Wgx8gXFsngX4BbbbfMPeWGZLiN3Nc1Vmws8qjNFGd0ervLopuluHiir53d2joR8ldTfPlJWl7u4dqQxfMt29k4GC1Li7dXCSEuWiGJqGCHY3URI2w7lolNGWubuHLjTISuta2PkE624dKM44obt3Ksg9PN3NQ4EzzMu8hSZYLvrNW35aQEiKeUedIJuSmqoskZk3A6YnbgTnnSNhEJu2BLitMG8fpbwjmvNuIKVzAJ63HOHtgowkF1Ko5h2EpMKSzbx7BCiBRZw3zwDGfJCLQvDAw8a8GzzQQvPz3kdVWs/bx4ipx3jeUAEmsJmLOhCiMs8bqGgBGdi8eT7VIN6IEuWE4Jk3g6HOTD/uXiA0piqJu3uCBGAmyN0+lVVbctEGUNQqcPdPGy0N3IgCFQoBc7fPCQHAclEGQcpQcXfPgjcsIndHf1DYeO7W8fliYMzdOD0W9sC4e/f1+d2I8igtgeRuHgQWlJCL7uhYEcHdO56YWLmoDgOY4O3WyfGjAHG7c7bPh7lodEUB4+2OnpW5kYviYGlCbjdOUdfCXBQawRf4bkOJ7HTmojxG1fhuc0nOJXLRzQO93O1tBIQ2F5U/v8B2W5a13vmRTDMX1Tha6zvo1jIKrlFEN5hpfcd9wGnOu8ouutWy3hDVOJZa48gx0/oO6pQJd+VnJBC7u2f73Gl5bzOtt2xad+WNqbXW0Tl6R2/No2XZR65wIcs21oatlmm2qpqbC6sInWUbk7Zhq2VS6xmbW7aMgk5LS6OboJW01ndEOsoF9qrVWtukam5pcFU1GdKqFHuVYrNXbRV7RWPLZs+ka1WrVtrWZlVbq1rbpGjYqtSCC+w1Bvb6QiuNcXZ1myG1AKe90rhqq1a2M2mb1UWVzS17hu2A8wPVSrLmemtZ9qGjuq1KA1vtksKpYUNI1apYNqsW6wFnQ/XS1rKWGWit6YSkpFYX1TGcDdVKWsuaTtP5aK3pdOSo1mKta25nWS8cGaq31jIUqilovvnRp6zlvY8+ZY2z5aNPWUO3PvqUoU9a42goz3HzYIq8dY48GMuykkbSEDSRrIe0kGaz2nDmokMJrRYGVoqGDBpgbTasTBBgXWA10zp2vGgePzsJUCYB+2iutywHDvyVK7FDxRi8C7VFcCrh37nBxEcQ1/hMzzMdzJIk/0rEsh7ELmf/Yg4sLI2Fv3Mlxl8AbSIfwwMjIz47eZ3WQGyQ4S/JqeSLaFn/sc94AMwNgIOF+HgE9q5ONFA9kM9OOTVQuifm2ovgVPJytKmP+OzscGCY+ojPTj5l9H67Iow6HamnAQglkDVvUkRcQ4EbETyHHFj8IT1I+bOyN3dBWX4AJwD+SxHe+xVRgBcR1/hJnn9BygxK9s/+N2CY3okGKjUefMgPt7sgdrwFAVy+TNmb7zIE+WNpLMTSWLio+dTL+/0i4hpdSBt+JxqoOKP3u7t30Mw3MlVeSWShucNLc4cXUAsQP85T0a0cZn0AnNDwI4+LB3ACgPcZhZ8/9yZMn1H42RHJNP8qzLG30dLAKz0u8ueQA+uVHheVHhf3W3VA0vv6/Dp4KK739fnxLqQN9zJlb4q6UNxqxhU1FBdlqowaiiMBPeI6pmyV7B/+izmwXkzjyn8z4V4SO0QSO0QSO0RM44qS/VP41oVKEBzdy/t9SsOopk81UH6wzIj/VAPFkoOOpzSMohIER+FbFx1TtiaK8CRM9ojRsv4ZRv0ZRonRskqY7DFRhMd1TNnKemdqJJEOcK27oOxDCXOcLtGZeiyNhbyLQWb5MEt2dp/k+X/sMzp4KO7Fb8LwnpeCwjeRVjnyxYTniZl2qxnXo1iS5B3MkuRnkFb5pUgHPspU+VGmyh/yw+2jTJX8wUNxf9Tn94xGQD5qKI6PXVa1ijG43mX1w0xg80XENfh3gR69Em6E3yJm+lC0NMC/kanyx3kq9o95XHwvQGcPwd71sXTx8WfTIfCjlGhAuAnI81JQYKFl5b/558SSg45epuwNfypB2V5EXOMHv4aWBvoURt03lRnRpzDqeJ/k+e4dNNO9vN/+pQiPT39ow6/0uGgAz3NFL+/3eXiQIuttqfcfbjDxT5uA7wjFnwDJNPwjL6sfgxuBmxSFDwE6+waKKPBNAr3wf5yyfSmYa584BuwdoTj/IUBnjlB8/59h1HM6ofksISyf0wkN/8syBXwlYhkkZBY+aMb1FLwJ8zsak/BP02Tps39O3oFMG/8FJuISJnv2c/nsfCkjkT/q89vvhksFhJuAspbN6E7FGLvvvWh7wKotL0Bn+8d5KqSc0GxqEfToN/+cbOrTJmBHJNPcWmvdEck0ZV3jKKp31APcCHAQ5AVaV7VVLzi2rAurtnrGtZyKpSg0NzZtWxYr1WLd2q5YKw3t9YzN+tZBGqW9qllpSNeuWKu07eqGJtVW3WZY27DZM2n1enZNS8tKtVc1KwlplBZ7bZNqrWtVaRZNypZVy6JJq24zrmpVqfbaJtW2WaXZs7WqmpqbVIt1Y7O2WdGk2CxWqr2qqWXXpGtX7HVNqrWucVhCkbXUtmbVXpcsLGnYkEZFNXVGlSHD1FnaFBpWi6upDFdW1qqlrCW0K4uluK01SGXYYEVVVWVlJTV1NWUlpeFKlmVILmtqDeV8a73JPAgiQ2UiGUeGaq3pON3WsuykI2wkrTXdgzhLrUNrTad3vGgePfIWInMeODIWLT/uOi3XyYOyXCfTaa1l2We205xrGACe07LImFmUoZpJ6LCZxbQgzk9lY5Ya/2xhTM9NSON5SMk8+3gAmycAHOJWevDjbrlM4oLHBLmBahW4XAdgrg0NVFwTSYjcsA/P3bKOuRHIwLifR37bMTIE6ZIQlcQg1wJajN7vf9NcbMCqrSFAZ1yvBQgcPh969YtJP/K4+F9gos7ls/ONfrhdhTk+IKIIQEQRfxXmuKkRtKx9zBeTDgmZZT+bDoHTLl0L/ajPrzN6v72IuEZn9H55z4HaL0ebZAR6kbVcgZY13mEWn/Kg7BNZsjO9NOPqcGCYXgoaij7lTqiRqbKRqZK/CE4ln7jCiskDI/zrtMY7zPq8FBReqxjjgXx2+gmAwG/dCXGjH24PFuIjcYXV71yJvZXDLG34kxBFVFHl+FdWbVVWbT2OPBULPDA/YNUWfytSE8hEOhCBEB/PxsqT/8MAIceVGEc7gSSkDfNHM+fZH6dsv0vXAiKZZq9+MfnAMje9+sWEfxC7HDypp95IKAHHSYrilAnHv/rF5D0ksngDeP6tZlz8P0zZ/tybME+9EcHzgMzCP2oo7oF8dr4AS3b486Ds/xlG9UZCCf7PMIp3IT3Gfu9FGzcpCjdRhNdHfHb+hQUG8L6ji+95+gwtXxzwPuaLSe8RwnL36heT6aUZ15QSAwStSzOuPuaLiaKX90sCeiRrqA79ei1APKHKXbkS+6kLDFJMYMPxpJ4Gzbj4X0lkkUAHJF/lCBZe5QiW/XotQLwcbZJ1ErYAcC0v7/cVYdRFXlZ5hzBo5i0ZieyuCKPuF3hg7n283wVl/1AxxmCZEfxHmy1mHHS8Bg1UT2SXs30+7Ec7gfRn1lD5tb3rZ3qe4Q8HhukzPc/8XRA7HX3Go5nzRDPnyV+MlvUjW4BIwMqTzQdGxGhZxz4f+p9h1AtSZnDKhPtShNf/DKM62GFWp8QAgYkyg6KX9+vjiwNZ86328n65WEgbfiTDqHAbLQ0QbgL2zT8nYTgwTH3zzwkPS5jseagREEXvoJkHagGCQ+0fKXdB2ddCQ8GlMHq/H9ZYqAIDBB6DG2EbYSSiyIOyj8ilAq64RGfqqxzBEu7p4gvv6OJ7SU4l4S9FeC/JqYSLe7r4PixDUAy1f8RQ++e3RkBkPXZZlXJCE4QdEoQdEoQdIuWEJoSYKY/DXPvRZktgmZs3bKL0hk2UfkcX3xs2UeLvNtZ7JJEO/NCGBSkzcLEYZJZfjDaJq6hyT4kBAhcvIIHzmju8wlq+OOBhqxnXe2KuaQVO9rwn5hrvPCj7l2UKiGwBggtSZtjXty7dbaz3V2GOvPf1+b2EyZ6OSKbZMdV4fIMXba8j9fQNXrTxJ7LL+QdFFHgJkz0vYbKHP4YHRl7KCU1Zm0geh7n2SIZRL6THGP+pCwx+ic7Uf4GJfsqdEH+sEB8PCZnldUzZDppxPaHK/ZciPP7jPBWRLUB8lhCW/L38cGujpYEjX0zeEw3FBBAc8Hsv2vCknuIw1zwkskhCFPGZb106phoP/gzY5fTDDSZ+MQfWN81Ft4s2vV4LEN0u2kS4CfgoliR75GWV/wCEErwcbdrPlafi5WjTV1HlkAyjokyVkJBZehC7nP5DG+5B7HJ4H/HZyYOy3cphFp8u0Zna0x1dfB2CvauUwMmeXuh5hodzoHa/C8qG5dRA4WExjSsdi0xTHEFco2ORaXIxV56KruWLAykjES62mnF9HOaarHN86KwVVrz/0IZfykikJ66wyoHafxXm+DlQmz8J6NFjkWm+VjHGw5jz5I/D58M70UC1u5oEBngnGqj64QYTey/a7HJg8a4CA4RnoWWVtdtYj0+FtOHPS0Fhumas94InkPiTsd7ua3vXhxLmmDgGjNIwalMaRr0jFCcTGVorenm/r7VW9PJ+KXiemSrCqPspjDo+hVE3hVH3FDzPGP1w41rrnvnWpTN6v0ceF7sYZJbOTYoyVYRR17lJUbhW4GRPJ9wEVPTyfrXWspZ/aKsOSKw6IMkTM7XqgGRTgaRV3qoDEuoEqSfqBKmnj8Nco06QeqI2JUV5PwEQ2NQqqtwHlrmhXvH8e5cW4FQs7hEsvC2BAagbSjT4CWuocGrUUNzjJEWhSgjKUoGkVTqj98vo/a4Z660Z6zF6v7KWKfXW+w2MAkbCY5+htsPrwQya4etCRQEj4a0cZn2SNVTeC9DZewE68wJ0xjslBghPJQgOJn9O9C6rsg4/bQJ2qg0mvqnMCLDDLBhznjOhBHwI0Jmil/c79Q6aeUjILJdmXLyL0bJa0Jmiyo+LVPlx8aOAkUCVHxc5mjnPBV60Hfli0sXHv1MxBpo5z+9wBEuYCWw64Sbg07jCFSVM9ryHRBaKPCgr5W6TPTD361uXAQgl6AqCg1NvRGDVAQnH8MBID2KX0xVh1BFuAnYsMs1OuAnIp3dB2R55We2emGsXFhggaxnK2t71AOwQAMwN4MlYbzHaxBejTfsXo00P7J8H9g81mglHHVKMQZXeCVGdmCqpUI1JqFuMRKhbjESoV2GOUUNx/MEYsKfgTRgqgz8n/DkLP6k4R7C8mRNI3ybMscxkT5gJbPinucCAgjdhimhZY3AjeHm/+/KzMwlbAKYQ7F1fCuYaf+wzNpbGwi0pKqS5wCDNBQbUaJqLJ0MAl7+SyCJKiQZvXWS9KQA7zGKizLCpUO/3nzYBnzYBnwdlcfh8eJyy3W64VLD9BEAAgr2r+E0YCp5n9sfgRninTLhNteqApE6D+OLgofbPRxDXeONSQV8R3udA7QdFFHgqQXCkqPAESKbBCvHBd3TxPZhBM+9XRIFPsoZK/1QD5R3BREnWUOH9+tbl8aSeZJ3mAoPIFiAgPUjZP+aLyWPp4nsJpFU+cYUV/zZhjl/oeaavz29rBCSEmKkYLWv/UoQneAKpb90J8a/R22hpoG/dCfXIy6qcGihAbJAhVOMxvTTj+sQxYPxKIosd5kHZdwQTbTHZA/M7golkvSnQPCjLw+M8Fe+UCRfeuhOa7uji+w9Ttl1ODZT/MGXLr8IcmSgzcKgRkJ751qVz+ezk3cphVm8irdILPc906/TSjKvv6OLj08S7oGyX5FTCt88HqBEQngPF02dwHw9SfkJY8vDei7ae+dYlLMmppCOSafLwGzBMfetOaIujhuJ6jisxWcuWWkwCevQLSOBw8dO48lJOaMRPm4BiOdr0aju8wocbTDyOPBU7uvimaHn/0Ia/yxB8HyRweI4rsa0REH4DggN2D5zs+TcuFfTMty6/tnflZhx0/NO4sqJq68EOs8raRO6wgx5jD3aYFSbcBPwNJRrwcJmyN49kGCUGagHit88H3kRaRQzUAkT/M4zi4p8Qlj3HlZi4p4uvX9+6cPHOlVgHO8za4rDGwp4DtcUhxEzFIjiV9BmFn2IS0KMupMcYF5OAHu0oWu+yemYNFQVuRLD1WoDY0cXHTYoy9yYMb0tggN1zXIl99s9Jj7ysPtoJJP4/ISy/BNCZGGQWziEHViOhBFMv75d6IwJZy0K0gx5jSDIE/yrM8a/CHKkUPM/8VZjjO2XCUaUKJ3gHPcY4Vapwgv6pBgpVqnCCC5Jp+hKdKSoFzzOcKmGyp/cIYUlFkiHYe4Sw5NSjPr++RGcKEjILpxZBj/qnGijy0ybg1ghInphp4l1Q9olMYMMDgtioMnEGzRGSMUIMIyIkI5qkA5IKEB6kQJjE1h4SINGqhnGkiIiIiCQpKqrUqwN2gsFENnJiqeNlTUvtYtt2ZnmEyFeAPPvCtRoBLGDJdKBiqEH0RT2PxqHrJ3BncjUbRSinus3RMda1sBQoy4F/jkWpjTZ7v0MWWKhodqn6EwlzLNch6Fi14/usUjHuBF/PqYJJHZnRW1It8lwaW/DdLHVChwKgdwDg0IHoDZGdsUzPm3yK4uQRJ1Xub1LCsyjrX9pwaqjtLlBb3EzpFyd3gHTu80LespMNMkotn4dZSRLAOY958D9X0VMv9OJBlJ6gdMinFddhP+fren48rYp+6wIpZYYlTZsg19AXhybyH5wpRp/wNXBxFV8+ARyVWbeVF8DjAze3yOBj7V9p8WAZxOENxdEUSMLCuNW0v2Kp1TbNu6Cd/5jEUgvLc9ChthSjrFYMIujt/H5eqaPqjdxAxo9sFC+DWaLCha7sqB9+RCPkyNp4hW+I0Mgdo469OXzOSz9gNvRNFvHmsqMBwUUZjV6QXdTYuga+MBYPbBkwbqn5dWGPoQGxT2RMCSHPEGECNeCpxv7VtkGO7STotf+KbSYCegzHLa/j5Wopll1gBkJVDuMSnuflvz+3JbZwCl/h/gvLznEu7ywE8R4+hsQooiQIYufPdeP66Mjt82irMiahe/Ff0XlxNQdoU+wtMI6fVwFWlpUuId9GoDHav1O7uRvfaSg3GJ50cglKazCu1Ml5dR/uziMlGEH0nZsdwbATpkwpMKAxEdAIAKD+KSBj6OPARtNSTrBTHEtqa1vwpChLL7Geq+F9ItpOKlOYB091WmCDGMwKhQwPaRligPHuLwE9oo37ICgBJSnDOzoRWrNJ8/RyA2pGobx4e0RHiWM+z0S2Zj7+Jle+pLwdvrh3vbMjIQGvji3oO9QhirARqDr28qZ+jjfKY3UfahYwr8DvplCv14ixkhCmtcWQi9YPuRD/pxKjZleIrl0l6FxAqddNGRgvB5uduiyms+dhyZiRQcyfHhT1BUoRhAc37iAmvtDqhNdkvSJqpPpmcgiqmxojuoE0nSH14G50B6/TeRLgaCFBqrRQMinD+LSRz55babUtaDJNNiphDUK5ydi4wBWbL6T4S3n3cJblFfaQA/FGXUB0Rs80U0Pk5ejv/ceoRBL8HK47zZRb3o8OeKJZHjQp4IE6T73Rpo+NsGX9Io9oTBsCDhmcHI1LksdkNoacYIcV02VYKBkU4FQw+pw2wp59jn6tuFTVt82dxURWbQq6+9rOVObp7Y3tPiNyzcJUnbeZQlnTPbN9W215XwwvQBAdxhB01JAWxJIXk9OWgNUlllVISSQFlqy4o33GkCVHW2QDI39/4ZntSXxidNdpFwGaveWazTxvQ94ks8IXdABk0bftm4s44OGRMWbma3B1opQABiW/S3NyFjvVbNap5Jmo+l0dyYiJyrQnK69mtyhATCH0SQr6BBgIEE9mLtHiFE+E8KDdFGvazh0y7krNu7cv7D65cwHLnRGT8+vQWndinK5ZUhivCaYIxuC0jRh55CGtJnYG5H0F+5YRt7tdZXsPLMvYRkmErkJ0ZVKsaBbAojyNcHItu3Ei9V2jTPBOA7Si6Z3YsM2nYyKYcYcLONpje9pJy9Run5hMU64f2gO3wLQVdxntlQILaY5keUPdBoliAxfl0+PzulnoW+ap2hAQpeSCe9fgfau1J69/Txc6fIzWS/QD4mj1kT9yxa1vbqRU9BPhLOVrzTjL/Kwu8gCX8YdlU9a+xDKRckcPLPBKHfN8pyt1dsOIn7k1ly7vbrE/gYcCRwm5raEF+Ajmjty3h1bTKKoqr1cISZUdmsquW1BYULAwQmjsXeRShhG6atmBBzLeZKzTZzcOZAWjYs4EZGGw/EyQP1gAn9bg/rY2(/figma)--&gt;\"></span><span style=\"white-space: pre-wrap;\">Encourages creativity, quick thinking, and seamless team coordination in a playful setting.</span>', 'activities/n3usT15oXiq8EqxdOr7QodV5yLkTsZI258AITCZr.png', 'activities/icons/12d6TowOlOVTqwPiSpdEHG5PN02Bzz50ebXLBDdK.png', 'active', 900, 15, 1500, 300, 120, 600, 120, 5, 5, 5, 100, 50, 20, -10, -15, 1, 3, 420, 30, '2026-05-31 16:09:58', '2026-06-02 15:20:36');

-- --------------------------------------------------------

--
-- Table structure for table `activity_games`
--

CREATE TABLE `activity_games` (
  `id` bigint UNSIGNED NOT NULL,
  `activity_id` bigint UNSIGNED NOT NULL,
  `title` varchar(255) CHARACTER SET utf8mb4 COLLATE utf8mb4_unicode_ci NOT NULL,
  `case_summary` longtext CHARACTER SET utf8mb4 COLLATE utf8mb4_unicode_ci NOT NULL,
  `timeline` json DEFAULT NULL,
  `quick_facts` json DEFAULT NULL,
  `tagline` varchar(255) CHARACTER SET utf8mb4 COLLATE utf8mb4_unicode_ci DEFAULT NULL,
  `status` enum('draft','active') CHARACTER SET utf8mb4 COLLATE utf8mb4_unicode_ci NOT NULL DEFAULT 'draft',
  `created_at` timestamp NULL DEFAULT NULL,
  `updated_at` timestamp NULL DEFAULT NULL,
  `victim_name` varchar(255) COLLATE utf8mb4_unicode_ci DEFAULT NULL
) ENGINE=InnoDB DEFAULT CHARSET=utf8mb4 COLLATE=utf8mb4_unicode_ci;

--
-- Dumping data for table `activity_games`
--

INSERT INTO `activity_games` (`id`, `activity_id`, `title`, `case_summary`, `timeline`, `quick_facts`, `tagline`, `status`, `created_at`, `updated_at`, `victim_name`) VALUES
(1, 1, 'The Bungalow Secret', '<h3>Case Plot</h3><p>An old wealthy businessman, Raghav Malhotra, is found dead in his luxury bungalow on the night of his greatest triumph — the approval celebration for his ambitious Dream City Project.</p><p>The project, a large-scale real estate development, was built on land acquired from local farming communities under disputed and allegedly forced conditions.</p><p>The party was in full swing. Guests, business associates, and family were present. But behind the celebrations, tensions ran deep.</p><p>Medical estimation places time of death at approximately 11:30 PM.</p><p>Businessman was found dead in the room.</p>', '[{\"time\": \"10:00 PM\", \"event\": \"Party AAAAA begins at the Bungalow — guests, associates, media arrive\"}, {\"time\": \"10:30 PM\", \"event\": \"Raghav B Malhotra gives victory speech celebrating Dream City Project approval\"}, {\"time\": \"10:45 PM\", \"event\": \"Guest C dancing and enjoying with loud music, dinner\"}, {\"time\": \"11:00 PM\", \"event\": \"Farmer’s leader Kartar Sah arrives uninvited and starts shouting in party\"}, {\"time\": \"11:10 PM\", \"event\": \"Raghav D Malhotra asks him to come to his private room to discuss peacefully\"}, {\"time\": \"11:20 PM\", \"event\": \"Raghav calls his son Vikram — call lasts 4 minutes (last call on his phone)\"}, {\"time\": \"11:30 PM\", \"event\": \"Kartar Sah exits study, leaves bungalow — confirmed by gate guard.\"}, {\"time\": \"11:50 PM\", \"event\": \"Raju enters with tea — finds dead body. Raju informs police.\"}]', '{\"weather\": \"Clear Night\", \"location\": \"Luxury Bungalow, Mumbai\", \"date_time\": \"26th May, 11:30 PM (Est. Death)\", \"cctv_status\": \"Operational (Limited Coverage)\"}', 'Not everything is as it seems in the Willow Bungalow.', 'active', '2026-05-26 12:29:06', '2026-07-07 17:22:00', 'Raghav Malhotra'),
(5, 1, 'The File Holl Secret', '<h3>Case Plot</h3><p>An old wealthy businessman, Raghav Malhotra, is found dead in his luxury bungalow on the night of his greatest triumph — the approval celebration for his ambitious Dream City Project.</p><p>The project, a large-scale real estate development, was built on land acquired from local farming communities under disputed and allegedly forced conditions.</p><p>The party was in full swing. Guests, business associates, and family were present. But behind the celebrations, tensions ran deep.</p><p>Medical estimation places time of death at approximately 11:30 PM.</p><p>Businessman was found dead in the room.</p>', '[{\"time\": \"10:00 PM\", \"event\": \"Party begins at the Bungalow — guests, associates, media arrive\"}, {\"time\": \"10:30 PM\", \"event\": \"Raghav Malhotra gives victory speech celebrating Dream City Project approval\"}, {\"time\": \"10:45 PM\", \"event\": \"Guest dancing and enjoying with loud music, dinner\"}, {\"time\": \"11:00 PM\", \"event\": \"Farmer’s leader Kartar Sah arrives uninvited and starts shouting in party\"}, {\"time\": \"11:10 PM\", \"event\": \"Raghav Malhotra asks him to come to his private room to discuss peacefully\"}, {\"time\": \"11:20 PM\", \"event\": \"Raghav calls his son Vikram — call lasts 4 minutes (last call on his phone)\"}, {\"time\": \"11:30 PM\", \"event\": \"Kartar Sah exits study, leaves bungalow — confirmed by gate guard.\"}, {\"time\": \"11:50 PM\", \"event\": \"Raju enters with tea — finds dead body. Raju informs police.\"}]', '{\"weather\": \"Clear Night\", \"location\": \"Luxury Bungalow, Mumbai\", \"date_time\": \"26th May, 11:30 PM (Est. Death)\", \"cctv_status\": \"Operational (Limited Coverage)\"}', 'Not everything is as it seems in the Willow Bungalow.', 'active', '2026-06-05 15:35:05', '2026-06-05 15:35:29', NULL),
(6, 1, 'The College Hostel', '<h3>Case Plot</h3><p>An old wealthy businessman, Raghav Malhotra, is found dead in his luxury bungalow on the night of his greatest triumph — the approval celebration for his ambitious Dream City Project.</p><p>The project, a large-scale real estate development, was built on land acquired from local farming communities under disputed and allegedly forced conditions.</p><p>The party was in full swing. Guests, business associates, and family were present. But behind the celebrations, tensions ran deep.</p><p>Medical estimation places time of death at approximately 11:30 PM.</p><p>Businessman was found dead in the room.</p>', '[{\"time\": \"10:00 PM\", \"event\": \"Party begins at the Bungalow — guests, associates, media arrive\"}, {\"time\": \"10:30 PM\", \"event\": \"Raghav Malhotra gives victory speech celebrating Dream City Project approval\"}, {\"time\": \"10:45 PM\", \"event\": \"Guest dancing and enjoying with loud music, dinner\"}, {\"time\": \"11:00 PM\", \"event\": \"Farmer’s leader Kartar Sah arrives uninvited and starts shouting in party\"}, {\"time\": \"11:10 PM\", \"event\": \"Raghav Malhotra asks him to come to his private room to discuss peacefully\"}, {\"time\": \"11:20 PM\", \"event\": \"Raghav calls his son Vikram — call lasts 4 minutes (last call on his phone)\"}, {\"time\": \"11:30 PM\", \"event\": \"Kartar Sah exits study, leaves bungalow — confirmed by gate guard.\"}, {\"time\": \"11:50 PM\", \"event\": \"Raju enters with tea — finds dead body. Raju informs police.\"}]', '{\"weather\": \"Clear Night\", \"location\": \"Luxury Bungalow, Mumbai\", \"date_time\": \"26th May, 11:30 PM (Est. Death)\", \"cctv_status\": \"Operational (Limited Coverage)\"}', 'Not everything is as it seems in the Willow Bungalow.', 'active', '2026-06-05 15:35:40', '2026-06-05 15:36:31', NULL),
(7, 1, 'The School Scame', '<h3>Case Plot</h3><p>An old wealthy businessman, Raghav Malhotra, is found dead in his luxury bungalow on the night of his greatest triumph — the approval celebration for his ambitious Dream City Project.</p><p>The project, a large-scale real estate development, was built on land acquired from local farming communities under disputed and allegedly forced conditions.</p><p>The party was in full swing. Guests, business associates, and family were present. But behind the celebrations, tensions ran deep.</p><p>Medical estimation places time of death at approximately 11:30 PM.</p><p>Businessman was found dead in the room.</p>', '[{\"time\": \"10:00 PM\", \"event\": \"Party begins at the Bungalow — guests, associates, media arrive\"}, {\"time\": \"10:30 PM\", \"event\": \"Raghav Malhotra gives victory speech celebrating Dream City Project approval\"}, {\"time\": \"10:45 PM\", \"event\": \"Guest dancing and enjoying with loud music, dinner\"}, {\"time\": \"11:00 PM\", \"event\": \"Farmer’s leader Kartar Sah arrives uninvited and starts shouting in party\"}, {\"time\": \"11:10 PM\", \"event\": \"Raghav Malhotra asks him to come to his private room to discuss peacefully\"}, {\"time\": \"11:20 PM\", \"event\": \"Raghav calls his son Vikram — call lasts 4 minutes (last call on his phone)\"}, {\"time\": \"11:30 PM\", \"event\": \"Kartar Sah exits study, leaves bungalow — confirmed by gate guard.\"}, {\"time\": \"11:50 PM\", \"event\": \"Raju enters with tea — finds dead body. Raju informs police.\"}]', '{\"weather\": \"Clear Night\", \"location\": \"Luxury Bungalow, Mumbai\", \"date_time\": \"26th May, 11:30 PM (Est. Death)\", \"cctv_status\": \"Operational (Limited Coverage)\"}', 'Not everything is as it seems in the Willow Bungalow.', 'active', '2026-06-05 15:35:55', '2026-06-11 15:28:36', NULL);

-- --------------------------------------------------------

--
-- Table structure for table `answers`
--

CREATE TABLE `answers` (
  `id` bigint UNSIGNED NOT NULL,
  `question_id` bigint UNSIGNED NOT NULL,
  `participant_session_id` bigint UNSIGNED NOT NULL,
  `answer_text` text NOT NULL,
  `penalty_applied` int DEFAULT '0',
  `answered_at` datetime NOT NULL,
  `created_at` timestamp NULL DEFAULT CURRENT_TIMESTAMP,
  `updated_at` timestamp NULL DEFAULT CURRENT_TIMESTAMP ON UPDATE CURRENT_TIMESTAMP
) ENGINE=InnoDB DEFAULT CHARSET=utf8mb4 COLLATE=utf8mb4_0900_ai_ci;

--
-- Dumping data for table `answers`
--

INSERT INTO `answers` (`id`, `question_id`, `participant_session_id`, `answer_text`, `penalty_applied`, `answered_at`, `created_at`, `updated_at`) VALUES
(31, 31, 37, '(No response — auto-skipped)', 0, '2026-07-13 23:09:29', '2026-07-13 17:39:29', '2026-07-13 17:39:29');

-- --------------------------------------------------------

--
-- Table structure for table `blogs`
--

CREATE TABLE `blogs` (
  `id` bigint UNSIGNED NOT NULL,
  `title` varchar(255) CHARACTER SET utf8mb4 COLLATE utf8mb4_unicode_ci NOT NULL,
  `slug` varchar(255) CHARACTER SET utf8mb4 COLLATE utf8mb4_unicode_ci NOT NULL,
  `short_description` text CHARACTER SET utf8mb4 COLLATE utf8mb4_unicode_ci NOT NULL,
  `content` longtext CHARACTER SET utf8mb4 COLLATE utf8mb4_unicode_ci NOT NULL,
  `featured_image` varchar(255) CHARACTER SET utf8mb4 COLLATE utf8mb4_unicode_ci DEFAULT NULL,
  `banner_image` varchar(255) CHARACTER SET utf8mb4 COLLATE utf8mb4_unicode_ci DEFAULT NULL,
  `category_id` bigint UNSIGNED NOT NULL,
  `author_id` bigint UNSIGNED NOT NULL,
  `seo_title` varchar(255) CHARACTER SET utf8mb4 COLLATE utf8mb4_unicode_ci DEFAULT NULL,
  `seo_description` text CHARACTER SET utf8mb4 COLLATE utf8mb4_unicode_ci,
  `seo_keywords` varchar(255) CHARACTER SET utf8mb4 COLLATE utf8mb4_unicode_ci DEFAULT NULL,
  `og_image` varchar(255) CHARACTER SET utf8mb4 COLLATE utf8mb4_unicode_ci DEFAULT NULL,
  `canonical_url` varchar(255) CHARACTER SET utf8mb4 COLLATE utf8mb4_unicode_ci DEFAULT NULL,
  `status` varchar(255) CHARACTER SET utf8mb4 COLLATE utf8mb4_unicode_ci NOT NULL DEFAULT 'draft',
  `published_at` datetime DEFAULT NULL,
  `scheduled_at` datetime DEFAULT NULL,
  `is_featured` tinyint(1) NOT NULL DEFAULT '0',
  `is_pinned` tinyint(1) NOT NULL DEFAULT '0',
  `is_trending` tinyint(1) NOT NULL DEFAULT '0',
  `show_on_homepage` tinyint(1) NOT NULL DEFAULT '0',
  `allow_comments` tinyint(1) NOT NULL DEFAULT '1',
  `show_author` tinyint(1) NOT NULL DEFAULT '1',
  `show_related_blogs` tinyint(1) NOT NULL DEFAULT '1',
  `reading_time` int DEFAULT NULL,
  `views_count` int NOT NULL DEFAULT '0',
  `comments_count` int NOT NULL DEFAULT '0',
  `external_source_url` varchar(255) CHARACTER SET utf8mb4 COLLATE utf8mb4_unicode_ci DEFAULT NULL,
  `created_by` bigint UNSIGNED DEFAULT NULL,
  `updated_by` bigint UNSIGNED DEFAULT NULL,
  `created_at` timestamp NULL DEFAULT NULL,
  `updated_at` timestamp NULL DEFAULT NULL,
  `deleted_at` timestamp NULL DEFAULT NULL
) ENGINE=InnoDB DEFAULT CHARSET=utf8mb4 COLLATE=utf8mb4_unicode_ci;

--
-- Dumping data for table `blogs`
--

INSERT INTO `blogs` (`id`, `title`, `slug`, `short_description`, `content`, `featured_image`, `banner_image`, `category_id`, `author_id`, `seo_title`, `seo_description`, `seo_keywords`, `og_image`, `canonical_url`, `status`, `published_at`, `scheduled_at`, `is_featured`, `is_pinned`, `is_trending`, `show_on_homepage`, `allow_comments`, `show_author`, `show_related_blogs`, `reading_time`, `views_count`, `comments_count`, `external_source_url`, `created_by`, `updated_by`, `created_at`, `updated_at`, `deleted_at`) VALUES
(1, 'The Future of Corporate Team Building', 'the-future-of-corporate-team-building', 'Exploring how technology is reshaping how teams connect and collaborate.', '<p>Corporate team building has evolved beyond simple trust falls. Today, immersive digital experiences and gamified challenges are leading the way in creating meaningful connections among remote and hybrid teams.</p>', NULL, NULL, 2, 1, NULL, NULL, NULL, NULL, NULL, 'published', '2026-05-26 17:59:06', NULL, 1, 0, 0, 1, 1, 1, 1, NULL, 0, 0, NULL, 1, NULL, '2026-05-26 12:29:06', '2026-05-26 12:29:06', NULL),
(2, 'Top 5 Productivity Hacks for 2026', 'top-5-productivity-hacks-for-2026', 'Stay ahead of the curve with these essential productivity tips for the modern professional.', '<p>Productivity in 2026 is all about focused work and leveraging AI tools effectively. We dive into five strategies that will help you reclaim your time and achieve more with less effort.</p>', NULL, NULL, 7, 1, NULL, NULL, NULL, NULL, NULL, 'published', '2026-05-26 17:59:06', NULL, 1, 0, 0, 1, 1, 1, 1, NULL, 0, 0, NULL, 1, NULL, '2026-05-26 12:29:06', '2026-05-26 12:29:06', NULL),
(3, 'Designing Immersive Game Experiences', 'designing-immersive-game-experiences', 'What makes a game truly engaging? Our lead designer shares insights into the creative process.', '<p>Creating an immersive game requires a perfect blend of narrative, mechanics, and visual storytelling. Learn about the design principles we use to build our signature Mystery Quest series.</p>', NULL, NULL, 1, 1, NULL, NULL, NULL, NULL, NULL, 'published', '2026-05-26 17:59:06', NULL, 1, 0, 0, 1, 1, 1, 1, NULL, 0, 0, NULL, 1, NULL, '2026-05-26 12:29:06', '2026-05-26 12:29:06', NULL),
(4, 'Planning Your Next Virtual Event', 'planning-your-next-virtual-event', 'A comprehensive guide to hosting successful online gatherings that people actually enjoy.', '<p>Virtual events don\'t have to be boring. With the right platform and engaging activities, you can host an event that leaves a lasting impression on your attendees.</p>', NULL, NULL, 6, 1, NULL, NULL, NULL, NULL, NULL, 'published', '2026-05-26 17:59:06', NULL, 1, 0, 0, 1, 1, 1, 1, NULL, 0, 0, NULL, 1, NULL, '2026-05-26 12:29:06', '2026-05-26 12:29:06', NULL),
(5, 'Healthy Habits for Hybrid Workers', 'healthy-habits-for-hybrid-workers', 'Maintaining physical and mental well-being while navigating the split between home and office.', '<p>The hybrid work model offers flexibility but also challenges. Discover how to build a routine that supports your health, no matter where your desk is located today.</p>', NULL, NULL, 3, 1, NULL, NULL, NULL, NULL, NULL, 'published', '2026-05-26 17:59:06', NULL, 1, 0, 0, 1, 1, 1, 1, NULL, 0, 0, NULL, 1, NULL, '2026-05-26 12:29:06', '2026-05-26 12:29:06', NULL);

-- --------------------------------------------------------

--
-- Table structure for table `blog_categories`
--

CREATE TABLE `blog_categories` (
  `id` bigint UNSIGNED NOT NULL,
  `name` varchar(255) CHARACTER SET utf8mb4 COLLATE utf8mb4_unicode_ci NOT NULL,
  `slug` varchar(255) CHARACTER SET utf8mb4 COLLATE utf8mb4_unicode_ci NOT NULL,
  `description` text CHARACTER SET utf8mb4 COLLATE utf8mb4_unicode_ci,
  `icon` varchar(255) CHARACTER SET utf8mb4 COLLATE utf8mb4_unicode_ci DEFAULT NULL,
  `status` tinyint NOT NULL DEFAULT '1',
  `created_by` bigint UNSIGNED DEFAULT NULL,
  `updated_by` bigint UNSIGNED DEFAULT NULL,
  `created_at` timestamp NULL DEFAULT NULL,
  `updated_at` timestamp NULL DEFAULT NULL,
  `deleted_at` timestamp NULL DEFAULT NULL
) ENGINE=InnoDB DEFAULT CHARSET=utf8mb4 COLLATE=utf8mb4_unicode_ci;

--
-- Dumping data for table `blog_categories`
--

INSERT INTO `blog_categories` (`id`, `name`, `slug`, `description`, `icon`, `status`, `created_by`, `updated_by`, `created_at`, `updated_at`, `deleted_at`) VALUES
(1, 'Technology', 'technology', 'Latest technology news, tutorials, and insights.', 'fas fa-microchip', 1, 1, 1, '2026-05-26 12:29:06', '2026-05-26 12:29:06', NULL),
(2, 'Business', 'business', 'Business tips, marketing, and entrepreneurship.', 'fas fa-briefcase', 1, 1, 1, '2026-05-26 12:29:06', '2026-05-26 12:29:06', NULL),
(3, 'Lifestyle', 'lifestyle', 'Articles about lifestyle, productivity, and wellness.', 'fas fa-heart', 1, 1, 1, '2026-05-26 12:29:06', '2026-05-26 12:29:06', NULL),
(4, 'Tutorials', 'tutorials', 'How-to guides and tutorials for developers.', 'fas fa-graduation-cap', 1, 1, 1, '2026-05-26 12:29:06', '2026-05-26 12:29:06', NULL),
(5, 'News', 'news', 'Industry news and announcements.', 'fas fa-newspaper', 1, 1, 1, '2026-05-26 12:29:06', '2026-05-26 12:29:06', NULL),
(6, 'Events', 'events', NULL, NULL, 1, NULL, NULL, '2026-05-26 12:29:06', '2026-05-26 12:29:06', NULL),
(7, 'Productivity', 'productivity', NULL, NULL, 1, NULL, NULL, '2026-05-26 12:29:06', '2026-05-26 12:29:06', NULL);

-- --------------------------------------------------------

--
-- Table structure for table `blog_comments`
--

CREATE TABLE `blog_comments` (
  `id` bigint UNSIGNED NOT NULL,
  `blog_id` bigint UNSIGNED NOT NULL,
  `user_id` bigint UNSIGNED NOT NULL,
  `content` text CHARACTER SET utf8mb4 COLLATE utf8mb4_unicode_ci NOT NULL,
  `approved` tinyint(1) NOT NULL DEFAULT '0',
  `approved_by` bigint UNSIGNED DEFAULT NULL,
  `approved_at` datetime DEFAULT NULL,
  `created_at` timestamp NULL DEFAULT NULL,
  `updated_at` timestamp NULL DEFAULT NULL,
  `deleted_at` timestamp NULL DEFAULT NULL
) ENGINE=InnoDB DEFAULT CHARSET=utf8mb4 COLLATE=utf8mb4_unicode_ci;

-- --------------------------------------------------------

--
-- Table structure for table `blog_media`
--

CREATE TABLE `blog_media` (
  `id` bigint UNSIGNED NOT NULL,
  `blog_id` bigint UNSIGNED NOT NULL,
  `media_path` varchar(255) CHARACTER SET utf8mb4 COLLATE utf8mb4_unicode_ci NOT NULL,
  `media_type` varchar(255) CHARACTER SET utf8mb4 COLLATE utf8mb4_unicode_ci NOT NULL,
  `alt_text` varchar(255) CHARACTER SET utf8mb4 COLLATE utf8mb4_unicode_ci DEFAULT NULL,
  `caption` text CHARACTER SET utf8mb4 COLLATE utf8mb4_unicode_ci,
  `sort_order` int NOT NULL DEFAULT '0',
  `created_at` timestamp NULL DEFAULT NULL,
  `updated_at` timestamp NULL DEFAULT NULL,
  `deleted_at` timestamp NULL DEFAULT NULL
) ENGINE=InnoDB DEFAULT CHARSET=utf8mb4 COLLATE=utf8mb4_unicode_ci;

-- --------------------------------------------------------

--
-- Table structure for table `blog_tags`
--

CREATE TABLE `blog_tags` (
  `id` bigint UNSIGNED NOT NULL,
  `name` varchar(255) CHARACTER SET utf8mb4 COLLATE utf8mb4_unicode_ci NOT NULL,
  `slug` varchar(255) CHARACTER SET utf8mb4 COLLATE utf8mb4_unicode_ci NOT NULL,
  `status` tinyint NOT NULL DEFAULT '1',
  `created_by` bigint UNSIGNED DEFAULT NULL,
  `updated_by` bigint UNSIGNED DEFAULT NULL,
  `created_at` timestamp NULL DEFAULT NULL,
  `updated_at` timestamp NULL DEFAULT NULL,
  `deleted_at` timestamp NULL DEFAULT NULL
) ENGINE=InnoDB DEFAULT CHARSET=utf8mb4 COLLATE=utf8mb4_unicode_ci;

--
-- Dumping data for table `blog_tags`
--

INSERT INTO `blog_tags` (`id`, `name`, `slug`, `status`, `created_by`, `updated_by`, `created_at`, `updated_at`, `deleted_at`) VALUES
(1, 'Laravel', 'laravel', 1, 1, 1, '2026-05-26 12:29:06', '2026-05-26 12:29:06', NULL),
(2, 'PHP', 'php', 1, 1, 1, '2026-05-26 12:29:06', '2026-05-26 12:29:06', NULL),
(3, 'Web Development', 'web-development', 1, 1, 1, '2026-05-26 12:29:06', '2026-05-26 12:29:06', NULL),
(4, 'SEO', 'seo', 1, 1, 1, '2026-05-26 12:29:06', '2026-05-26 12:29:06', NULL),
(5, 'Business', 'business', 1, 1, 1, '2026-05-26 12:29:06', '2026-05-26 12:29:06', NULL),
(6, 'Productivity', 'productivity', 1, 1, 1, '2026-05-26 12:29:06', '2026-05-26 12:29:06', NULL);

-- --------------------------------------------------------

--
-- Table structure for table `blog_tag_items`
--

CREATE TABLE `blog_tag_items` (
  `id` bigint UNSIGNED NOT NULL,
  `blog_id` bigint UNSIGNED NOT NULL,
  `blog_tag_id` bigint UNSIGNED NOT NULL,
  `created_at` timestamp NULL DEFAULT NULL,
  `updated_at` timestamp NULL DEFAULT NULL
) ENGINE=InnoDB DEFAULT CHARSET=utf8mb4 COLLATE=utf8mb4_unicode_ci;

-- --------------------------------------------------------

--
-- Table structure for table `blog_views`
--

CREATE TABLE `blog_views` (
  `id` bigint UNSIGNED NOT NULL,
  `blog_id` bigint UNSIGNED NOT NULL,
  `user_id` bigint UNSIGNED DEFAULT NULL,
  `ip_address` varchar(255) CHARACTER SET utf8mb4 COLLATE utf8mb4_unicode_ci DEFAULT NULL,
  `user_agent` varchar(255) CHARACTER SET utf8mb4 COLLATE utf8mb4_unicode_ci DEFAULT NULL,
  `created_at` timestamp NULL DEFAULT NULL,
  `updated_at` timestamp NULL DEFAULT NULL
) ENGINE=InnoDB DEFAULT CHARSET=utf8mb4 COLLATE=utf8mb4_unicode_ci;

-- --------------------------------------------------------

--
-- Table structure for table `cache`
--

CREATE TABLE `cache` (
  `key` varchar(255) CHARACTER SET utf8mb4 COLLATE utf8mb4_unicode_ci NOT NULL,
  `value` mediumtext CHARACTER SET utf8mb4 COLLATE utf8mb4_unicode_ci NOT NULL,
  `expiration` int NOT NULL
) ENGINE=InnoDB DEFAULT CHARSET=utf8mb4 COLLATE=utf8mb4_unicode_ci;

--
-- Dumping data for table `cache`
--

INSERT INTO `cache` (`key`, `value`, `expiration`) VALUES
('424f74a6a7ed4d4ed4761507ebcd209a6ef0937b', 'i:2;', 1783955146),
('424f74a6a7ed4d4ed4761507ebcd209a6ef0937b:timer', 'i:1783955146;', 1783955146);

-- --------------------------------------------------------

--
-- Table structure for table `cache_locks`
--

CREATE TABLE `cache_locks` (
  `key` varchar(255) CHARACTER SET utf8mb4 COLLATE utf8mb4_unicode_ci NOT NULL,
  `owner` varchar(255) CHARACTER SET utf8mb4 COLLATE utf8mb4_unicode_ci NOT NULL,
  `expiration` int NOT NULL
) ENGINE=InnoDB DEFAULT CHARSET=utf8mb4 COLLATE=utf8mb4_unicode_ci;

-- --------------------------------------------------------

--
-- Table structure for table `clue_rooms`
--

CREATE TABLE `clue_rooms` (
  `id` bigint UNSIGNED NOT NULL,
  `group_id` bigint UNSIGNED NOT NULL,
  `clue_id` bigint UNSIGNED NOT NULL,
  `is_unlocked` tinyint(1) DEFAULT '0',
  `unlocked_at` datetime DEFAULT NULL,
  `created_at` timestamp NULL DEFAULT CURRENT_TIMESTAMP,
  `updated_at` timestamp NULL DEFAULT CURRENT_TIMESTAMP ON UPDATE CURRENT_TIMESTAMP
) ENGINE=InnoDB DEFAULT CHARSET=utf8mb4 COLLATE=utf8mb4_0900_ai_ci;

-- --------------------------------------------------------

--
-- Table structure for table `cms_pages`
--

CREATE TABLE `cms_pages` (
  `id` bigint UNSIGNED NOT NULL,
  `page_name` varchar(255) CHARACTER SET utf8mb4 COLLATE utf8mb4_unicode_ci NOT NULL,
  `slug` varchar(255) CHARACTER SET utf8mb4 COLLATE utf8mb4_unicode_ci NOT NULL,
  `title` varchar(255) CHARACTER SET utf8mb4 COLLATE utf8mb4_unicode_ci NOT NULL,
  `content` longtext CHARACTER SET utf8mb4 COLLATE utf8mb4_unicode_ci NOT NULL,
  `meta_title` varchar(255) CHARACTER SET utf8mb4 COLLATE utf8mb4_unicode_ci DEFAULT NULL,
  `meta_description` varchar(255) CHARACTER SET utf8mb4 COLLATE utf8mb4_unicode_ci DEFAULT NULL,
  `meta_keywords` text CHARACTER SET utf8mb4 COLLATE utf8mb4_unicode_ci,
  `featured_image` varchar(255) CHARACTER SET utf8mb4 COLLATE utf8mb4_unicode_ci DEFAULT NULL,
  `status` tinyint NOT NULL DEFAULT '1' COMMENT '1=published,0=draft',
  `published_at` timestamp NULL DEFAULT NULL,
  `created_by` bigint UNSIGNED DEFAULT NULL,
  `updated_by` bigint UNSIGNED DEFAULT NULL,
  `deleted_at` timestamp NULL DEFAULT NULL,
  `created_at` timestamp NULL DEFAULT NULL,
  `updated_at` timestamp NULL DEFAULT NULL
) ENGINE=InnoDB DEFAULT CHARSET=utf8mb4 COLLATE=utf8mb4_unicode_ci;

--
-- Dumping data for table `cms_pages`
--

INSERT INTO `cms_pages` (`id`, `page_name`, `slug`, `title`, `content`, `meta_title`, `meta_description`, `meta_keywords`, `featured_image`, `status`, `published_at`, `created_by`, `updated_by`, `deleted_at`, `created_at`, `updated_at`) VALUES
(1, 'Homepage Content', 'homepage', 'Welcome to Our Platform', '<h1>Welcome to Our Admin Panel</h1>\n                            <p>This is your homepage content. You can edit this using the CMS management system.</p>\n                            <h2>Key Features</h2>\n                            <ul>\n                                <li>Enterprise-level content management</li>\n                                <li>SEO optimization tools</li>\n                                <li>Rich text editing capabilities</li>\n                                <li>Image management system</li>\n                            </ul>', 'Welcome to Our Platform', 'Professional admin panel with comprehensive content management system', 'admin, cms, content, management', NULL, 1, '2026-05-26 12:29:06', NULL, NULL, NULL, '2026-05-26 12:29:06', '2026-05-26 12:29:06'),
(2, 'Footer Content', 'footer', 'Footer Information', '<div class=\"footer-content\">\n                            <h4>About Us</h4>\n                            <p>Professional content management system built for modern businesses.</p>\n                            <h4>Contact</h4>\n                            <p>Email: support@example.com<br>Phone: +1 (555) 000-0000</p>\n                            <h4>Follow Us</h4>\n                            <p>Visit our social media channels for updates and news.</p>\n                            </div>', 'Footer', 'Footer content and contact information', 'footer, contact, information', NULL, 1, '2026-05-26 12:29:06', NULL, NULL, NULL, '2026-05-26 12:29:06', '2026-05-26 12:29:06'),
(3, 'Terms & Conditions', 'terms-conditions', 'Terms & Conditions', '<h1>Terms & Conditions</h1>\n                            <p>Last Updated: May 26, 2026</p>\n                            <h2>1. Acceptance of Terms</h2>\n                            <p>By accessing and using this platform, you accept and agree to be bound by the terms and provision of this agreement.</p>\n                            <h2>2. Use License</h2>\n                            <p>Permission is granted to temporarily download one copy of the materials on our platform for personal, non-commercial transitory viewing only.</p>\n                            <h2>3. Disclaimer</h2>\n                            <p>The materials on our platform are provided on an \'as is\' basis. We make no warranties, expressed or implied, and hereby disclaim and negate all other warranties.</p>\n                            <h2>4. Limitations</h2>\n                            <p>In no event shall our company or its suppliers be liable for any damages (including, without limitation, damages for loss of data or profit) arising out of the use or inability to use the materials.</p>\n                            <h2>5. Accuracy of Materials</h2>\n                            <p>The materials appearing on our platform could include technical, typographical, or photographic errors. We do not warrant that any of the materials are accurate, complete, or current.</p>', 'Terms & Conditions', 'Read our terms and conditions before using our platform', 'terms, conditions, legal, agreement', NULL, 1, '2026-05-26 12:29:06', NULL, NULL, NULL, '2026-05-26 12:29:06', '2026-05-26 12:29:06'),
(4, 'Privacy Policy', 'privacy-policy', 'Privacy Policy', '<h1>Privacy Policy</h1>\n                            <p>Last Updated: May 26, 2026</p>\n                            <h2>1. Introduction</h2>\n                            <p>We are committed to protecting your privacy. This policy explains how we collect, use, and disclose information.</p>\n                            <h2>2. Information Collection</h2>\n                            <p>We collect information you provide directly, such as when you create an account or contact us for support.</p>\n                            <h2>3. Use of Information</h2>\n                            <p>We use the information we collect to provide, maintain, and improve our services, and to communicate with you about changes to our policies.</p>\n                            <h2>4. Information Sharing</h2>\n                            <p>We do not sell or share your personal information with third parties except as necessary to provide our services or as required by law.</p>\n                            <h2>5. Data Security</h2>\n                            <p>We implement appropriate technical and organizational measures to protect your personal information against unauthorized access and alteration.</p>\n                            <h2>6. Your Rights</h2>\n                            <p>You have the right to access, correct, or delete your personal information. Please contact us to exercise these rights.</p>\n                            <h2>7. Contact Us</h2>\n                            <p>If you have questions about this privacy policy, please contact us at privacy@example.com</p>', 'Privacy Policy', 'Review our privacy policy to understand how we protect your data', 'privacy, policy, data protection, gdpr', NULL, 1, '2026-05-26 12:29:06', NULL, NULL, NULL, '2026-05-26 12:29:06', '2026-05-26 12:29:06'),
(5, 'Refund Policy', 'refund-policy', 'Refund Policy', '<h1>Refund Policy</h1>\n                            <p>Last Updated: May 26, 2026</p>\n                            <h2>1. Refund Eligibility</h2>\n                            <p>You may request a refund within 30 days of your purchase if you are not satisfied with our services.</p>\n                            <h2>2. Refund Process</h2>\n                            <p>To request a refund, please contact our support team with your order number and reason for the refund request.</p>\n                            <h2>3. Refund Timeline</h2>\n                            <p>Once we receive and process your refund request, you should expect to receive your refund within 5-7 business days.</p>\n                            <h2>4. Non-Refundable Items</h2>\n                            <p>Digital services that have been fully used or consumed are not eligible for refunds.</p>\n                            <h2>5. Partial Refunds</h2>\n                            <p>In some cases, we may offer partial refunds based on the nature of your complaint and our assessment.</p>\n                            <h2>6. Customer Support</h2>\n                            <p>Before requesting a refund, please contact our support team. We may be able to resolve your issue.</p>\n                            <h2>7. Contact Support</h2>\n                            <p>Email: support@example.com<br>Phone: +1 (555) 000-0000</p>', 'Refund Policy', 'Learn about our refund policy and how to request a refund', 'refund, policy, returns, customer service', NULL, 1, '2026-06-08 16:29:47', NULL, NULL, NULL, '2026-05-26 12:29:06', '2026-06-08 16:29:47');

-- --------------------------------------------------------

--
-- Table structure for table `email_templates`
--

CREATE TABLE `email_templates` (
  `id` bigint UNSIGNED NOT NULL,
  `name` varchar(255) CHARACTER SET utf8mb4 COLLATE utf8mb4_unicode_ci NOT NULL,
  `slug` varchar(255) CHARACTER SET utf8mb4 COLLATE utf8mb4_unicode_ci NOT NULL,
  `subject` varchar(255) CHARACTER SET utf8mb4 COLLATE utf8mb4_unicode_ci NOT NULL,
  `body` longtext CHARACTER SET utf8mb4 COLLATE utf8mb4_unicode_ci NOT NULL,
  `variables` json DEFAULT NULL COMMENT 'Available variables in template',
  `description` text CHARACTER SET utf8mb4 COLLATE utf8mb4_unicode_ci,
  `status` tinyint NOT NULL DEFAULT '1' COMMENT '1=active,0=inactive',
  `created_by` bigint UNSIGNED DEFAULT NULL,
  `updated_by` bigint UNSIGNED DEFAULT NULL,
  `usage_count` int NOT NULL DEFAULT '0',
  `last_used_at` timestamp NULL DEFAULT NULL,
  `deleted_at` timestamp NULL DEFAULT NULL,
  `created_at` timestamp NULL DEFAULT NULL,
  `updated_at` timestamp NULL DEFAULT NULL
) ENGINE=InnoDB DEFAULT CHARSET=utf8mb4 COLLATE=utf8mb4_unicode_ci;

--
-- Dumping data for table `email_templates`
--

INSERT INTO `email_templates` (`id`, `name`, `slug`, `subject`, `body`, `variables`, `description`, `status`, `created_by`, `updated_by`, `usage_count`, `last_used_at`, `deleted_at`, `created_at`, `updated_at`) VALUES
(1, 'Welcome Email', 'welcome-email', 'Welcome to Our Platform - {name}!', '<h2>Welcome to Our Platform!</h2>\n                            <p>Hello {name},</p>\n                            <p>Thank you for joining our community. We\'re excited to have you on board!</p>\n                            <h3>Getting Started</h3>\n                            <p>To get started, please verify your email address by clicking the link below:</p>\n                            <p><a href=\"{verify_url}\" style=\"background-color: #007bff; color: white; padding: 10px 20px; text-decoration: none; border-radius: 4px; display: inline-block;\">Verify Email Address</a></p>\n                            <p>If you have any questions, feel free to contact our support team at <strong>support@example.com</strong></p>\n                            <p>Best regards,<br>The Support Team</p>', NULL, 'Sent when a new user creates an account', 1, NULL, NULL, 0, NULL, NULL, '2026-05-26 12:29:06', '2026-05-26 12:29:06'),
(2, 'Email Verification', 'email-verification', 'Verify Your Email Address - {verification_code}', '<h2>Email Verification Required</h2>\n                            <p>Hello {name},</p>\n                            <p>Please verify your email address using the verification code below:</p>\n                            <div style=\"background-color: #f0f0f0; padding: 20px; border-radius: 4px; text-align: center; margin: 20px 0;\">\n                                <h3 style=\"margin: 0; font-family: monospace; letter-spacing: 5px; color: #007bff;\">{verification_code}</h3>\n                            </div>\n                            <p>This code will expire in 24 hours.</p>\n                            <p>If you did not request this verification, please ignore this email.</p>\n                            <p>Best regards,<br>The Support Team</p>', NULL, 'Sent when user requests email verification', 1, NULL, NULL, 0, NULL, NULL, '2026-05-26 12:29:06', '2026-05-26 12:29:06'),
(3, 'Password Reset', 'password-reset', 'Password Reset Request - {app_name}', '<h2>Password Reset Request</h2>\n                            <p>Hello {name},</p>\n                            <p>We received a request to reset your password. If you did not make this request, please ignore this email.</p>\n                            <p>To reset your password, click the link below:</p>\n                            <p><a href=\"{reset_url}\" style=\"background-color: #007bff; color: white; padding: 10px 20px; text-decoration: none; border-radius: 4px; display: inline-block;\">Reset Password</a></p>\n                            <p><strong>This link will expire in 1 hour.</strong></p>\n                            <p>For security reasons, never share your password with anyone.</p>\n                            <p>Best regards,<br>The Support Team</p>', NULL, 'Sent when user requests password reset', 1, NULL, NULL, 0, NULL, NULL, '2026-05-26 12:29:06', '2026-05-26 12:29:06'),
(4, 'Account Activated', 'account-activated', 'Your Account Has Been Activated - Welcome!', '<h2>Account Activation Confirmed</h2>\n                            <p>Hello {name},</p>\n                            <p>Great news! Your account has been successfully activated.</p>\n                            <p>You can now log in to your account using your email and password.</p>\n                            <p><a href=\"{login_url}\" style=\"background-color: #28a745; color: white; padding: 10px 20px; text-decoration: none; border-radius: 4px; display: inline-block;\">Log In to Your Account</a></p>\n                            <p><strong>Account Details:</strong></p>\n                            <ul>\n                                <li>Email: {email}</li>\n                                <li>Username: {username}</li>\n                            </ul>\n                            <p>If you have any questions or need assistance, please contact our support team.</p>\n                            <p>Best regards,<br>The Support Team</p>', NULL, 'Sent when admin activates a user account', 1, NULL, NULL, 0, NULL, NULL, '2026-05-26 12:29:06', '2026-05-26 12:29:06'),
(5, 'Password Changed', 'password-changed', 'Your Password Has Been Changed Successfully', '<h2>Password Change Confirmation</h2>\n                            <p>Hello {name},</p>\n                            <p>This is to confirm that your password has been successfully changed.</p>\n                            <p>If you did not make this change or suspect unauthorized access to your account, please <a href=\"{support_url}\">contact our support team</a> immediately.</p>\n                            <div style=\"background-color: #f0f0f0; padding: 15px; border-radius: 4px; margin: 20px 0;\">\n                                <p style=\"margin: 0;\"><strong>Security Tip:</strong> Never share your password with anyone. Our team will never ask for your password.</p>\n                            </div>\n                            <p>Best regards,<br>The Support Team</p>', NULL, 'Sent when user changes their password', 1, NULL, NULL, 0, NULL, NULL, '2026-05-26 12:29:06', '2026-05-26 12:29:06'),
(6, 'Contact Form Reply', 'contact-form-reply', 'We Received Your Message - {ticket_number}', '<h2>Thank You for Contacting Us</h2>\n                            <p>Hello {name},</p>\n                            <p>We have received your message and will get back to you as soon as possible.</p>\n                            <div style=\"background-color: #f0f0f0; padding: 15px; border-radius: 4px; margin: 20px 0;\">\n                                <p style=\"margin: 0;\"><strong>Ticket Number:</strong> {ticket_number}</p>\n                                <p style=\"margin: 10px 0 0 0;\"><strong>Subject:</strong> {subject}</p>\n                            </div>\n                            <p>Your message has been recorded in our support system. You can track the status using your ticket number above.</p>\n                            <p>Expected response time: 24-48 hours</p>\n                            <p>Best regards,<br>The Support Team</p>', NULL, 'Sent as automatic reply to contact form submissions', 1, NULL, NULL, 0, NULL, NULL, '2026-05-26 12:29:06', '2026-05-26 12:29:06'),
(7, 'General Notification', 'general-notification', '{notification_title}', '<h2>{notification_title}</h2>\n                            <p>Hello {name},</p>\n                            <p>{notification_message}</p>\n                            <p>{notification_content}</p>\n                            @if({action_url})\n                                <p><a href=\"{action_url}\" style=\"background-color: #007bff; color: white; padding: 10px 20px; text-decoration: none; border-radius: 4px; display: inline-block;\">{action_text}</a></p>\n                            @endif\n                            <p>Best regards,<br>The Support Team</p>', NULL, 'General purpose template for system notifications', 1, NULL, NULL, 0, NULL, NULL, '2026-05-26 12:29:06', '2026-05-26 12:29:06');

-- --------------------------------------------------------

--
-- Table structure for table `failed_jobs`
--

CREATE TABLE `failed_jobs` (
  `id` bigint UNSIGNED NOT NULL,
  `uuid` varchar(255) CHARACTER SET utf8mb4 COLLATE utf8mb4_unicode_ci NOT NULL,
  `connection` text CHARACTER SET utf8mb4 COLLATE utf8mb4_unicode_ci NOT NULL,
  `queue` text CHARACTER SET utf8mb4 COLLATE utf8mb4_unicode_ci NOT NULL,
  `payload` longtext CHARACTER SET utf8mb4 COLLATE utf8mb4_unicode_ci NOT NULL,
  `exception` longtext CHARACTER SET utf8mb4 COLLATE utf8mb4_unicode_ci NOT NULL,
  `failed_at` timestamp NOT NULL DEFAULT CURRENT_TIMESTAMP
) ENGINE=InnoDB DEFAULT CHARSET=utf8mb4 COLLATE=utf8mb4_unicode_ci;

-- --------------------------------------------------------

--
-- Table structure for table `faqs`
--

CREATE TABLE `faqs` (
  `id` bigint UNSIGNED NOT NULL,
  `question` varchar(255) CHARACTER SET utf8mb4 COLLATE utf8mb4_unicode_ci NOT NULL,
  `answer` longtext CHARACTER SET utf8mb4 COLLATE utf8mb4_unicode_ci NOT NULL,
  `category_id` bigint UNSIGNED NOT NULL,
  `sort_order` int NOT NULL DEFAULT '0',
  `is_featured` tinyint(1) NOT NULL DEFAULT '0',
  `status` tinyint NOT NULL DEFAULT '1',
  `created_by` bigint UNSIGNED DEFAULT NULL,
  `updated_by` bigint UNSIGNED DEFAULT NULL,
  `created_at` timestamp NULL DEFAULT NULL,
  `updated_at` timestamp NULL DEFAULT NULL,
  `deleted_at` timestamp NULL DEFAULT NULL
) ENGINE=InnoDB DEFAULT CHARSET=utf8mb4 COLLATE=utf8mb4_unicode_ci;

--
-- Dumping data for table `faqs`
--

INSERT INTO `faqs` (`id`, `question`, `answer`, `category_id`, `sort_order`, `is_featured`, `status`, `created_by`, `updated_by`, `created_at`, `updated_at`, `deleted_at`) VALUES
(1, 'What services do you offer?', '<p>We offer a comprehensive range of digital services including web development, mobile app development, digital marketing, UI/UX design, and consulting services. Our team specializes in creating custom solutions tailored to your business needs.</p>', 1, 1, 1, 1, 1, 1, '2026-05-26 12:29:06', '2026-05-26 12:29:06', NULL),
(2, 'How do I get started with your services?', '<p>Getting started is easy! Simply contact us through our website, email, or phone. We\'ll schedule a free consultation to discuss your project requirements and provide a customized proposal. Once you approve the proposal, we\'ll begin working on your project immediately.</p>', 1, 2, 1, 1, 1, 1, '2026-05-26 12:29:06', '2026-05-26 12:29:06', NULL),
(3, 'Do you provide ongoing support after project completion?', '<p>Yes, we provide comprehensive post-launch support and maintenance services. This includes bug fixes, updates, performance optimization, and technical support. We offer various support packages to suit different needs and budgets.</p>', 1, 3, 0, 1, 1, 1, '2026-05-26 12:29:06', '2026-05-26 12:29:06', NULL),
(4, 'How can I update my billing information?', '<p>You can update your billing information by logging into your dashboard and navigating to the Settings -> Billing section. There you can add new payment methods or update existing ones.</p>', 2, 4, 1, 1, 1, 1, '2026-05-26 12:29:06', '2026-05-26 12:29:06', NULL),
(5, 'What payment methods do you accept?', '<p>We accept all major credit/debit cards, UPI, Paytm, and NetBanking. All payments are processed securely through our payment gateway partners.</p>', 2, 5, 0, 1, 1, 1, '2026-05-26 12:29:06', '2026-05-26 12:29:06', NULL);

-- --------------------------------------------------------

--
-- Table structure for table `faq_categories`
--

CREATE TABLE `faq_categories` (
  `id` bigint UNSIGNED NOT NULL,
  `name` varchar(255) CHARACTER SET utf8mb4 COLLATE utf8mb4_unicode_ci NOT NULL,
  `slug` varchar(255) CHARACTER SET utf8mb4 COLLATE utf8mb4_unicode_ci NOT NULL,
  `description` text CHARACTER SET utf8mb4 COLLATE utf8mb4_unicode_ci,
  `icon` varchar(255) CHARACTER SET utf8mb4 COLLATE utf8mb4_unicode_ci DEFAULT NULL,
  `status` tinyint NOT NULL DEFAULT '1',
  `sort_order` int NOT NULL DEFAULT '0',
  `created_by` bigint UNSIGNED DEFAULT NULL,
  `updated_by` bigint UNSIGNED DEFAULT NULL,
  `created_at` timestamp NULL DEFAULT NULL,
  `updated_at` timestamp NULL DEFAULT NULL,
  `deleted_at` timestamp NULL DEFAULT NULL
) ENGINE=InnoDB DEFAULT CHARSET=utf8mb4 COLLATE=utf8mb4_unicode_ci;

--
-- Dumping data for table `faq_categories`
--

INSERT INTO `faq_categories` (`id`, `name`, `slug`, `description`, `icon`, `status`, `sort_order`, `created_by`, `updated_by`, `created_at`, `updated_at`, `deleted_at`) VALUES
(1, 'General', 'general', 'General questions about our services', 'fas fa-question-circle', 1, 1, 1, 1, '2026-05-26 12:29:06', '2026-05-26 12:29:06', NULL),
(2, 'Account & Billing', 'account-billing', 'Questions about accounts and billing', 'fas fa-credit-card', 1, 2, 1, 1, '2026-05-26 12:29:06', '2026-05-26 12:29:06', NULL),
(3, 'Technical Support', 'technical-support', 'Technical issues and troubleshooting', 'fas fa-cog', 1, 3, 1, 1, '2026-05-26 12:29:06', '2026-05-26 12:29:06', NULL),
(4, 'Privacy & Security', 'privacy-security', 'Privacy and security related questions', 'fas fa-shield-alt', 1, 4, 1, 1, '2026-05-26 12:29:06', '2026-05-26 12:29:06', NULL),
(5, 'Policies', 'policies', 'Company policies and terms', 'fas fa-file-contract', 1, 5, 1, 1, '2026-05-26 12:29:06', '2026-05-26 12:29:06', NULL);

-- --------------------------------------------------------

--
-- Table structure for table `game_clues`
--

CREATE TABLE `game_clues` (
  `id` bigint UNSIGNED NOT NULL,
  `game_id` bigint UNSIGNED NOT NULL,
  `clue_title` varchar(255) CHARACTER SET utf8mb4 COLLATE utf8mb4_unicode_ci NOT NULL,
  `clue_short_description` varchar(255) CHARACTER SET utf8mb4 COLLATE utf8mb4_unicode_ci DEFAULT NULL,
  `clue_detail` longtext CHARACTER SET utf8mb4 COLLATE utf8mb4_unicode_ci,
  `clue_image` varchar(255) CHARACTER SET utf8mb4 COLLATE utf8mb4_unicode_ci DEFAULT NULL,
  `created_at` timestamp NULL DEFAULT NULL,
  `updated_at` timestamp NULL DEFAULT NULL
) ENGINE=InnoDB DEFAULT CHARSET=utf8mb4 COLLATE=utf8mb4_unicode_ci;

--
-- Dumping data for table `game_clues`
--

INSERT INTO `game_clues` (`id`, `game_id`, `clue_title`, `clue_short_description`, `clue_detail`, `clue_image`, `created_at`, `updated_at`) VALUES
(14, 5, 'The Study Evidence', 'Forensic investigators have marked key evidence found at the crime scene.', 'White circles indicate areas of interest. What they mean — is for you to determine.', 'clues/16smOc0HgtDnSYahsBgcFhtrYxEWD0UcD3bA2Us2.jpg', '2026-06-05 15:35:29', '2026-06-05 15:35:29'),
(19, 6, 'The Study Evidence', 'Forensic investigators have marked key evidence found at the crime scene.', 'White circles indicate areas of interest. What they mean — is for you to determine.', 'clues/16smOc0HgtDnSYahsBgcFhtrYxEWD0UcD3bA2Us2.jpg', '2026-06-05 15:36:31', '2026-06-05 15:36:31'),
(22, 7, 'The Study Evidence', 'Forensic investigators have marked key evidence found at the crime scene.', 'White circles indicate areas of interest. What they mean — is for you to determine.', 'clues/16smOc0HgtDnSYahsBgcFhtrYxEWD0UcD3bA2Us2.jpg', '2026-06-11 15:28:36', '2026-06-11 15:28:36'),
(24, 1, 'The Study Evidence', 'Forensic investigators have marked key evidence found at the crime scene.', 'White circles indicate areas of interest. What they mean — is for you to determine.', 'clues/16smOc0HgtDnSYahsBgcFhtrYxEWD0UcD3bA2Us2.jpg', '2026-07-07 17:22:00', '2026-07-07 17:22:00');

-- --------------------------------------------------------

--
-- Table structure for table `game_full_story`
--

CREATE TABLE `game_full_story` (
  `id` bigint UNSIGNED NOT NULL,
  `game_id` bigint UNSIGNED NOT NULL,
  `part_number` tinyint UNSIGNED NOT NULL,
  `part_title` varchar(255) CHARACTER SET utf8mb4 COLLATE utf8mb4_unicode_ci NOT NULL,
  `part_body` longtext CHARACTER SET utf8mb4 COLLATE utf8mb4_unicode_ci NOT NULL,
  `created_at` timestamp NULL DEFAULT NULL,
  `updated_at` timestamp NULL DEFAULT NULL
) ENGINE=InnoDB DEFAULT CHARSET=utf8mb4 COLLATE=utf8mb4_unicode_ci;

--
-- Dumping data for table `game_full_story`
--

INSERT INTO `game_full_story` (`id`, `game_id`, `part_number`, `part_title`, `part_body`, `created_at`, `updated_at`) VALUES
(40, 5, 1, 'The Motive', 'Vikram and Priya were drowning in debt...', '2026-06-05 15:35:29', '2026-06-05 15:35:29'),
(41, 5, 2, 'The Opportunity', 'Priya used the private corridor while the music was loud...', '2026-06-05 15:35:29', '2026-06-05 15:35:29'),
(42, 5, 3, 'The Final Reveal', 'The broken phone contained a recording...', '2026-06-05 15:35:29', '2026-06-05 15:35:29'),
(55, 6, 1, 'The Motive', 'Vikram and Priya were drowning in debt...', '2026-06-05 15:36:31', '2026-06-05 15:36:31'),
(56, 6, 2, 'The Opportunity', 'Priya used the private corridor while the music was loud...', '2026-06-05 15:36:31', '2026-06-05 15:36:31'),
(57, 6, 3, 'The Final Reveal', 'The broken phone contained a recording...', '2026-06-05 15:36:31', '2026-06-05 15:36:31'),
(64, 7, 1, 'The Motive', 'Vikram and Priya were drowning in debt...', '2026-06-11 15:28:36', '2026-06-11 15:28:36'),
(65, 7, 2, 'The Opportunity', 'Priya used the private corridor while the music was loud...', '2026-06-11 15:28:36', '2026-06-11 15:28:36'),
(66, 7, 3, 'The Final Reveal', 'The broken phone contained a recording...', '2026-06-11 15:28:36', '2026-06-11 15:28:36'),
(70, 1, 1, 'The Motive', 'Vikram and Priya were drowning in debt...', '2026-07-07 17:22:00', '2026-07-07 17:22:00'),
(71, 1, 2, 'The Opportunity', 'Priya used the private corridor while the music was loud...', '2026-07-07 17:22:00', '2026-07-07 17:22:00'),
(72, 1, 3, 'The Final Reveal', 'The broken phone contained a recording...', '2026-07-07 17:22:00', '2026-07-07 17:22:00');

-- --------------------------------------------------------

--
-- Table structure for table `game_groups`
--

CREATE TABLE `game_groups` (
  `id` bigint UNSIGNED NOT NULL,
  `booking_id` bigint UNSIGNED NOT NULL,
  `game_id` bigint UNSIGNED DEFAULT NULL,
  `group_name` varchar(255) CHARACTER SET utf8mb4 COLLATE utf8mb4_unicode_ci NOT NULL,
  `status` enum('waiting','active','finished','completed','incomplete') COLLATE utf8mb4_unicode_ci NOT NULL DEFAULT 'waiting',
  `created_at` timestamp NULL DEFAULT CURRENT_TIMESTAMP,
  `updated_at` timestamp NULL DEFAULT CURRENT_TIMESTAMP ON UPDATE CURRENT_TIMESTAMP,
  `completed_at` timestamp NULL DEFAULT NULL,
  `retention_purge_at` timestamp NULL DEFAULT NULL,
  `purged_at` timestamp NULL DEFAULT NULL,
  `results_pdf_path` varchar(255) COLLATE utf8mb4_unicode_ci DEFAULT NULL,
  `results_pdf_expires_at` timestamp NULL DEFAULT NULL
) ENGINE=InnoDB DEFAULT CHARSET=utf8mb4 COLLATE=utf8mb4_unicode_ci;

--
-- Dumping data for table `game_groups`
--

INSERT INTO `game_groups` (`id`, `booking_id`, `game_id`, `group_name`, `status`, `created_at`, `updated_at`, `completed_at`, `retention_purge_at`, `purged_at`, `results_pdf_path`, `results_pdf_expires_at`) VALUES
(1, 1, 1, 'Group 1', 'completed', '2026-07-11 09:04:47', '2026-07-11 10:56:50', '2026-07-11 09:44:05', '2026-07-11 10:44:05', '2026-07-11 10:56:50', NULL, NULL),
(2, 1, 5, 'Group 2', 'completed', '2026-07-11 09:10:05', '2026-07-11 10:56:50', '2026-07-11 09:45:00', '2026-07-11 10:45:00', '2026-07-11 10:56:50', NULL, NULL),
(3, 2, 1, 'Group 1', 'completed', '2026-07-11 18:34:44', '2026-07-11 20:16:32', '2026-07-11 19:12:31', '2026-07-11 20:12:31', '2026-07-11 20:16:32', NULL, NULL),
(4, 2, 5, 'Group 2', 'completed', '2026-07-11 18:36:43', '2026-07-11 20:16:32', '2026-07-11 19:12:01', '2026-07-11 20:12:01', '2026-07-11 20:16:32', NULL, NULL),
(5, 3, 1, 'Group 1', 'completed', '2026-07-12 11:25:40', '2026-07-12 13:02:50', '2026-07-12 12:02:11', '2026-07-12 13:02:11', '2026-07-12 13:02:50', NULL, NULL),
(6, 3, 5, 'Group 2', 'active', '2026-07-12 11:27:34', '2026-07-12 11:37:00', NULL, NULL, NULL, NULL, NULL),
(7, 4, 1, 'Group 1', 'incomplete', '2026-07-13 14:34:59', '2026-07-13 16:25:27', '2026-07-13 15:24:30', '2026-07-13 16:24:30', '2026-07-13 16:25:27', NULL, NULL),
(8, 4, 5, 'Group 2', 'completed', '2026-07-13 14:39:44', '2026-07-13 16:25:28', '2026-07-13 15:24:30', '2026-07-13 16:24:30', '2026-07-13 16:25:27', NULL, NULL),
(9, 5, 1, 'Group 1', 'incomplete', '2026-07-13 17:14:56', '2026-07-13 17:38:41', '2026-07-13 17:38:42', '2026-07-13 18:38:42', NULL, NULL, NULL);

-- --------------------------------------------------------

--
-- Table structure for table `game_participants`
--

CREATE TABLE `game_participants` (
  `id` bigint UNSIGNED NOT NULL,
  `booking_id` bigint UNSIGNED NOT NULL,
  `game_id` bigint UNSIGNED NOT NULL,
  `group_id` bigint UNSIGNED DEFAULT NULL,
  `name` varchar(255) CHARACTER SET utf8mb4 COLLATE utf8mb4_unicode_ci DEFAULT NULL,
  `email` varchar(255) CHARACTER SET utf8mb4 COLLATE utf8mb4_unicode_ci DEFAULT NULL,
  `otp` varchar(6) CHARACTER SET utf8mb4 COLLATE utf8mb4_unicode_ci DEFAULT NULL,
  `otp_expires_at` timestamp NULL DEFAULT NULL,
  `email_verified_at` timestamp NULL DEFAULT NULL,
  `join_token` varchar(255) CHARACTER SET utf8mb4 COLLATE utf8mb4_unicode_ci NOT NULL,
  `status` enum('joined','playing','finished') CHARACTER SET utf8mb4 COLLATE utf8mb4_unicode_ci NOT NULL DEFAULT 'joined',
  `created_at` timestamp NULL DEFAULT NULL,
  `updated_at` timestamp NULL DEFAULT NULL
) ENGINE=InnoDB DEFAULT CHARSET=utf8mb4 COLLATE=utf8mb4_unicode_ci;

--
-- Dumping data for table `game_participants`
--

INSERT INTO `game_participants` (`id`, `booking_id`, `game_id`, `group_id`, `name`, `email`, `otp`, `otp_expires_at`, `email_verified_at`, `join_token`, `status`, `created_at`, `updated_at`) VALUES
(1, 1, 1, NULL, NULL, NULL, NULL, NULL, '2026-07-11 09:04:47', 'b01372cbf3b77b30e6f62dd7a30e0ff9e94444b049dc8779a3080a4c3435a35d', 'joined', NULL, NULL),
(2, 1, 1, NULL, NULL, NULL, NULL, NULL, '2026-07-11 09:07:10', '2fa9d7bafb6b8bb73c2beafc755f8164c1ed109baf58e8c3afa8608520a51693', 'joined', NULL, NULL),
(3, 1, 1, NULL, NULL, NULL, NULL, NULL, '2026-07-11 09:07:40', '7434fb232be21a2f43445a883138bdc88b43e9907cd56567ccf1564fa19931ad', 'joined', NULL, NULL),
(4, 1, 1, NULL, NULL, NULL, NULL, NULL, '2026-07-11 09:08:12', '005bdc1fb7bab1c507dbf4e6e3aac803290c2abf7e9922430afbe3e2aa0d18e9', 'joined', NULL, NULL),
(5, 1, 1, NULL, NULL, NULL, NULL, NULL, '2026-07-11 09:09:01', '83617d508af262ed1a93bec2fe1814707504030efbd44c9ee50dd879a16cf9d8', 'joined', NULL, NULL),
(6, 1, 1, NULL, NULL, NULL, NULL, NULL, '2026-07-11 09:10:05', 'c6eccbb12bbd478a538aba74eb0369438be4b1f21cbe27717bd50f05b88f819d', 'joined', NULL, NULL),
(7, 1, 1, NULL, NULL, NULL, NULL, NULL, '2026-07-11 09:10:24', '5a1d34789b61b06c39243b3507beb1a423c53ca91fcca35c44f11387bf9bec1c', 'joined', NULL, NULL),
(8, 1, 1, NULL, NULL, NULL, NULL, NULL, '2026-07-11 09:10:50', '6ed15de8c22239732cc57283ce84177a207f507b6381a46a564e1f2e5c708d83', 'joined', NULL, NULL),
(9, 1, 1, NULL, NULL, NULL, NULL, NULL, '2026-07-11 09:11:48', 'a6f3f54069771fd2e09b962a3982e6436321ba014b8ce31427891e79c00adaac', 'joined', NULL, NULL),
(10, 1, 1, NULL, NULL, NULL, NULL, NULL, '2026-07-11 09:12:19', 'e0cb855756e22d6f7ddd3b501c427214b7af6be8cfbed1498f8be34291904961', 'joined', NULL, NULL),
(11, 2, 1, NULL, NULL, NULL, NULL, NULL, '2026-07-11 18:34:44', '495b1102d354e75721abd54a9717a976d0ef7846487086244ed3853d1243d266', 'joined', NULL, NULL),
(12, 2, 1, NULL, NULL, NULL, NULL, NULL, '2026-07-11 18:35:29', '48a73cdbe4b2eb385c78ca31264fe9f6fe7261ade9e827bb4600f46970f4c5c6', 'joined', NULL, NULL),
(13, 2, 1, NULL, NULL, NULL, NULL, NULL, '2026-07-11 18:35:40', '8a37a70a1b2e8edbd3187fc5ccf878c446ae94c550af3534b676aadae26b4c2f', 'joined', NULL, NULL),
(14, 2, 1, NULL, NULL, NULL, NULL, NULL, '2026-07-11 18:36:05', 'e6e0031b2e1a89e03d2098ef0d7016f84ae383ab4a570ae261137626dda0f9a3', 'joined', NULL, NULL),
(15, 2, 1, NULL, NULL, NULL, NULL, NULL, '2026-07-11 18:36:22', '2401347d8cc635ff76edb4a77305879b75b13c38e068c0049f40977ebbdf99f1', 'joined', NULL, NULL),
(16, 2, 1, NULL, NULL, NULL, NULL, NULL, '2026-07-11 18:36:43', 'e75356e9853667b176fa241f5b17f4bbf4a05ee767eb39cb24d6bceac7621697', 'joined', NULL, NULL),
(17, 2, 1, NULL, NULL, NULL, NULL, NULL, '2026-07-11 18:37:01', '9df6a57204ecdcc2102b661f0005a673087c3688ed61628967efc606a5c2cb4d', 'joined', NULL, NULL),
(18, 2, 1, NULL, NULL, NULL, NULL, NULL, '2026-07-11 18:37:15', 'a78b3e32134673b0ed96accc722a94c96a4e36558ba0b79bff5cedfed01d0f4b', 'joined', NULL, NULL),
(19, 2, 1, NULL, NULL, NULL, NULL, NULL, '2026-07-11 18:37:32', 'c7f2c2476faf014ef954438cb4ac72bb0e13bff2ea5449be660f9f4fc620e8b9', 'joined', NULL, NULL),
(20, 2, 1, NULL, NULL, NULL, NULL, NULL, '2026-07-11 18:37:46', 'b956d78155a9c101ec94ed3e03c51e93f3767d92cb03028cc1c0eb1d5f8c6e7e', 'joined', NULL, NULL),
(21, 3, 1, NULL, NULL, NULL, NULL, NULL, '2026-07-12 11:25:40', '8ea3be71916da56cb16a7fc33a2f77c7e1fde9c0123781e72e100fac1f9202a7', 'joined', NULL, NULL),
(22, 3, 1, NULL, NULL, NULL, NULL, NULL, '2026-07-12 11:26:16', '97364cf5dc22080bf4d1a20e5d5f4d1ec320996a6bb3ea8dcf2aa4c40530a04d', 'joined', NULL, NULL),
(23, 3, 1, NULL, NULL, NULL, NULL, NULL, '2026-07-12 11:26:51', 'da83a71555440b0c504bb798e233df1f9c28f39a752885bfb46d16185eef4824', 'joined', NULL, NULL),
(24, 3, 1, NULL, NULL, NULL, NULL, NULL, '2026-07-12 11:27:07', 'a61eb2dd79af4d1502e14a583b831f9398e010de24babc23b9073f94873cc6b1', 'joined', NULL, NULL),
(25, 3, 1, NULL, NULL, NULL, NULL, NULL, '2026-07-12 11:27:21', 'eaaab6c34f3950819cfa5b97f357654c53ab7897cce1b62ccf79fb4a300b010d', 'joined', NULL, NULL),
(26, 3, 1, 6, 'rtwr', 'qqqq@info.com', NULL, NULL, '2026-07-12 11:27:34', '815392b699c65796e165bc0e39ac8304e398167ddb15150ecb3196d03b7c0467', 'joined', NULL, NULL),
(27, 4, 1, NULL, NULL, NULL, NULL, NULL, '2026-07-13 14:34:59', 'd1f77cafe5de1ba390d03280d0dcecec108facebfecb49be65ae2fde11947f98', 'joined', NULL, NULL),
(28, 4, 1, NULL, NULL, NULL, NULL, NULL, '2026-07-13 14:36:07', '74b8cd4fadbd542635abdebaecdc089f1fe6a4e89da4c486f3bf5971fdd350e5', 'joined', NULL, NULL),
(29, 4, 1, NULL, NULL, NULL, NULL, NULL, '2026-07-13 14:37:40', 'c41c386ddbd13a90e072e1e6a61f99ca541d80be85fe1c79645ab7eabcc65e8f', 'joined', NULL, NULL),
(30, 4, 1, NULL, NULL, NULL, NULL, NULL, '2026-07-13 14:38:02', '20c5e94a140ff2ae665ec9d6ae9cb5dd935085ecb7f7d3c1f2f7e4841c8f7cc5', 'joined', NULL, NULL),
(31, 4, 1, NULL, NULL, NULL, NULL, NULL, '2026-07-13 14:38:47', '93336e972408e3b676b01f5ff9701f11fee2a2e00ea1baeb0c819f7c1da9d0d2', 'joined', NULL, NULL),
(32, 4, 1, NULL, NULL, NULL, NULL, NULL, '2026-07-13 14:39:44', '12cac54a830528796edcd1eab7346103a3bbc82ee91ee4e1d390c549789fd06f', 'joined', NULL, NULL),
(33, 4, 1, NULL, NULL, NULL, NULL, NULL, '2026-07-13 14:40:31', '961933fa10e90e0c98614abbfddf2d07eee9f4fc17eec6043a1c3f05f81f4499', 'joined', NULL, NULL),
(34, 4, 1, NULL, NULL, NULL, NULL, NULL, '2026-07-13 14:40:49', '2c225e85661dd6da27333de0c5b80735b218371f677601d605b6c61b027f09c3', 'joined', NULL, NULL),
(35, 4, 1, NULL, NULL, NULL, NULL, NULL, '2026-07-13 14:41:04', 'adda7b7680659b5aa1ab95f8cd967fc4dc97258e3f601a49c2ca78e79f41cc2a', 'joined', NULL, NULL),
(36, 4, 1, NULL, NULL, NULL, NULL, NULL, '2026-07-13 14:41:19', '3668ddfa367952177c78c9aa4a54162b9efe652575c15f52c00ea8bfb046788e', 'joined', NULL, NULL),
(37, 5, 1, 9, 'asdfas', 'xxx@gmail.com', NULL, NULL, '2026-07-13 17:14:56', 'd2591bf281bf4c1a29431b796deeff6ab12f248dbd6fa9ece7c97b6ebe210016', 'joined', NULL, NULL),
(38, 5, 1, 9, 'asdfas', 'qqq@gmail.com', NULL, NULL, '2026-07-13 17:15:08', '3d267db7eda0289690d33a24185b4cb2e685dcd7976a466ff8d7b140fc4c6d2a', 'joined', NULL, NULL),
(39, 5, 1, 9, 'sdfasdf', 'yyy@gmail.com', NULL, NULL, '2026-07-13 17:15:23', 'af9d3b97cb7aeb186caaca26ba1c9d1d761b1a9aa7e2b56b22440c257958e73a', 'joined', NULL, NULL),
(40, 5, 1, 9, 'asfasdfa', 'ytrx@gmail.com', NULL, NULL, '2026-07-13 17:15:43', '54907f76f83ffc3313622283431f757e983a3d0edc499dad0a87fc09fde86196', 'joined', NULL, NULL),
(41, 5, 1, 9, 'asdfasda', 'sdfasdf@info.com', NULL, NULL, '2026-07-13 17:16:00', 'e5048fbdc1e9468d6584de80331f43bc3454eb6b68e485a361d889db4de932fc', 'joined', NULL, NULL);

-- --------------------------------------------------------

--
-- Table structure for table `game_photos`
--

CREATE TABLE `game_photos` (
  `id` bigint UNSIGNED NOT NULL,
  `game_id` bigint UNSIGNED NOT NULL,
  `photo_number` tinyint UNSIGNED NOT NULL,
  `label` varchar(255) CHARACTER SET utf8mb4 COLLATE utf8mb4_unicode_ci NOT NULL,
  `image` varchar(255) CHARACTER SET utf8mb4 COLLATE utf8mb4_unicode_ci NOT NULL,
  `created_at` timestamp NULL DEFAULT NULL,
  `updated_at` timestamp NULL DEFAULT NULL
) ENGINE=InnoDB DEFAULT CHARSET=utf8mb4 COLLATE=utf8mb4_unicode_ci;

--
-- Dumping data for table `game_photos`
--

INSERT INTO `game_photos` (`id`, `game_id`, `photo_number`, `label`, `image`, `created_at`, `updated_at`) VALUES
(66, 5, 1, 'Photo 1 — The Party Scene (Before)', 'game_photos/zJqewSfLD1ZOl04qIJCjCPQywh9t7uhCZpDPEyuJ.png', '2026-06-05 15:35:29', '2026-06-05 15:35:29'),
(67, 5, 2, 'Photo 2 — Kartar Sah Arrives (Tension Moment)', 'game_photos/Git0vJLtoJ8pP01m5zVX3PvwPQNWi8aGknnq8L1o.png', '2026-06-05 15:35:29', '2026-06-05 15:35:29'),
(68, 5, 3, 'Photo 3 — The Private Study (Crime Scene — Wide)', 'game_photos/LrlcUJh4YGG9HKpjdoLvKrRK2hVVd9qUoXiAaUgo.png', '2026-06-05 15:35:29', '2026-06-05 15:35:29'),
(69, 5, 4, 'Photo 4 — Suspects hall (Close Detail)', 'game_photos/JdjE6XIE4ev7dE1SSGKyzfiIsBieDjZeB6QgdH2z.png', '2026-06-05 15:35:29', '2026-06-05 15:35:29'),
(70, 5, 5, 'Photo 5 — The Broken Phone', 'game_photos/kiWxZrYnnrNVjb48yR8d0F3dDI3TPllqKZTExf28.png', '2026-06-05 15:35:29', '2026-06-05 15:35:29'),
(91, 6, 1, 'Photo 1 — The Party Scene (Before)', 'game_photos/zJqewSfLD1ZOl04qIJCjCPQywh9t7uhCZpDPEyuJ.png', '2026-06-05 15:36:31', '2026-06-05 15:36:31'),
(92, 6, 2, 'Photo 2 — Kartar Sah Arrives (Tension Moment)', 'game_photos/Git0vJLtoJ8pP01m5zVX3PvwPQNWi8aGknnq8L1o.png', '2026-06-05 15:36:31', '2026-06-05 15:36:31'),
(93, 6, 3, 'Photo 3 — The Private Study (Crime Scene — Wide)', 'game_photos/LrlcUJh4YGG9HKpjdoLvKrRK2hVVd9qUoXiAaUgo.png', '2026-06-05 15:36:31', '2026-06-05 15:36:31'),
(94, 6, 4, 'Photo 4 — Suspects hall (Close Detail)', 'game_photos/JdjE6XIE4ev7dE1SSGKyzfiIsBieDjZeB6QgdH2z.png', '2026-06-05 15:36:31', '2026-06-05 15:36:31'),
(95, 6, 5, 'Photo 5 — The Broken Phone', 'game_photos/kiWxZrYnnrNVjb48yR8d0F3dDI3TPllqKZTExf28.png', '2026-06-05 15:36:31', '2026-06-05 15:36:31'),
(106, 7, 1, 'Photo 1 — The Party Scene (Before)', 'game_photos/zJqewSfLD1ZOl04qIJCjCPQywh9t7uhCZpDPEyuJ.png', '2026-06-11 15:28:36', '2026-06-11 15:28:36'),
(107, 7, 2, 'Photo 2 — Kartar Sah Arrives (Tension Moment)', 'game_photos/Git0vJLtoJ8pP01m5zVX3PvwPQNWi8aGknnq8L1o.png', '2026-06-11 15:28:36', '2026-06-11 15:28:36'),
(108, 7, 3, 'Photo 3 — The Private Study (Crime Scene — Wide)', 'game_photos/LrlcUJh4YGG9HKpjdoLvKrRK2hVVd9qUoXiAaUgo.png', '2026-06-11 15:28:36', '2026-06-11 15:28:36'),
(109, 7, 4, 'Photo 4 — Suspects hall (Close Detail)', 'game_photos/JdjE6XIE4ev7dE1SSGKyzfiIsBieDjZeB6QgdH2z.png', '2026-06-11 15:28:36', '2026-06-11 15:28:36'),
(110, 7, 5, 'Photo 5 — The Broken Phone', 'game_photos/kiWxZrYnnrNVjb48yR8d0F3dDI3TPllqKZTExf28.png', '2026-06-11 15:28:36', '2026-06-11 15:28:36'),
(116, 1, 1, 'Photo 1 — The Party Scene (Before)', 'game_photos/zJqewSfLD1ZOl04qIJCjCPQywh9t7uhCZpDPEyuJ.png', '2026-07-07 17:22:00', '2026-07-07 17:22:00'),
(117, 1, 2, 'Photo 2 — Kartar Sah Arrives (Tension Moment)', 'game_photos/Git0vJLtoJ8pP01m5zVX3PvwPQNWi8aGknnq8L1o.png', '2026-07-07 17:22:00', '2026-07-07 17:22:00'),
(118, 1, 3, 'Photo 3 — The Private Study (Crime Scene — Wide)', 'game_photos/LrlcUJh4YGG9HKpjdoLvKrRK2hVVd9qUoXiAaUgo.png', '2026-07-07 17:22:00', '2026-07-07 17:22:00'),
(119, 1, 4, 'Photo 4 — Suspects hall (Close Detail)', 'game_photos/JdjE6XIE4ev7dE1SSGKyzfiIsBieDjZeB6QgdH2z.png', '2026-07-07 17:22:00', '2026-07-07 17:22:00'),
(120, 1, 5, 'Photo 5 — The Broken Phone', 'game_photos/kiWxZrYnnrNVjb48yR8d0F3dDI3TPllqKZTExf28.png', '2026-07-07 17:22:00', '2026-07-07 17:22:00');

-- --------------------------------------------------------

--
-- Table structure for table `game_roles`
--

CREATE TABLE `game_roles` (
  `id` bigint UNSIGNED NOT NULL,
  `game_id` bigint UNSIGNED NOT NULL,
  `role_type` enum('investigator','culprit','suspect','witness','participant') CHARACTER SET utf8mb4 COLLATE utf8mb4_unicode_ci NOT NULL,
  `character_name` varchar(255) CHARACTER SET utf8mb4 COLLATE utf8mb4_unicode_ci NOT NULL,
  `subtitle` varchar(255) CHARACTER SET utf8mb4 COLLATE utf8mb4_unicode_ci DEFAULT NULL,
  `role_image` varchar(255) CHARACTER SET utf8mb4 COLLATE utf8mb4_unicode_ci DEFAULT NULL,
  `objective` text CHARACTER SET utf8mb4 COLLATE utf8mb4_unicode_ci,
  `what_you_know` json DEFAULT NULL,
  `keep_in_mind` json DEFAULT NULL,
  `footer_text` varchar(255) CHARACTER SET utf8mb4 COLLATE utf8mb4_unicode_ci DEFAULT NULL,
  `created_at` timestamp NULL DEFAULT NULL,
  `updated_at` timestamp NULL DEFAULT NULL
) ENGINE=InnoDB DEFAULT CHARSET=utf8mb4 COLLATE=utf8mb4_unicode_ci;

--
-- Dumping data for table `game_roles`
--

INSERT INTO `game_roles` (`id`, `game_id`, `role_type`, `character_name`, `subtitle`, `role_image`, `objective`, `what_you_know`, `keep_in_mind`, `footer_text`, `created_at`, `updated_at`) VALUES
(1, 1, 'investigator', 'Investigator', 'You are the Investigator. The only one allowed to question everyone.', 'roles/ghRgXwLTsQLgVU4ktAza2dSL4jRk2F0WG8bgnofu.jpg', 'Find and accuse the real Hidden Culprit before time runs out.', '[\"Everyone in the house is a suspect\", \"Statements may not be truthful\", \"The timeline holds key inconsistencies\"]', '[\"You can ask up to 5 questions in total\", \"You can use the Lie Detector round for up to 7 minutes\", \"You can reopen the Case Brief only once when the session starts\", \"You win if you correctly identifies the Hidden Culprit\", \"+10 points per question asked\"]', 'Keep your role secret. CTA button: Okay, continue', '2026-05-26 12:29:06', '2026-06-05 15:33:47'),
(2, 1, 'culprit', 'Priya Malhotra (Daughter-in-law)', 'You are the one who did it. Stay calm. Stay hidden.', 'roles/dbVZUBixI8004ZjOnkNtrFgWlMNqUcNY1UbxFUwC.jpg', 'Avoid getting caught by the Investigator and ensure someone else is identified as the accused.', '[\"Your alibi has been assigned — stick to it\", \"A Person of Interest has been named in the case — use them\", \"The Investigator has only 5 questions — make them count for nothing\"]', '[\"Act like a normal participant — not too silent, not too defensive\", \"Slightly redirect facts instead of outright lying\", \"Casually raise doubts about the Person of Interest in your answers\", \"Stick to one story throughout the entire session\", \"You win if you are not identified.\", \"Your role is confidential. Do not reveal it directly or indirectly.\"]', 'Keep your role secret. CTA button: Okay, continue', '2026-05-26 12:29:06', '2026-06-05 15:33:47'),
(3, 1, 'suspect', 'Kartar Sah (Farmer Leader)', 'You are under suspicion. Prove you are innocent.', 'roles/7Nn83ZzLJg9v3fPg2GwcTaJGfNUTjroRB1bsABzg.jpg', 'Avoid being wrongly identified as the accused by the Investigator.', '[\"Your presence or connection to the incident raises doubt\", \"The case may reference details that appear to implicate you\", \"You are innocent — but you must prove it through your answers\"]', '[\"Stay calm and composed under questioning\", \"Give clear, consistent answers — do not change your story\", \"Do not panic or over-explain when challenged\", \"You win if you correctly identifies the Hidden Culprit\", \"Your role is confidential. Do not reveal it directly or indirectly.\"]', 'Keep your role secret. CTA button: Okay, continue', '2026-05-26 12:29:06', '2026-06-05 15:33:47'),
(4, 1, 'witness', 'Raju (Servant)', 'You saw something. Help the Investigator — carefully.', 'roles/ee79TN7Q3eWbaK7Xlu2CaznkiKzo0tQmjAwhb93a.jpg', 'Help the Investigator identify the Hidden Culprit without revealing everything too easily.', '[\"You have partial knowledge of the incident\", \"You may have noticed suspicious behaviour or movements\", \"You hold one Secret Passcard — a private hint to the Investigator\"]', '[\"Share information gradually — do not give everything away at once\", \"Be truthful but controlled in your responses\", \"Use your Secret Passcard wisely\", \"You win if you correctly identifies the Hidden Culprit\", \"Your role is confidential. Do not reveal it directly or indirectly.\"]', 'Keep your role secret. CTA button: Okay, continue', '2026-05-26 12:29:06', '2026-06-07 18:26:12'),
(5, 1, 'participant', 'Vikram Malhotra (Son)', 'You are a neutral observer. Stay active and think clearly.', 'roles/BEspNHn7GRn7WN8i2qK0U5oOxFZXnmsU6XWJzUly.jpg', 'Help ensure the correct accused is identified by actively participating.', '[\"You have no hidden agenda\", \"You are not under special suspicion\", \"Your observations and logical reasoning are your only tools\"]', '[\"Stay active — do not go silent\", \"Answer questions honestly and consistently\", \"Observe others carefully for inconsistencies\", \"You win if you correctly identifies the Hidden Culprit\", \"Your role is confidential. Do not reveal it directly or indirectly.\"]', 'Keep your role secret. CTA button: Okay, continue', '2026-05-26 12:29:06', '2026-06-05 15:33:47'),
(21, 5, 'investigator', 'Investigator', 'You are the Investigator. The only one allowed to question everyone.', 'roles/ghRgXwLTsQLgVU4ktAza2dSL4jRk2F0WG8bgnofu.jpg', 'Find and accuse the real Hidden Culprit before time runs out.', '[\"Everyone in the house is a suspect\", \"Statements may not be truthful\", \"The timeline holds key inconsistencies\"]', '[\"You can ask up to 5 questions in total\", \"You can use the Lie Detector round for up to 7 minutes\", \"You can reopen the Case Brief only once when the session starts\", \"You win if you correctly identifies the Hidden Culprit\", \"+10 points per question asked\"]', 'Keep your role secret. CTA button: Okay, continue', '2026-06-05 15:35:05', '2026-06-05 15:35:05'),
(22, 5, 'culprit', 'Priya Malhotra (Daughter-in-law)', 'You are the one who did it. Stay calm. Stay hidden.', 'roles/dbVZUBixI8004ZjOnkNtrFgWlMNqUcNY1UbxFUwC.jpg', 'Avoid getting caught by the Investigator and ensure someone else is identified as the accused.', '[\"Your alibi has been assigned — stick to it\", \"A Person of Interest has been named in the case — use them\", \"The Investigator has only 5 questions — make them count for nothing\"]', '[\"Act like a normal participant — not too silent, not too defensive\", \"Slightly redirect facts instead of outright lying\", \"Casually raise doubts about the Person of Interest in your answers\", \"Stick to one story throughout the entire session\", \"You win if you are not identified.\", \"Your role is confidential. Do not reveal it directly or indirectly.\"]', 'Keep your role secret. CTA button: Okay, continue', '2026-06-05 15:35:05', '2026-06-05 15:35:05'),
(23, 5, 'suspect', 'Kartar Sah (Farmer Leader)', 'You are under suspicion. Prove you are innocent.', 'roles/7Nn83ZzLJg9v3fPg2GwcTaJGfNUTjroRB1bsABzg.jpg', 'Avoid being wrongly identified as the accused by the Investigator.', '[\"Your presence or connection to the incident raises doubt\", \"The case may reference details that appear to implicate you\", \"You are innocent — but you must prove it through your answers\"]', '[\"Stay calm and composed under questioning\", \"Give clear, consistent answers — do not change your story\", \"Do not panic or over-explain when challenged\", \"You win if you correctly identifies the Hidden Culprit\", \"Your role is confidential. Do not reveal it directly or indirectly.\"]', 'Keep your role secret. CTA button: Okay, continue', '2026-06-05 15:35:05', '2026-06-05 15:35:05'),
(24, 5, 'witness', 'Raju (Servant)', 'You saw something. Help the Investigator — carefully.', NULL, 'Help the Investigator identify the Hidden Culprit without revealing everything too easily.', '[\"You have partial knowledge of the incident\", \"You may have noticed suspicious behaviour or movements\", \"You hold one Secret Passcard — a private hint to the Investigator\"]', '[\"Share information gradually — do not give everything away at once\", \"Be truthful but controlled in your responses\", \"Use your Secret Passcard wisely\", \"You win if you correctly identifies the Hidden Culprit\", \"Your role is confidential. Do not reveal it directly or indirectly.\"]', 'Keep your role secret. CTA button: Okay, continue', '2026-06-05 15:35:05', '2026-06-05 15:35:05'),
(25, 5, 'participant', 'Vikram Malhotra (Son)', 'You are a neutral observer. Stay active and think clearly.', 'roles/BEspNHn7GRn7WN8i2qK0U5oOxFZXnmsU6XWJzUly.jpg', 'Help ensure the correct accused is identified by actively participating.', '[\"You have no hidden agenda\", \"You are not under special suspicion\", \"Your observations and logical reasoning are your only tools\"]', '[\"Stay active — do not go silent\", \"Answer questions honestly and consistently\", \"Observe others carefully for inconsistencies\", \"You win if you correctly identifies the Hidden Culprit\", \"Your role is confidential. Do not reveal it directly or indirectly.\"]', 'Keep your role secret. CTA button: Okay, continue', '2026-06-05 15:35:05', '2026-06-05 15:35:05'),
(26, 6, 'investigator', 'Investigator', 'You are the Investigator. The only one allowed to question everyone.', 'roles/ghRgXwLTsQLgVU4ktAza2dSL4jRk2F0WG8bgnofu.jpg', 'Find and accuse the real Hidden Culprit before time runs out.', '[\"Everyone in the house is a suspect\", \"Statements may not be truthful\", \"The timeline holds key inconsistencies\"]', '[\"You can ask up to 5 questions in total\", \"You can use the Lie Detector round for up to 7 minutes\", \"You can reopen the Case Brief only once when the session starts\", \"You win if you correctly identifies the Hidden Culprit\", \"+10 points per question asked\"]', 'Keep your role secret. CTA button: Okay, continue', '2026-06-05 15:35:40', '2026-06-05 15:35:40'),
(27, 6, 'culprit', 'Priya Malhotra (Daughter-in-law)', 'You are the one who did it. Stay calm. Stay hidden.', 'roles/dbVZUBixI8004ZjOnkNtrFgWlMNqUcNY1UbxFUwC.jpg', 'Avoid getting caught by the Investigator and ensure someone else is identified as the accused.', '[\"Your alibi has been assigned — stick to it\", \"A Person of Interest has been named in the case — use them\", \"The Investigator has only 5 questions — make them count for nothing\"]', '[\"Act like a normal participant — not too silent, not too defensive\", \"Slightly redirect facts instead of outright lying\", \"Casually raise doubts about the Person of Interest in your answers\", \"Stick to one story throughout the entire session\", \"You win if you are not identified.\", \"Your role is confidential. Do not reveal it directly or indirectly.\"]', 'Keep your role secret. CTA button: Okay, continue', '2026-06-05 15:35:40', '2026-06-05 15:35:40'),
(28, 6, 'suspect', 'Kartar Sah (Farmer Leader)', 'You are under suspicion. Prove you are innocent.', 'roles/7Nn83ZzLJg9v3fPg2GwcTaJGfNUTjroRB1bsABzg.jpg', 'Avoid being wrongly identified as the accused by the Investigator.', '[\"Your presence or connection to the incident raises doubt\", \"The case may reference details that appear to implicate you\", \"You are innocent — but you must prove it through your answers\"]', '[\"Stay calm and composed under questioning\", \"Give clear, consistent answers — do not change your story\", \"Do not panic or over-explain when challenged\", \"You win if you correctly identifies the Hidden Culprit\", \"Your role is confidential. Do not reveal it directly or indirectly.\"]', 'Keep your role secret. CTA button: Okay, continue', '2026-06-05 15:35:40', '2026-06-05 15:35:40'),
(29, 6, 'witness', 'Raju (Servant)', 'You saw something. Help the Investigator — carefully.', NULL, 'Help the Investigator identify the Hidden Culprit without revealing everything too easily.', '[\"You have partial knowledge of the incident\", \"You may have noticed suspicious behaviour or movements\", \"You hold one Secret Passcard — a private hint to the Investigator\"]', '[\"Share information gradually — do not give everything away at once\", \"Be truthful but controlled in your responses\", \"Use your Secret Passcard wisely\", \"You win if you correctly identifies the Hidden Culprit\", \"Your role is confidential. Do not reveal it directly or indirectly.\"]', 'Keep your role secret. CTA button: Okay, continue', '2026-06-05 15:35:40', '2026-06-05 15:35:40'),
(30, 6, 'participant', 'Vikram Malhotra (Son)', 'You are a neutral observer. Stay active and think clearly.', 'roles/BEspNHn7GRn7WN8i2qK0U5oOxFZXnmsU6XWJzUly.jpg', 'Help ensure the correct accused is identified by actively participating.', '[\"You have no hidden agenda\", \"You are not under special suspicion\", \"Your observations and logical reasoning are your only tools\"]', '[\"Stay active — do not go silent\", \"Answer questions honestly and consistently\", \"Observe others carefully for inconsistencies\", \"You win if you correctly identifies the Hidden Culprit\", \"Your role is confidential. Do not reveal it directly or indirectly.\"]', 'Keep your role secret. CTA button: Okay, continue', '2026-06-05 15:35:40', '2026-06-05 15:35:40'),
(31, 7, 'investigator', 'Investigator', 'You are the Investigator. The only one allowed to question everyone.', 'roles/ghRgXwLTsQLgVU4ktAza2dSL4jRk2F0WG8bgnofu.jpg', 'Find and accuse the real Hidden Culprit before time runs out.', '[\"Everyone in the house is a suspect\", \"Statements may not be truthful\", \"The timeline holds key inconsistencies\"]', '[\"You can ask up to 5 questions in total\", \"You can use the Lie Detector round for up to 7 minutes\", \"You can reopen the Case Brief only once when the session starts\", \"You win if you correctly identifies the Hidden Culprit\", \"+10 points per question asked\"]', 'Keep your role secret. CTA button: Okay, continue', '2026-06-05 15:35:55', '2026-06-05 15:35:55'),
(32, 7, 'culprit', 'Priya Malhotra (Daughter-in-law)', 'You are the one who did it. Stay calm. Stay hidden.', 'roles/dbVZUBixI8004ZjOnkNtrFgWlMNqUcNY1UbxFUwC.jpg', 'Avoid getting caught by the Investigator and ensure someone else is identified as the accused.', '[\"Your alibi has been assigned — stick to it\", \"A Person of Interest has been named in the case — use them\", \"The Investigator has only 5 questions — make them count for nothing\"]', '[\"Act like a normal participant — not too silent, not too defensive\", \"Slightly redirect facts instead of outright lying\", \"Casually raise doubts about the Person of Interest in your answers\", \"Stick to one story throughout the entire session\", \"You win if you are not identified.\", \"Your role is confidential. Do not reveal it directly or indirectly.\"]', 'Keep your role secret. CTA button: Okay, continue', '2026-06-05 15:35:55', '2026-06-05 15:35:55'),
(33, 7, 'suspect', 'Kartar Sah (Farmer Leader)', 'You are under suspicion. Prove you are innocent.', 'roles/7Nn83ZzLJg9v3fPg2GwcTaJGfNUTjroRB1bsABzg.jpg', 'Avoid being wrongly identified as the accused by the Investigator.', '[\"Your presence or connection to the incident raises doubt\", \"The case may reference details that appear to implicate you\", \"You are innocent — but you must prove it through your answers\"]', '[\"Stay calm and composed under questioning\", \"Give clear, consistent answers — do not change your story\", \"Do not panic or over-explain when challenged\", \"You win if you correctly identifies the Hidden Culprit\", \"Your role is confidential. Do not reveal it directly or indirectly.\"]', 'Keep your role secret. CTA button: Okay, continue', '2026-06-05 15:35:55', '2026-06-05 15:35:55'),
(34, 7, 'witness', 'Raju (Servant)', 'You saw something. Help the Investigator — carefully.', NULL, 'Help the Investigator identify the Hidden Culprit without revealing everything too easily.', '[\"You have partial knowledge of the incident\", \"You may have noticed suspicious behaviour or movements\", \"You hold one Secret Passcard — a private hint to the Investigator\"]', '[\"Share information gradually — do not give everything away at once\", \"Be truthful but controlled in your responses\", \"Use your Secret Passcard wisely\", \"You win if you correctly identifies the Hidden Culprit\", \"Your role is confidential. Do not reveal it directly or indirectly.\"]', 'Keep your role secret. CTA button: Okay, continue', '2026-06-05 15:35:55', '2026-06-05 15:35:55'),
(35, 7, 'participant', 'Vikram Malhotra (Son)', 'You are a neutral observer. Stay active and think clearly.', 'roles/BEspNHn7GRn7WN8i2qK0U5oOxFZXnmsU6XWJzUly.jpg', 'Help ensure the correct accused is identified by actively participating.', '[\"You have no hidden agenda\", \"You are not under special suspicion\", \"Your observations and logical reasoning are your only tools\"]', '[\"Stay active — do not go silent\", \"Answer questions honestly and consistently\", \"Observe others carefully for inconsistencies\", \"You win if you correctly identifies the Hidden Culprit\", \"Your role is confidential. Do not reveal it directly or indirectly.\"]', 'Keep your role secret. CTA button: Okay, continue', '2026-06-05 15:35:55', '2026-06-05 15:35:55');

-- --------------------------------------------------------

--
-- Table structure for table `game_rules`
--

CREATE TABLE `game_rules` (
  `id` bigint UNSIGNED NOT NULL,
  `game_id` bigint UNSIGNED NOT NULL,
  `rule_text` varchar(255) CHARACTER SET utf8mb4 COLLATE utf8mb4_unicode_ci NOT NULL,
  `order` smallint UNSIGNED NOT NULL DEFAULT '0',
  `created_at` timestamp NULL DEFAULT NULL,
  `updated_at` timestamp NULL DEFAULT NULL
) ENGINE=InnoDB DEFAULT CHARSET=utf8mb4 COLLATE=utf8mb4_unicode_ci;

--
-- Dumping data for table `game_rules`
--

INSERT INTO `game_rules` (`id`, `game_id`, `rule_text`, `order`, `created_at`, `updated_at`) VALUES
(79, 5, 'The Investigator has 5 questions to examine any participant and establish the truth.', 1, '2026-06-05 15:35:29', '2026-06-05 15:35:29'),
(80, 5, 'First 5 minutes — all participants must review the Case Summary carefully. The Case Summary closes automatically after 5 minutes.', 2, '2026-06-05 15:35:29', '2026-06-05 15:35:29'),
(81, 5, 'Each participant has 2 minutes to respond when questioned. Failure to respond carries a penalty of -10 points.', 3, '2026-06-05 15:35:29', '2026-06-05 15:35:29'),
(82, 5, 'The Clue Room opens when 10 minutes remain in the session — one key piece of evidence becomes accessible.', 4, '2026-06-05 15:35:29', '2026-06-05 15:35:29'),
(83, 5, 'The Lie Detector round may be initiated once by the Investigator — up to 7 minutes, with max 3 questions.', 5, '2026-06-05 15:35:29', '2026-06-05 15:35:29'),
(84, 5, 'The Investigator must identify the accused before the session concludes. Total duration: 25 minutes.', 6, '2026-06-05 15:35:29', '2026-06-05 15:35:29'),
(109, 6, 'The Investigator has 5 questions to examine any participant and establish the truth.', 1, '2026-06-05 15:36:31', '2026-06-05 15:36:31'),
(110, 6, 'First 5 minutes — all participants must review the Case Summary carefully. The Case Summary closes automatically after 5 minutes.', 2, '2026-06-05 15:36:31', '2026-06-05 15:36:31'),
(111, 6, 'Each participant has 2 minutes to respond when questioned. Failure to respond carries a penalty of -10 points.', 3, '2026-06-05 15:36:31', '2026-06-05 15:36:31'),
(112, 6, 'The Clue Room opens when 10 minutes remain in the session — one key piece of evidence becomes accessible.', 4, '2026-06-05 15:36:31', '2026-06-05 15:36:31'),
(113, 6, 'The Lie Detector round may be initiated once by the Investigator — up to 7 minutes, with max 3 questions.', 5, '2026-06-05 15:36:31', '2026-06-05 15:36:31'),
(114, 6, 'The Investigator must identify the accused before the session concludes. Total duration: 25 minutes.', 6, '2026-06-05 15:36:31', '2026-06-05 15:36:31'),
(127, 7, 'The Investigator has 5 questions to examine any participant and establish the truth.', 1, '2026-06-11 15:28:36', '2026-06-11 15:28:36'),
(128, 7, 'First 5 minutes — all participants must review the Case Summary carefully. The Case Summary closes automatically after 5 minutes.', 2, '2026-06-11 15:28:36', '2026-06-11 15:28:36'),
(129, 7, 'Each participant has 2 minutes to respond when questioned. Failure to respond carries a penalty of -10 points.', 3, '2026-06-11 15:28:36', '2026-06-11 15:28:36'),
(130, 7, 'The Clue Room opens when 10 minutes remain in the session — one key piece of evidence becomes accessible.', 4, '2026-06-11 15:28:36', '2026-06-11 15:28:36'),
(131, 7, 'The Lie Detector round may be initiated once by the Investigator — up to 7 minutes, with max 3 questions.', 5, '2026-06-11 15:28:36', '2026-06-11 15:28:36'),
(132, 7, 'The Investigator must identify the accused before the session concludes. Total duration: 25 minutes.', 6, '2026-06-11 15:28:36', '2026-06-11 15:28:36'),
(139, 1, 'The Investigator has 5 questions to examine any participant and establish the truth.', 1, '2026-07-07 17:22:00', '2026-07-07 17:22:00'),
(140, 1, 'First 5 minutes — all participants must review the Case Summary carefully. The Case Summary closes automatically after 5 minutes.', 2, '2026-07-07 17:22:00', '2026-07-07 17:22:00'),
(141, 1, 'Each participant has 2 minutes to respond when questioned. Failure to respond carries a penalty of -10 points.', 3, '2026-07-07 17:22:00', '2026-07-07 17:22:00'),
(142, 1, 'The Clue Room opens when 10 minutes remain in the session — one key piece of evidence becomes accessible.', 4, '2026-07-07 17:22:00', '2026-07-07 17:22:00'),
(143, 1, 'The Lie Detector round may be initiated once by the Investigator — up to 7 minutes, with max 3 questions.', 5, '2026-07-07 17:22:00', '2026-07-07 17:22:00'),
(144, 1, 'The Investigator must identify the accused before the session concludes. Total duration: 25 minutes.', 6, '2026-07-07 17:22:00', '2026-07-07 17:22:00');

-- --------------------------------------------------------

--
-- Table structure for table `group_accusations`
--

CREATE TABLE `group_accusations` (
  `id` bigint UNSIGNED NOT NULL,
  `group_id` bigint UNSIGNED NOT NULL,
  `participant_session_id` bigint UNSIGNED NOT NULL,
  `accused_session_id` bigint UNSIGNED NOT NULL,
  `reasoning` text NOT NULL,
  `created_at` timestamp NULL DEFAULT CURRENT_TIMESTAMP,
  `updated_at` timestamp NULL DEFAULT CURRENT_TIMESTAMP ON UPDATE CURRENT_TIMESTAMP
) ENGINE=InnoDB DEFAULT CHARSET=utf8mb4 COLLATE=utf8mb4_0900_ai_ci;

-- --------------------------------------------------------

--
-- Table structure for table `investigator_cards`
--

CREATE TABLE `investigator_cards` (
  `id` bigint UNSIGNED NOT NULL,
  `game_id` bigint UNSIGNED NOT NULL,
  `card_number` tinyint UNSIGNED NOT NULL,
  `suspect_label` varchar(255) CHARACTER SET utf8mb4 COLLATE utf8mb4_unicode_ci NOT NULL,
  `tag` varchar(255) CHARACTER SET utf8mb4 COLLATE utf8mb4_unicode_ci DEFAULT NULL,
  `profile_text` longtext CHARACTER SET utf8mb4 COLLATE utf8mb4_unicode_ci,
  `why_suspicious` json DEFAULT NULL,
  `suggested_questions` json DEFAULT NULL,
  `appears_at_secs` int UNSIGNED NOT NULL,
  `closes_at_secs` int UNSIGNED NOT NULL,
  `created_at` timestamp NULL DEFAULT NULL,
  `updated_at` timestamp NULL DEFAULT NULL
) ENGINE=InnoDB DEFAULT CHARSET=utf8mb4 COLLATE=utf8mb4_unicode_ci;

--
-- Dumping data for table `investigator_cards`
--

INSERT INTO `investigator_cards` (`id`, `game_id`, `card_number`, `suspect_label`, `tag`, `profile_text`, `why_suspicious`, `suggested_questions`, `appears_at_secs`, `closes_at_secs`, `created_at`, `updated_at`) VALUES
(53, 5, 1, 'Suspect 1: Kartar Sah', 'Farmer Leader — Uninvited Guest', 'Kartar Sah was the last known person inside the study with Raghav Malhotra. He left at exactly 11:30 PM — the estimated time of death. He had the loudest, most public motive — two years of protests, legal battles, and public threats against Raghav. Land registry papers with his name were found scattered across the study floor.', NULL, NULL, 5, 35, '2026-06-05 15:35:29', '2026-06-05 15:35:29'),
(54, 5, 2, 'Suspect 2: Vikram Malhotra', 'The Heir', 'Vikram Malhotra is the only son of Raghav Malhotra and the sole heir. At 11:20 PM — 10 minutes before the death — Raghav called Vikram. The call lasted 4 minutes. It was the last call ever made from Raghav\'s phone.', NULL, NULL, 155, 185, '2026-06-05 15:35:29', '2026-06-05 15:35:29'),
(55, 5, 3, 'Suspect 3: Raju', 'The Servant', 'Raju has worked in the bungalow for 11 years. He knows every private corridor. Kitchen log shows the kettle was boiled at 11:20 PM — unusually early. He is the only staff member who knew Kartar Sah personally.', NULL, NULL, 305, 335, '2026-06-05 15:35:29', '2026-06-05 15:35:29'),
(56, 5, 4, 'Suspect 4: Priya Malhotra', 'The Daughter-in-law', 'Priya Malhotra claims she was socialising near the dining area. However, no guest can confirm her exact location between 11:25 PM and 11:45 PM. She was seen near the kitchen at 11:15 PM.', NULL, NULL, 455, 485, '2026-06-05 15:35:29', '2026-06-05 15:35:29'),
(73, 6, 1, 'Suspect 1: Kartar Sah', 'Farmer Leader — Uninvited Guest', 'Kartar Sah was the last known person inside the study with Raghav Malhotra. He left at exactly 11:30 PM — the estimated time of death. He had the loudest, most public motive — two years of protests, legal battles, and public threats against Raghav. Land registry papers with his name were found scattered across the study floor.', NULL, NULL, 5, 35, '2026-06-05 15:36:31', '2026-06-05 15:36:31'),
(74, 6, 2, 'Suspect 2: Vikram Malhotra', 'The Heir', 'Vikram Malhotra is the only son of Raghav Malhotra and the sole heir. At 11:20 PM — 10 minutes before the death — Raghav called Vikram. The call lasted 4 minutes. It was the last call ever made from Raghav\'s phone.', NULL, NULL, 155, 185, '2026-06-05 15:36:31', '2026-06-05 15:36:31'),
(75, 6, 3, 'Suspect 3: Raju', 'The Servant', 'Raju has worked in the bungalow for 11 years. He knows every private corridor. Kitchen log shows the kettle was boiled at 11:20 PM — unusually early. He is the only staff member who knew Kartar Sah personally.', NULL, NULL, 305, 335, '2026-06-05 15:36:31', '2026-06-05 15:36:31'),
(76, 6, 4, 'Suspect 4: Priya Malhotra', 'The Daughter-in-law', 'Priya Malhotra claims she was socialising near the dining area. However, no guest can confirm her exact location between 11:25 PM and 11:45 PM. She was seen near the kitchen at 11:15 PM.', NULL, NULL, 455, 485, '2026-06-05 15:36:31', '2026-06-05 15:36:31'),
(85, 7, 1, 'Suspect 1: Kartar Sah', 'Farmer Leader — Uninvited Guest', 'Kartar Sah was the last known person inside the study with Raghav Malhotra. He left at exactly 11:30 PM — the estimated time of death. He had the loudest, most public motive — two years of protests, legal battles, and public threats against Raghav. Land registry papers with his name were found scattered across the study floor.', NULL, NULL, 5, 35, '2026-06-11 15:28:36', '2026-06-11 15:28:36'),
(86, 7, 2, 'Suspect 2: Vikram Malhotra', 'The Heir', 'Vikram Malhotra is the only son of Raghav Malhotra and the sole heir. At 11:20 PM — 10 minutes before the death — Raghav called Vikram. The call lasted 4 minutes. It was the last call ever made from Raghav\'s phone.', NULL, NULL, 155, 185, '2026-06-11 15:28:36', '2026-06-11 15:28:36'),
(87, 7, 3, 'Suspect 3: Raju', 'The Servant', 'Raju has worked in the bungalow for 11 years. He knows every private corridor. Kitchen log shows the kettle was boiled at 11:20 PM — unusually early. He is the only staff member who knew Kartar Sah personally.', NULL, NULL, 305, 335, '2026-06-11 15:28:36', '2026-06-11 15:28:36'),
(88, 7, 4, 'Suspect 4: Priya Malhotra', 'The Daughter-in-law', 'Priya Malhotra claims she was socialising near the dining area. However, no guest can confirm her exact location between 11:25 PM and 11:45 PM. She was seen near the kitchen at 11:15 PM.', NULL, NULL, 455, 485, '2026-06-11 15:28:36', '2026-06-11 15:28:36'),
(93, 1, 1, 'Suspect 1: Kartar Sah', 'Farmer Leader — Uninvited Guest', 'Kartar Sah was the last known person inside the study with Raghav Malhotra. He left at exactly 11:30 PM — the estimated time of death. He had the loudest, most public motive — two years of protests, legal battles, and public threats against Raghav. Land registry papers with his name were found scattered across the study floor.', NULL, NULL, 5, 35, '2026-07-07 17:22:00', '2026-07-07 17:22:00'),
(94, 1, 2, 'Suspect 2: Vikram Malhotra', 'The Heir', 'Vikram Malhotra is the only son of Raghav Malhotra and the sole heir. At 11:20 PM — 10 minutes before the death — Raghav called Vikram. The call lasted 4 minutes. It was the last call ever made from Raghav\'s phone.', NULL, NULL, 155, 185, '2026-07-07 17:22:00', '2026-07-07 17:22:00'),
(95, 1, 3, 'Suspect 3: Raju', 'The Servant', 'Raju has worked in the bungalow for 11 years. He knows every private corridor. Kitchen log shows the kettle was boiled at 11:20 PM — unusually early. He is the only staff member who knew Kartar Sah personally.', NULL, NULL, 305, 335, '2026-07-07 17:22:00', '2026-07-07 17:22:00'),
(96, 1, 4, 'Suspect 4: Priya Malhotra', 'The Daughter-in-law', 'Priya Malhotra claims she was socialising near the dining area. However, no guest can confirm her exact location between 11:25 PM and 11:45 PM. She was seen near the kitchen at 11:15 PM.', NULL, NULL, 455, 485, '2026-07-07 17:22:00', '2026-07-07 17:22:00');

-- --------------------------------------------------------

--
-- Table structure for table `jobs`
--

CREATE TABLE `jobs` (
  `id` bigint UNSIGNED NOT NULL,
  `queue` varchar(255) CHARACTER SET utf8mb4 COLLATE utf8mb4_unicode_ci NOT NULL,
  `payload` longtext CHARACTER SET utf8mb4 COLLATE utf8mb4_unicode_ci NOT NULL,
  `attempts` tinyint UNSIGNED NOT NULL,
  `reserved_at` bigint UNSIGNED DEFAULT NULL,
  `available_at` bigint UNSIGNED NOT NULL,
  `created_at` bigint UNSIGNED NOT NULL
) ENGINE=InnoDB DEFAULT CHARSET=utf8mb4 COLLATE=utf8mb4_unicode_ci;

-- --------------------------------------------------------

--
-- Table structure for table `job_batches`
--

CREATE TABLE `job_batches` (
  `id` varchar(255) CHARACTER SET utf8mb4 COLLATE utf8mb4_unicode_ci NOT NULL,
  `name` varchar(255) CHARACTER SET utf8mb4 COLLATE utf8mb4_unicode_ci NOT NULL,
  `total_jobs` int NOT NULL,
  `pending_jobs` int NOT NULL,
  `failed_jobs` int NOT NULL,
  `failed_job_ids` longtext CHARACTER SET utf8mb4 COLLATE utf8mb4_unicode_ci NOT NULL,
  `options` mediumtext CHARACTER SET utf8mb4 COLLATE utf8mb4_unicode_ci,
  `cancelled_at` int DEFAULT NULL,
  `created_at` int NOT NULL,
  `finished_at` int DEFAULT NULL
) ENGINE=InnoDB DEFAULT CHARSET=utf8mb4 COLLATE=utf8mb4_unicode_ci;

-- --------------------------------------------------------

--
-- Table structure for table `lie_detector_rounds`
--

CREATE TABLE `lie_detector_rounds` (
  `id` bigint UNSIGNED NOT NULL,
  `group_id` bigint UNSIGNED NOT NULL,
  `suspect_id` bigint UNSIGNED NOT NULL,
  `status` enum('active','completed') DEFAULT 'active',
  `created_at` timestamp NULL DEFAULT CURRENT_TIMESTAMP,
  `updated_at` timestamp NULL DEFAULT CURRENT_TIMESTAMP ON UPDATE CURRENT_TIMESTAMP
) ENGINE=InnoDB DEFAULT CHARSET=utf8mb4 COLLATE=utf8mb4_0900_ai_ci;

-- --------------------------------------------------------

--
-- Table structure for table `menu`
--

CREATE TABLE `menu` (
  `id` bigint UNSIGNED NOT NULL,
  `name` varchar(255) CHARACTER SET utf8mb4 COLLATE utf8mb4_unicode_ci DEFAULT NULL,
  `link` text CHARACTER SET utf8mb4 COLLATE utf8mb4_unicode_ci,
  `parent_id` int NOT NULL DEFAULT '0',
  `icon` varchar(255) CHARACTER SET utf8mb4 COLLATE utf8mb4_unicode_ci DEFAULT NULL,
  `status` enum('Active','Inactive') CHARACTER SET utf8mb4 COLLATE utf8mb4_unicode_ci NOT NULL DEFAULT 'Active',
  `table_type` varchar(255) CHARACTER SET utf8mb4 COLLATE utf8mb4_unicode_ci DEFAULT NULL,
  `order` int DEFAULT NULL,
  `single_route` int DEFAULT NULL,
  `permission_type` int DEFAULT NULL,
  `created_at` timestamp NULL DEFAULT NULL,
  `updated_at` timestamp NULL DEFAULT NULL,
  `deleted_at` timestamp NULL DEFAULT NULL
) ENGINE=InnoDB DEFAULT CHARSET=utf8mb4 COLLATE=utf8mb4_unicode_ci;

--
-- Dumping data for table `menu`
--

INSERT INTO `menu` (`id`, `name`, `link`, `parent_id`, `icon`, `status`, `table_type`, `order`, `single_route`, `permission_type`, `created_at`, `updated_at`, `deleted_at`) VALUES
(1, 'Dashboard', 'admin/dashboard', 0, 'fas fa-tasks', 'Active', NULL, 1, NULL, 2, NULL, NULL, NULL),
(2, 'Activities', 'admin/activities', 0, 'fas fa-tasks', 'Active', NULL, 2, NULL, 2, NULL, NULL, NULL),
(4, 'API Logs', 'admin/api-logs', 0, 'fas fa-file-medical-alt', 'Active', NULL, 3, NULL, NULL, '2026-07-05 09:34:24', '2026-07-05 09:34:24', NULL);

-- --------------------------------------------------------

--
-- Table structure for table `menu_permissions`
--

CREATE TABLE `menu_permissions` (
  `id` bigint UNSIGNED NOT NULL,
  `manager_id` int DEFAULT NULL,
  `manager_action_id` int DEFAULT NULL,
  `name` varchar(255) CHARACTER SET utf8mb4 COLLATE utf8mb4_unicode_ci NOT NULL,
  `showing_name` varchar(255) CHARACTER SET utf8mb4 COLLATE utf8mb4_unicode_ci NOT NULL,
  `guard_name` varchar(255) CHARACTER SET utf8mb4 COLLATE utf8mb4_unicode_ci NOT NULL DEFAULT 'web',
  `status` enum('0','1') CHARACTER SET utf8mb4 COLLATE utf8mb4_unicode_ci NOT NULL DEFAULT '1',
  `permission_type` enum('0','1','2') CHARACTER SET utf8mb4 COLLATE utf8mb4_unicode_ci NOT NULL DEFAULT '2',
  `created_at` timestamp NULL DEFAULT NULL,
  `updated_at` timestamp NULL DEFAULT NULL
) ENGINE=InnoDB DEFAULT CHARSET=utf8mb4 COLLATE=utf8mb4_unicode_ci;

-- --------------------------------------------------------

--
-- Table structure for table `migrations`
--

CREATE TABLE `migrations` (
  `id` int UNSIGNED NOT NULL,
  `migration` varchar(255) CHARACTER SET utf8mb4 COLLATE utf8mb4_unicode_ci NOT NULL,
  `batch` int NOT NULL
) ENGINE=InnoDB DEFAULT CHARSET=utf8mb4 COLLATE=utf8mb4_unicode_ci;

--
-- Dumping data for table `migrations`
--

INSERT INTO `migrations` (`id`, `migration`, `batch`) VALUES
(1, '0001_01_01_000000_create_users_table', 1),
(2, '0001_01_01_000001_create_cache_table', 1),
(3, '0001_01_01_000002_create_jobs_table', 1),
(4, '2017_08_24_000000_create_settings_table', 1),
(5, '2026_05_10_000000_create_menu_tables', 1),
(6, '2026_05_10_000001_create_roles_table', 1),
(7, '2026_05_10_000002_create_permissions_table', 1),
(8, '2026_05_10_000003_create_model_has_roles_table', 1),
(9, '2026_05_10_000004_create_model_has_permissions_table', 1),
(10, '2026_05_10_000005_create_role_has_permissions_table', 1),
(11, '2026_05_10_100001_create_cms_pages_table', 1),
(12, '2026_05_10_110001_create_email_templates_table', 1),
(13, '2026_05_10_120001_create_blog_categories_table', 1),
(14, '2026_05_10_120002_create_blog_tags_table', 1),
(15, '2026_05_10_120003_create_blogs_table', 1),
(16, '2026_05_10_120004_create_blog_tag_items_table', 1),
(17, '2026_05_10_120005_create_blog_media_table', 1),
(18, '2026_05_10_120006_create_blog_comments_table', 1),
(19, '2026_05_10_120007_create_blog_views_table', 1),
(20, '2026_05_10_120008_create_faq_categories_table', 1),
(21, '2026_05_10_120009_create_faqs_table', 1),
(22, '2026_05_10_160001_create_packages_table', 1),
(23, '2026_05_10_160002_create_package_purchases_table', 1),
(24, '2026_05_26_000001_replace_game_structure_with_activities', 1),
(25, '2026_05_26_000002_create_organizer_management_tables', 2),
(26, '2026_05_26_182521_make_game_id_nullable_in_organizer_bookings_table', 3),
(27, '2026_05_26_183736_create_game_participants_table', 4),
(28, '2026_06_02_000000_add_icon_to_activities_table', 5),
(29, '2026_06_03_000001_add_profile_fields_to_organizers_table', 6),
(30, '2026_06_04_000001_create_organizer_notifications_table', 7);

-- --------------------------------------------------------

--
-- Table structure for table `model_has_permissions`
--

CREATE TABLE `model_has_permissions` (
  `permission_id` bigint UNSIGNED NOT NULL,
  `model_type` varchar(255) CHARACTER SET utf8mb4 COLLATE utf8mb4_unicode_ci NOT NULL,
  `model_id` bigint UNSIGNED NOT NULL
) ENGINE=InnoDB DEFAULT CHARSET=utf8mb4 COLLATE=utf8mb4_unicode_ci;

-- --------------------------------------------------------

--
-- Table structure for table `model_has_roles`
--

CREATE TABLE `model_has_roles` (
  `role_id` bigint UNSIGNED NOT NULL,
  `model_type` varchar(255) CHARACTER SET utf8mb4 COLLATE utf8mb4_unicode_ci NOT NULL,
  `model_id` bigint UNSIGNED NOT NULL
) ENGINE=InnoDB DEFAULT CHARSET=utf8mb4 COLLATE=utf8mb4_unicode_ci;

-- --------------------------------------------------------

--
-- Table structure for table `organizers`
--

CREATE TABLE `organizers` (
  `id` bigint UNSIGNED NOT NULL,
  `name` varchar(255) CHARACTER SET utf8mb4 COLLATE utf8mb4_unicode_ci NOT NULL,
  `email` varchar(255) CHARACTER SET utf8mb4 COLLATE utf8mb4_unicode_ci NOT NULL,
  `company_name` varchar(255) CHARACTER SET utf8mb4 COLLATE utf8mb4_unicode_ci NOT NULL,
  `company_website` varchar(255) CHARACTER SET utf8mb4 COLLATE utf8mb4_unicode_ci DEFAULT NULL,
  `designation` varchar(255) COLLATE utf8mb4_unicode_ci DEFAULT NULL,
  `phone` varchar(30) COLLATE utf8mb4_unicode_ci DEFAULT NULL,
  `otp` varchar(255) CHARACTER SET utf8mb4 COLLATE utf8mb4_unicode_ci DEFAULT NULL,
  `otp_expires_at` timestamp NULL DEFAULT NULL,
  `email_verified_at` timestamp NULL DEFAULT NULL,
  `status` enum('active','inactive') CHARACTER SET utf8mb4 COLLATE utf8mb4_unicode_ci NOT NULL DEFAULT 'active',
  `created_at` timestamp NULL DEFAULT NULL,
  `updated_at` timestamp NULL DEFAULT NULL,
  `deleted_at` timestamp NULL DEFAULT NULL,
  `payment_status` enum('pending','paid','failed') COLLATE utf8mb4_unicode_ci NOT NULL DEFAULT 'pending',
  `account_status` enum('pending','active','inactive') COLLATE utf8mb4_unicode_ci NOT NULL DEFAULT 'pending'
) ENGINE=InnoDB DEFAULT CHARSET=utf8mb4 COLLATE=utf8mb4_unicode_ci;

--
-- Dumping data for table `organizers`
--

INSERT INTO `organizers` (`id`, `name`, `email`, `company_name`, `company_website`, `designation`, `phone`, `otp`, `otp_expires_at`, `email_verified_at`, `status`, `created_at`, `updated_at`, `deleted_at`, `payment_status`, `account_status`) VALUES
(1, 'Amit Giri', 'weamitgiri@gmail.com', 'Organization Name', 'https://testing.com', NULL, NULL, NULL, NULL, '2026-07-11 09:01:51', 'active', NULL, '2026-07-11 09:48:32', NULL, 'paid', 'active'),
(2, 'Amit Giri', 'we@gmail.com', 'ssd', 'https://https//:sdfs.com', NULL, NULL, NULL, NULL, '2026-07-11 18:30:30', 'active', NULL, NULL, NULL, 'paid', 'active'),
(3, 'c', 'c@Info.com', 'asdfa', 'https://c.com', NULL, NULL, NULL, NULL, '2026-07-12 11:20:23', 'active', NULL, NULL, NULL, 'paid', 'active'),
(4, 'Amit Giri', 'ok@gmail.com', 'sadfa', 'https://tesitng.com', NULL, NULL, NULL, NULL, '2026-07-13 14:28:38', 'active', NULL, NULL, NULL, 'paid', 'active'),
(5, 'Amit Giri', 'cc@gmail.com', 'sadfas', 'https://asdfasd.com', NULL, NULL, NULL, NULL, '2026-07-13 17:12:12', 'active', NULL, NULL, NULL, 'paid', 'active');

-- --------------------------------------------------------

--
-- Table structure for table `organizer_billings`
--

CREATE TABLE `organizer_billings` (
  `id` bigint UNSIGNED NOT NULL,
  `booking_id` bigint UNSIGNED NOT NULL,
  `gst_number` varchar(255) CHARACTER SET utf8mb4 COLLATE utf8mb4_unicode_ci DEFAULT NULL,
  `billing_address` text CHARACTER SET utf8mb4 COLLATE utf8mb4_unicode_ci NOT NULL,
  `city` varchar(255) CHARACTER SET utf8mb4 COLLATE utf8mb4_unicode_ci NOT NULL,
  `state` varchar(255) CHARACTER SET utf8mb4 COLLATE utf8mb4_unicode_ci NOT NULL,
  `pin_code` varchar(255) CHARACTER SET utf8mb4 COLLATE utf8mb4_unicode_ci NOT NULL,
  `package_price` decimal(12,2) NOT NULL,
  `taxes` decimal(12,2) NOT NULL DEFAULT '0.00',
  `additional_charges` decimal(12,2) NOT NULL DEFAULT '0.00',
  `gst_amount` decimal(12,2) NOT NULL DEFAULT '0.00',
  `total_payable` decimal(12,2) NOT NULL,
  `payment_method` varchar(255) CHARACTER SET utf8mb4 COLLATE utf8mb4_unicode_ci DEFAULT NULL,
  `payment_status` enum('pending','paid','failed') CHARACTER SET utf8mb4 COLLATE utf8mb4_unicode_ci NOT NULL DEFAULT 'pending',
  `confirmation_details` json DEFAULT NULL,
  `created_at` timestamp NULL DEFAULT NULL,
  `updated_at` timestamp NULL DEFAULT NULL
) ENGINE=InnoDB DEFAULT CHARSET=utf8mb4 COLLATE=utf8mb4_unicode_ci;

--
-- Dumping data for table `organizer_billings`
--

INSERT INTO `organizer_billings` (`id`, `booking_id`, `gst_number`, `billing_address`, `city`, `state`, `pin_code`, `package_price`, `taxes`, `additional_charges`, `gst_amount`, `total_payable`, `payment_method`, `payment_status`, `confirmation_details`, `created_at`, `updated_at`) VALUES
(1, 1, '29ABCDE1234F1Z5', 'asdfasd', 'jaipur', 'Bihar', '878787', 299.00, 0.00, 0.00, 53.82, 352.82, 'upi', 'paid', '{\"authorization\": true, \"terms_accepted\": true, \"validity_accepted\": true, \"participant_consent\": true, \"non_refundable_accepted\": true}', '2026-07-11 09:02:21', '2026-07-11 09:48:51'),
(2, 2, '29ABCDE1234F1Z5', 'asdfasd', 'jaipur', 'Assam', '878787', 299.00, 0.00, 0.00, 53.82, 352.82, 'upi', 'paid', '{\"authorization\": true, \"terms_accepted\": true, \"validity_accepted\": true, \"participant_consent\": true, \"non_refundable_accepted\": true}', '2026-07-11 18:31:05', '2026-07-11 18:31:05'),
(3, 3, '29ABCDE1234F1Z5', 'asdfasd', 'jaipur', 'Chhattisgarh', '878787', 299.00, 0.00, 0.00, 53.82, 352.82, 'upi', 'paid', '{\"authorization\": true, \"terms_accepted\": true, \"validity_accepted\": true, \"participant_consent\": true, \"non_refundable_accepted\": true}', '2026-07-12 11:20:52', '2026-07-12 11:20:52'),
(4, 4, '29ABCDE1234F1Z5', 'asdfasd', 'jaipur', 'Goa', '878787', 299.00, 0.00, 0.00, 53.82, 352.82, 'upi', 'paid', '{\"authorization\": true, \"terms_accepted\": true, \"validity_accepted\": true, \"participant_consent\": true, \"non_refundable_accepted\": true}', '2026-07-13 14:29:12', '2026-07-13 14:29:12'),
(5, 5, '29ABCDE1234F1Z5', 'asdfasd', 'jaipur', 'Bihar', '878787', 299.00, 0.00, 0.00, 53.82, 352.82, 'upi', 'paid', '{\"authorization\": true, \"terms_accepted\": true, \"validity_accepted\": true, \"participant_consent\": true, \"non_refundable_accepted\": true}', '2026-07-13 17:12:42', '2026-07-13 17:12:42');

-- --------------------------------------------------------

--
-- Table structure for table `organizer_bookings`
--

CREATE TABLE `organizer_bookings` (
  `id` bigint UNSIGNED NOT NULL,
  `organizer_id` bigint UNSIGNED NOT NULL,
  `activity_id` bigint UNSIGNED NOT NULL,
  `game_id` bigint UNSIGNED DEFAULT NULL,
  `package_id` bigint UNSIGNED NOT NULL,
  `scheduled_date` date NOT NULL,
  `scheduled_time` time NOT NULL,
  `status` enum('pending_activation','active','completed','expired') CHARACTER SET utf8mb4 COLLATE utf8mb4_unicode_ci NOT NULL DEFAULT 'pending_activation',
  `created_at` timestamp NULL DEFAULT NULL,
  `updated_at` timestamp NULL DEFAULT NULL,
  `invitation_link` varchar(255) CHARACTER SET utf8mb4 COLLATE utf8mb4_unicode_ci DEFAULT NULL,
  `link_clicks` int DEFAULT '0',
  `is_rescheduled` tinyint(1) DEFAULT '0'
) ENGINE=InnoDB DEFAULT CHARSET=utf8mb4 COLLATE=utf8mb4_unicode_ci;

--
-- Dumping data for table `organizer_bookings`
--

INSERT INTO `organizer_bookings` (`id`, `organizer_id`, `activity_id`, `game_id`, `package_id`, `scheduled_date`, `scheduled_time`, `status`, `created_at`, `updated_at`, `invitation_link`, `link_clicks`, `is_rescheduled`) VALUES
(1, 1, 1, 1, 1, '2026-07-11', '14:34:00', 'completed', '2026-07-11 09:02:05', '2026-07-11 09:02:05', 'a25f0dca3fa47aa81bcd', 17, 0),
(2, 2, 1, 1, 1, '2026-07-12', '00:02:00', 'completed', '2026-07-11 18:30:52', '2026-07-11 18:30:52', '53603e9871de099e21db', 15, 0),
(3, 3, 1, 1, 1, '2026-07-12', '16:52:00', 'completed', '2026-07-12 11:20:35', '2026-07-12 11:20:35', '5badd152c4cc9d56c48c', 14, 0),
(4, 4, 1, 1, 1, '2026-07-13', '20:00:00', 'completed', '2026-07-13 14:28:58', '2026-07-13 14:28:58', '1e9290221935a8cd2591', 14, 0),
(5, 5, 1, 1, 1, '2026-07-13', '22:44:00', 'completed', '2026-07-13 17:12:30', '2026-07-13 17:12:30', '97314af8141c9ff0d92d', 21, 0);

-- --------------------------------------------------------

--
-- Table structure for table `organizer_notifications`
--

CREATE TABLE `organizer_notifications` (
  `id` bigint UNSIGNED NOT NULL,
  `booking_id` bigint UNSIGNED NOT NULL,
  `organizer_id` bigint UNSIGNED NOT NULL,
  `type` varchar(50) COLLATE utf8mb4_unicode_ci NOT NULL,
  `message` text COLLATE utf8mb4_unicode_ci NOT NULL,
  `dot_color` varchar(20) COLLATE utf8mb4_unicode_ci NOT NULL DEFAULT 'emerald',
  `participant_id` bigint UNSIGNED DEFAULT NULL,
  `group_id` bigint UNSIGNED DEFAULT NULL,
  `is_read` tinyint(1) NOT NULL DEFAULT '0',
  `created_at` timestamp NOT NULL DEFAULT CURRENT_TIMESTAMP
) ENGINE=InnoDB DEFAULT CHARSET=utf8mb4 COLLATE=utf8mb4_unicode_ci;

--
-- Dumping data for table `organizer_notifications`
--

INSERT INTO `organizer_notifications` (`id`, `booking_id`, `organizer_id`, `type`, `message`, `dot_color`, `participant_id`, `group_id`, `is_read`, `created_at`) VALUES
(1, 1, 1, 'participant_joined', 'cc joined Group 1', 'emerald', 1, 1, 1, '2026-07-11 09:04:47'),
(2, 1, 1, 'participant_joined', 'cx joined Group 1', 'emerald', 2, 1, 1, '2026-07-11 09:07:10'),
(3, 1, 1, 'participant_joined', 'lop joined Group 1', 'emerald', 3, 1, 1, '2026-07-11 09:07:40'),
(4, 1, 1, 'participant_joined', 'sasa joined Group 1', 'emerald', 4, 1, 1, '2026-07-11 09:08:12'),
(5, 1, 1, 'participant_joined', 'Mystery joined Group 1', 'emerald', 5, 1, 1, '2026-07-11 09:09:01'),
(6, 1, 1, 'participant_joined', 'kik joined Group 2', 'emerald', 6, 2, 1, '2026-07-11 09:10:05'),
(7, 1, 1, 'participant_joined', 'sds joined Group 2', 'emerald', 7, 2, 1, '2026-07-11 09:10:24'),
(8, 1, 1, 'participant_joined', 'event joined Group 2', 'emerald', 8, 2, 1, '2026-07-11 09:10:50'),
(9, 1, 1, 'participant_joined', 'lands joined Group 2', 'emerald', 9, 2, 1, '2026-07-11 09:11:48'),
(10, 1, 1, 'participant_joined', 'juoya joined Group 2', 'emerald', 10, 2, 1, '2026-07-11 09:12:19'),
(11, 2, 2, 'participant_joined', 'a joined Group 1', 'emerald', 11, 3, 0, '2026-07-11 18:34:44'),
(12, 2, 2, 'participant_joined', 'q joined Group 1', 'emerald', 12, 3, 0, '2026-07-11 18:35:29'),
(13, 2, 2, 'participant_joined', 'ww joined Group 1', 'emerald', 13, 3, 0, '2026-07-11 18:35:40'),
(14, 2, 2, 'participant_joined', 'zzz joined Group 1', 'emerald', 14, 3, 0, '2026-07-11 18:36:05'),
(15, 2, 2, 'participant_joined', 'moto joined Group 1', 'emerald', 15, 3, 0, '2026-07-11 18:36:22'),
(16, 2, 2, 'participant_joined', '1qwwqw joined Group 2', 'emerald', 16, 4, 0, '2026-07-11 18:36:43'),
(17, 2, 2, 'participant_joined', '22 joined Group 2', 'emerald', 17, 4, 0, '2026-07-11 18:37:01'),
(18, 2, 2, 'participant_joined', 'sadfasdf joined Group 2', 'emerald', 18, 4, 0, '2026-07-11 18:37:15'),
(19, 2, 2, 'participant_joined', '4 joined Group 2', 'emerald', 19, 4, 0, '2026-07-11 18:37:32'),
(20, 2, 2, 'participant_joined', '5 joined Group 2', 'emerald', 20, 4, 0, '2026-07-11 18:37:46'),
(21, 3, 3, 'participant_joined', 'v joined Group 1', 'emerald', 21, 5, 0, '2026-07-12 11:25:40'),
(22, 3, 3, 'participant_joined', 'b joined Group 1', 'emerald', 22, 5, 0, '2026-07-12 11:26:16'),
(23, 3, 3, 'participant_joined', 'zzz joined Group 1', 'emerald', 23, 5, 0, '2026-07-12 11:26:51'),
(24, 3, 3, 'participant_joined', 'sadfasd joined Group 1', 'emerald', 24, 5, 0, '2026-07-12 11:27:07'),
(25, 3, 3, 'participant_joined', 'gasdafsd joined Group 1', 'emerald', 25, 5, 0, '2026-07-12 11:27:21'),
(26, 3, 3, 'participant_joined', 'rtwr joined Group 2', 'emerald', 26, 6, 0, '2026-07-12 11:27:34'),
(27, 4, 4, 'participant_joined', 'asdfasd joined Group 1', 'emerald', 27, 7, 1, '2026-07-13 14:34:59'),
(28, 4, 4, 'participant_joined', 'shubam joined Group 1', 'emerald', 28, 7, 1, '2026-07-13 14:36:07'),
(29, 4, 4, 'participant_joined', 'aswni joined Group 1', 'emerald', 29, 7, 1, '2026-07-13 14:37:40'),
(30, 4, 4, 'participant_joined', 'reema joined Group 1', 'emerald', 30, 7, 1, '2026-07-13 14:38:02'),
(31, 4, 4, 'participant_joined', 'kunal joined Group 1', 'emerald', 31, 7, 1, '2026-07-13 14:38:47'),
(32, 4, 4, 'participant_joined', 'aaaaa joined Group 2', 'emerald', 32, 8, 1, '2026-07-13 14:39:44'),
(33, 4, 4, 'participant_joined', 'bbb joined Group 2', 'emerald', 33, 8, 1, '2026-07-13 14:40:31'),
(34, 4, 4, 'participant_joined', 'ccc joined Group 2', 'emerald', 34, 8, 1, '2026-07-13 14:40:49'),
(35, 4, 4, 'participant_joined', 'asdfasd joined Group 2', 'emerald', 35, 8, 1, '2026-07-13 14:41:04'),
(36, 4, 4, 'participant_joined', 'asdfas joined Group 2', 'emerald', 36, 8, 1, '2026-07-13 14:41:19'),
(37, 5, 5, 'participant_joined', 'asdfas joined Group 1', 'emerald', 37, 9, 0, '2026-07-13 17:14:56'),
(38, 5, 5, 'participant_joined', 'asdfas joined Group 1', 'emerald', 38, 9, 0, '2026-07-13 17:15:09'),
(39, 5, 5, 'participant_joined', 'sdfasdf joined Group 1', 'emerald', 39, 9, 0, '2026-07-13 17:15:23'),
(40, 5, 5, 'participant_joined', 'asfasdfa joined Group 1', 'emerald', 40, 9, 0, '2026-07-13 17:15:43'),
(41, 5, 5, 'participant_joined', 'asdfasda joined Group 1', 'emerald', 41, 9, 0, '2026-07-13 17:16:00');

-- --------------------------------------------------------

--
-- Table structure for table `packages`
--

CREATE TABLE `packages` (
  `id` bigint UNSIGNED NOT NULL,
  `name` varchar(255) CHARACTER SET utf8mb4 COLLATE utf8mb4_unicode_ci NOT NULL,
  `slug` varchar(255) CHARACTER SET utf8mb4 COLLATE utf8mb4_unicode_ci NOT NULL,
  `price` decimal(12,2) NOT NULL DEFAULT '0.00',
  `max_users` bigint UNSIGNED NOT NULL DEFAULT '0',
  `total_groups` bigint UNSIGNED NOT NULL DEFAULT '0',
  `validity_days` bigint UNSIGNED NOT NULL,
  `short_description` text CHARACTER SET utf8mb4 COLLATE utf8mb4_unicode_ci,
  `features` json DEFAULT NULL,
  `game_access` json DEFAULT NULL,
  `status` enum('active','inactive','draft') CHARACTER SET utf8mb4 COLLATE utf8mb4_unicode_ci NOT NULL DEFAULT 'draft',
  `sort_order` bigint UNSIGNED NOT NULL DEFAULT '0',
  `created_at` timestamp NULL DEFAULT NULL,
  `updated_at` timestamp NULL DEFAULT NULL,
  `deleted_at` timestamp NULL DEFAULT NULL
) ENGINE=InnoDB DEFAULT CHARSET=utf8mb4 COLLATE=utf8mb4_unicode_ci;

--
-- Dumping data for table `packages`
--

INSERT INTO `packages` (`id`, `name`, `slug`, `price`, `max_users`, `total_groups`, `validity_days`, `short_description`, `features`, `game_access`, `status`, `sort_order`, `created_at`, `updated_at`, `deleted_at`) VALUES
(1, 'Trial Pack Amit Testing', 'trial-pack-amit-testing', 299.00, 10, 2, 30, 'Best for: Small teams, workshops, family events', '[\"Up to 10 participants\", \"2 auto-created group\", \"Single session\", \"Lets you test before buying\"]', '[]', 'active', 1, '2026-05-26 12:29:06', '2026-06-03 15:06:16', NULL),
(2, 'Starter Pack', 'starter-pack', 2999.00, 50, 10, 30, 'Best for: Training sessions, mid-size teams', '[\"Up to 50 participants\", \"10 auto-created groups\", \"Even user distribution\", \"Instant activation\"]', '[\"cricket\", \"football\", \"tennis\", \"casino\", \"esports\"]', 'active', 2, '2026-05-26 12:29:06', '2026-05-26 12:29:06', NULL),
(3, 'Growth Pack ok', 'growth-pack-ok', 4999.00, 100, 20, 30, 'Best for: Corporate events and team engagement', '[\"Up to 100 participants\", \"20 auto-created groups\", \"Even user distribution\", \"Instant activation\"]', '[\"cricket\", \"football\", \"tennis\", \"casino\", \"esports\"]', 'active', 3, '2026-05-26 12:29:06', '2026-05-31 17:41:38', NULL),
(4, 'Business Pack now', 'business-pack-now', 8999.00, 300, 60, 30, 'Best for: Large corporate events and offsites', '[\"Up to 300 participants\", \"60 auto-created groups\", \"Even user distribution\", \"Instant activation\"]', '[\"cricket\", \"football\", \"tennis\", \"casino\", \"esports\"]', 'active', 4, '2026-05-26 12:29:06', '2026-05-31 17:41:46', NULL),
(5, 'Enterprise Pack Giri', 'enterprise-pack-giri', 19999.00, 500, 100, 30, 'Best for: Training sessions, mid-size teams', '[\"Up to 500 participants\", \"100 auto-created groups\", \"Even user distribution\", \"Fully managed setup\"]', '[\"cricket\", \"football\", \"tennis\", \"casino\", \"esports\"]', 'active', 5, '2026-05-26 12:29:06', '2026-05-31 17:41:32', NULL);

-- --------------------------------------------------------

--
-- Table structure for table `package_purchases`
--

CREATE TABLE `package_purchases` (
  `id` bigint UNSIGNED NOT NULL,
  `package_id` bigint UNSIGNED NOT NULL,
  `user_id` bigint UNSIGNED DEFAULT NULL,
  `amount` decimal(12,2) NOT NULL DEFAULT '0.00',
  `status` enum('active','expired','cancelled') CHARACTER SET utf8mb4 COLLATE utf8mb4_unicode_ci NOT NULL DEFAULT 'active',
  `starts_at` timestamp NULL DEFAULT NULL,
  `expires_at` timestamp NULL DEFAULT NULL,
  `created_at` timestamp NULL DEFAULT NULL,
  `updated_at` timestamp NULL DEFAULT NULL
) ENGINE=InnoDB DEFAULT CHARSET=utf8mb4 COLLATE=utf8mb4_unicode_ci;

-- --------------------------------------------------------

--
-- Table structure for table `participant_sessions`
--

CREATE TABLE `participant_sessions` (
  `id` bigint UNSIGNED NOT NULL,
  `group_id` bigint UNSIGNED NOT NULL,
  `participant_id` bigint UNSIGNED NOT NULL,
  `role_id` bigint UNSIGNED DEFAULT NULL,
  `socket_id` varchar(255) DEFAULT NULL,
  `is_online` tinyint(1) DEFAULT '0',
  `total_score` int DEFAULT '0',
  `created_at` timestamp NULL DEFAULT CURRENT_TIMESTAMP,
  `updated_at` timestamp NULL DEFAULT CURRENT_TIMESTAMP ON UPDATE CURRENT_TIMESTAMP,
  `left_at` timestamp NULL DEFAULT NULL
) ENGINE=InnoDB DEFAULT CHARSET=utf8mb4 COLLATE=utf8mb4_0900_ai_ci;

--
-- Dumping data for table `participant_sessions`
--

INSERT INTO `participant_sessions` (`id`, `group_id`, `participant_id`, `role_id`, `socket_id`, `is_online`, `total_score`, `created_at`, `updated_at`, `left_at`) VALUES
(1, 2, 6, NULL, NULL, 1, 0, '2026-07-11 09:18:59', '2026-07-11 10:56:50', NULL),
(2, 2, 7, NULL, NULL, 1, 0, '2026-07-11 09:18:59', '2026-07-11 10:56:50', NULL),
(3, 2, 8, NULL, NULL, 1, 0, '2026-07-11 09:18:59', '2026-07-11 10:56:50', NULL),
(4, 2, 9, NULL, NULL, 1, 0, '2026-07-11 09:18:59', '2026-07-11 10:56:50', NULL),
(5, 2, 10, NULL, NULL, 0, 0, '2026-07-11 09:18:59', '2026-07-11 10:56:50', '2026-07-11 09:45:14'),
(6, 1, 1, NULL, NULL, 0, 0, '2026-07-11 09:19:02', '2026-07-11 10:56:50', '2026-07-11 09:44:17'),
(7, 1, 2, NULL, NULL, 0, 0, '2026-07-11 09:19:02', '2026-07-11 10:56:50', '2026-07-11 10:07:29'),
(8, 1, 3, NULL, NULL, 0, 0, '2026-07-11 09:19:02', '2026-07-11 10:56:50', '2026-07-11 10:07:29'),
(9, 1, 4, NULL, NULL, 0, 0, '2026-07-11 09:19:02', '2026-07-11 10:56:50', '2026-07-11 10:07:29'),
(10, 1, 5, NULL, NULL, 0, 0, '2026-07-11 09:19:02', '2026-07-11 10:56:50', '2026-07-11 10:07:29'),
(11, 4, 16, NULL, NULL, 1, 0, '2026-07-11 18:46:59', '2026-07-11 20:16:32', NULL),
(12, 4, 17, NULL, NULL, 1, 0, '2026-07-11 18:46:59', '2026-07-11 20:16:32', NULL),
(13, 4, 18, NULL, NULL, 1, 0, '2026-07-11 18:46:59', '2026-07-11 20:16:32', NULL),
(14, 4, 19, NULL, NULL, 1, 0, '2026-07-11 18:46:59', '2026-07-11 20:16:32', NULL),
(15, 4, 20, NULL, NULL, 1, 0, '2026-07-11 18:46:59', '2026-07-11 20:16:32', NULL),
(16, 3, 11, NULL, NULL, 0, 0, '2026-07-11 18:47:28', '2026-07-11 20:16:32', '2026-07-11 19:15:32'),
(17, 3, 12, NULL, NULL, 0, 0, '2026-07-11 18:47:28', '2026-07-11 20:16:32', '2026-07-11 19:41:57'),
(18, 3, 13, NULL, NULL, 0, 0, '2026-07-11 18:47:28', '2026-07-11 20:16:32', '2026-07-11 19:15:41'),
(19, 3, 14, NULL, NULL, 0, 0, '2026-07-11 18:47:28', '2026-07-11 20:16:32', '2026-07-11 19:41:57'),
(20, 3, 15, NULL, NULL, 0, 0, '2026-07-11 18:47:28', '2026-07-11 20:16:32', '2026-07-11 19:41:57'),
(21, 6, 26, NULL, NULL, 0, 0, '2026-07-12 11:37:00', '2026-07-12 18:19:03', '2026-07-12 18:19:03'),
(22, 5, 21, NULL, NULL, 1, 0, '2026-07-12 11:37:09', '2026-07-12 13:02:50', NULL),
(23, 5, 22, NULL, NULL, 1, 0, '2026-07-12 11:37:09', '2026-07-12 13:02:50', NULL),
(24, 5, 23, NULL, NULL, 1, 0, '2026-07-12 11:37:09', '2026-07-12 13:02:50', NULL),
(25, 5, 24, NULL, NULL, 1, 0, '2026-07-12 11:37:09', '2026-07-12 13:02:50', NULL),
(26, 5, 25, NULL, NULL, 1, 0, '2026-07-12 11:37:09', '2026-07-12 13:02:50', NULL),
(27, 8, 32, NULL, NULL, 0, 0, '2026-07-13 14:45:00', '2026-07-13 16:25:27', '2026-07-13 15:40:16'),
(28, 8, 33, NULL, NULL, 0, 0, '2026-07-13 14:45:01', '2026-07-13 16:25:27', '2026-07-13 15:55:49'),
(29, 7, 27, NULL, NULL, 0, 0, '2026-07-13 14:45:01', '2026-07-13 16:25:27', '2026-07-13 15:24:27'),
(30, 8, 34, NULL, NULL, 0, 0, '2026-07-13 14:45:01', '2026-07-13 16:25:27', '2026-07-13 15:54:30'),
(31, 8, 35, NULL, NULL, 0, 0, '2026-07-13 14:45:01', '2026-07-13 16:25:27', '2026-07-13 15:54:30'),
(32, 7, 28, NULL, NULL, 0, 0, '2026-07-13 14:45:01', '2026-07-13 16:25:27', '2026-07-13 15:24:27'),
(33, 8, 36, NULL, NULL, 0, 0, '2026-07-13 14:45:01', '2026-07-13 16:25:27', '2026-07-13 15:40:16'),
(34, 7, 29, NULL, NULL, 0, 0, '2026-07-13 14:45:01', '2026-07-13 16:25:27', '2026-07-13 15:24:27'),
(35, 7, 30, NULL, NULL, 0, 0, '2026-07-13 14:45:01', '2026-07-13 16:25:27', '2026-07-13 15:24:27'),
(36, 7, 31, NULL, NULL, 0, 0, '2026-07-13 14:45:01', '2026-07-13 16:25:27', '2026-07-13 15:24:27'),
(37, 9, 37, 4, NULL, 0, 0, '2026-07-13 17:29:00', '2026-07-13 17:38:42', '2026-07-13 17:38:42'),
(38, 9, 38, 3, NULL, 0, 0, '2026-07-13 17:29:00', '2026-07-13 17:38:42', '2026-07-13 17:38:42'),
(39, 9, 39, 5, NULL, 0, 0, '2026-07-13 17:29:00', '2026-07-13 17:38:42', '2026-07-13 17:38:42'),
(40, 9, 40, 2, 'ODrC1mI-erfwLadzAAAD', 1, 0, '2026-07-13 17:29:00', '2026-07-13 17:47:17', '2026-07-13 17:38:42'),
(41, 9, 41, 1, 'eU-4fHyq4RkvJP3YAAAB', 1, 20, '2026-07-13 17:29:00', '2026-07-13 17:47:14', '2026-07-13 17:38:41');

-- --------------------------------------------------------

--
-- Table structure for table `password_reset_tokens`
--

CREATE TABLE `password_reset_tokens` (
  `email` varchar(255) CHARACTER SET utf8mb4 COLLATE utf8mb4_unicode_ci NOT NULL,
  `token` varchar(255) CHARACTER SET utf8mb4 COLLATE utf8mb4_unicode_ci NOT NULL,
  `created_at` timestamp NULL DEFAULT NULL
) ENGINE=InnoDB DEFAULT CHARSET=utf8mb4 COLLATE=utf8mb4_unicode_ci;

-- --------------------------------------------------------

--
-- Table structure for table `permissions`
--

CREATE TABLE `permissions` (
  `id` bigint UNSIGNED NOT NULL,
  `name` varchar(255) CHARACTER SET utf8mb4 COLLATE utf8mb4_unicode_ci NOT NULL,
  `guard_name` varchar(255) CHARACTER SET utf8mb4 COLLATE utf8mb4_unicode_ci NOT NULL DEFAULT 'web',
  `group` varchar(255) CHARACTER SET utf8mb4 COLLATE utf8mb4_unicode_ci DEFAULT NULL,
  `description` text CHARACTER SET utf8mb4 COLLATE utf8mb4_unicode_ci,
  `status` tinyint NOT NULL DEFAULT '1',
  `created_at` timestamp NULL DEFAULT NULL,
  `updated_at` timestamp NULL DEFAULT NULL
) ENGINE=InnoDB DEFAULT CHARSET=utf8mb4 COLLATE=utf8mb4_unicode_ci;

-- --------------------------------------------------------

--
-- Table structure for table `questions`
--

CREATE TABLE `questions` (
  `id` bigint UNSIGNED NOT NULL,
  `group_id` bigint UNSIGNED NOT NULL,
  `asked_by` bigint UNSIGNED NOT NULL,
  `asked_to` bigint UNSIGNED NOT NULL,
  `question_text` text NOT NULL,
  `points_awarded` int DEFAULT '0',
  `created_at` timestamp NULL DEFAULT CURRENT_TIMESTAMP,
  `updated_at` timestamp NULL DEFAULT CURRENT_TIMESTAMP ON UPDATE CURRENT_TIMESTAMP
) ENGINE=InnoDB DEFAULT CHARSET=utf8mb4 COLLATE=utf8mb4_0900_ai_ci;

--
-- Dumping data for table `questions`
--

INSERT INTO `questions` (`id`, `group_id`, `asked_by`, `asked_to`, `question_text`, `points_awarded`, `created_at`, `updated_at`) VALUES
(31, 9, 41, 37, 'what is php ?', 10, '2026-07-13 17:37:26', '2026-07-13 17:37:26'),
(32, 9, 41, 40, 'jhjhhhk', 10, '2026-07-13 17:47:14', '2026-07-13 17:47:14');

-- --------------------------------------------------------

--
-- Table structure for table `results`
--

CREATE TABLE `results` (
  `id` bigint UNSIGNED NOT NULL,
  `group_id` bigint UNSIGNED NOT NULL,
  `identified_culprit_id` bigint UNSIGNED NOT NULL,
  `investigator_reasoning` text,
  `is_correct` tinyint(1) DEFAULT '0',
  `winner_ids` json DEFAULT NULL,
  `created_at` timestamp NULL DEFAULT CURRENT_TIMESTAMP,
  `updated_at` timestamp NULL DEFAULT CURRENT_TIMESTAMP ON UPDATE CURRENT_TIMESTAMP,
  `correct_guess_count` tinyint UNSIGNED DEFAULT NULL,
  `per_role_results` json DEFAULT NULL
) ENGINE=InnoDB DEFAULT CHARSET=utf8mb4 COLLATE=utf8mb4_0900_ai_ci;

-- --------------------------------------------------------

--
-- Table structure for table `roles`
--

CREATE TABLE `roles` (
  `id` bigint UNSIGNED NOT NULL,
  `name` varchar(255) CHARACTER SET utf8mb4 COLLATE utf8mb4_unicode_ci NOT NULL,
  `guard_name` varchar(255) CHARACTER SET utf8mb4 COLLATE utf8mb4_unicode_ci NOT NULL DEFAULT 'web',
  `status` tinyint NOT NULL DEFAULT '1',
  `description` text CHARACTER SET utf8mb4 COLLATE utf8mb4_unicode_ci,
  `created_at` timestamp NULL DEFAULT NULL,
  `updated_at` timestamp NULL DEFAULT NULL,
  `deleted_at` timestamp NULL DEFAULT NULL
) ENGINE=InnoDB DEFAULT CHARSET=utf8mb4 COLLATE=utf8mb4_unicode_ci;

--
-- Dumping data for table `roles`
--

INSERT INTO `roles` (`id`, `name`, `guard_name`, `status`, `description`, `created_at`, `updated_at`, `deleted_at`) VALUES
(1, 'Super Admin', 'admin', 1, 'Super Administrator with full access', '2026-05-26 12:29:05', '2026-05-26 12:29:05', NULL);

-- --------------------------------------------------------

--
-- Table structure for table `role_has_permissions`
--

CREATE TABLE `role_has_permissions` (
  `permission_id` bigint UNSIGNED NOT NULL,
  `role_id` bigint UNSIGNED NOT NULL
) ENGINE=InnoDB DEFAULT CHARSET=utf8mb4 COLLATE=utf8mb4_unicode_ci;

-- --------------------------------------------------------

--
-- Table structure for table `score_logs`
--

CREATE TABLE `score_logs` (
  `id` bigint UNSIGNED NOT NULL,
  `participant_session_id` bigint UNSIGNED NOT NULL,
  `points` int NOT NULL,
  `reason` varchar(255) DEFAULT NULL,
  `created_at` timestamp NULL DEFAULT CURRENT_TIMESTAMP,
  `updated_at` timestamp NULL DEFAULT CURRENT_TIMESTAMP ON UPDATE CURRENT_TIMESTAMP
) ENGINE=InnoDB DEFAULT CHARSET=utf8mb4 COLLATE=utf8mb4_0900_ai_ci;

-- --------------------------------------------------------

--
-- Table structure for table `sessions`
--

CREATE TABLE `sessions` (
  `id` varchar(255) CHARACTER SET utf8mb4 COLLATE utf8mb4_unicode_ci NOT NULL,
  `user_id` bigint UNSIGNED DEFAULT NULL,
  `ip_address` varchar(45) CHARACTER SET utf8mb4 COLLATE utf8mb4_unicode_ci DEFAULT NULL,
  `user_agent` text CHARACTER SET utf8mb4 COLLATE utf8mb4_unicode_ci,
  `payload` longtext CHARACTER SET utf8mb4 COLLATE utf8mb4_unicode_ci NOT NULL,
  `last_activity` int NOT NULL
) ENGINE=InnoDB DEFAULT CHARSET=utf8mb4 COLLATE=utf8mb4_unicode_ci;

--
-- Dumping data for table `sessions`
--

INSERT INTO `sessions` (`id`, `user_id`, `ip_address`, `user_agent`, `payload`, `last_activity`) VALUES
('7yIQOF6Fg942QoUSsEqQMGqUlo8OQnrYn5h0Qf8F', 1, '::1', 'Mozilla/5.0 (Macintosh; Intel Mac OS X 10_15_7) AppleWebKit/537.36 (KHTML, like Gecko) Chrome/149.0.0.0 Safari/537.36', 'YTo1OntzOjY6Il90b2tlbiI7czo0MDoicURabmJWamludUtTaDFFWkFjdjlzTEhGaTdad2dBbVN6QVpMbjBBVSI7czo5OiJfcHJldmlvdXMiO2E6MTp7czozOiJ1cmwiO3M6ODQ6Imh0dHA6Ly9sb2NhbGhvc3QvcC9hZG1pbi9zaG93SW1hZ2Uvc3RvcmFnZS91cGxvYWRzL3Byb2ZpbGUtcGhvdG9zLzIwMjYwNjA3MjA0MTQ3LnBuZyI7fXM6NjoiX2ZsYXNoIjthOjI6e3M6Mzoib2xkIjthOjA6e31zOjM6Im5ldyI7YTowOnt9fXM6NTI6ImxvZ2luX2FkbWluXzU5YmEzNmFkZGMyYjJmOTQwMTU4MGYwMTRjN2Y1OGVhNGUzMDk4OWQiO2k6MTtzOjIyOiJQSFBERUJVR0JBUl9TVEFDS19EQVRBIjthOjA6e319', 1783757510),
('KpwN7VTYE71npdsc9mrX3lQOKDA7cJKtEfNonc57', NULL, '::1', 'Mozilla/5.0 (Macintosh; Intel Mac OS X 10_15_7) AppleWebKit/537.36 (KHTML, like Gecko) Chrome/150.0.0.0 Safari/537.36', 'YTozOntzOjY6Il90b2tlbiI7czo0MDoiODdWT2NyenJpOVBub0ZjNTUxY0NaeVdGSURHZGF4eXBqbjhkNHZnbyI7czo5OiJfcHJldmlvdXMiO2E6MTp7czozOiJ1cmwiO3M6MzA6Imh0dHA6Ly9sb2NhbGhvc3QvcC9hZG1pbi9sb2dpbiI7fXM6NjoiX2ZsYXNoIjthOjI6e3M6Mzoib2xkIjthOjA6e31zOjM6Im5ldyI7YTowOnt9fX0=', 1783955134),
('ZhgyNm6bQSeOpIDZ0vwmA4UjByCIhMr10OyhGsfl', NULL, '::1', 'Mozilla/5.0 (Macintosh; Intel Mac OS X 10_15_7) AppleWebKit/537.36 (KHTML, like Gecko) Chrome/149.0.0.0 Safari/537.36', 'YTo0OntzOjY6Il90b2tlbiI7czo0MDoicDB3cWVER0gwZ1NEMGpEZlpjVGZ0ZHBXVllFSzhGT0RvdHEwYlUwTiI7czo5OiJfcHJldmlvdXMiO2E6MTp7czozOiJ1cmwiO3M6MzA6Imh0dHA6Ly9sb2NhbGhvc3QvcC9hZG1pbi9sb2dpbiI7fXM6NjoiX2ZsYXNoIjthOjI6e3M6Mzoib2xkIjthOjA6e31zOjM6Im5ldyI7YTowOnt9fXM6MjI6IlBIUERFQlVHQkFSX1NUQUNLX0RBVEEiO2E6MDp7fX0=', 1783761540);

-- --------------------------------------------------------

--
-- Table structure for table `settings`
--

CREATE TABLE `settings` (
  `id` int UNSIGNED NOT NULL,
  `key` varchar(255) CHARACTER SET utf8mb4 COLLATE utf8mb4_unicode_ci NOT NULL,
  `value` text CHARACTER SET utf8mb4 COLLATE utf8mb4_unicode_ci NOT NULL
) ENGINE=InnoDB DEFAULT CHARSET=utf8mb4 COLLATE=utf8mb4_unicode_ci;

--
-- Dumping data for table `settings`
--

INSERT INTO `settings` (`id`, `key`, `value`) VALUES
(1, 'website_name', 'Poll Applications'),
(2, 'website_url', 'https://exsample.com'),
(3, 'tagline', 'Engage teams with smart game packages'),
(4, 'admin_email', 'admisn@example.com'),
(5, 'support_email', 'support@exasmple.com'),
(6, 'contact_number', '+91-9999999670'),
(7, 'company_address', 'Bengaluru, Karnataka, India'),
(8, 'timezone', 'Asia/Kolkata'),
(9, 'date_format', 'd M Y'),
(10, 'currency', 'INR'),
(11, 'primary_color', '#6f42c1'),
(12, 'secondary_color', '#343a40'),
(13, 'button_color', '#007bff'),
(18, 'meta_title', 'Zoventro | Team Building & Corporate Engagement Gaming Platform'),
(19, 'meta_description', 'Zoventro | Team Building & Corporate Engagement Gaming Platform'),
(20, 'meta_keywords', 'Zoventro | Team Building & Corporate Engagement Gaming Platform'),
(24, 'mail_driver', 'smtp'),
(25, 'smtp_host', 'smtp.mailtrap.io'),
(26, 'smtp_port', '587'),
(27, 'smtp_username', 'smtp-user'),
(28, 'smtp_password', 'smtp-password'),
(29, 'from_email', 'no-reply@example.com'),
(30, 'from_name', 'Poll App'),
(31, 'otp_expiry_time', '300'),
(32, 'otp_resend_limit', '3'),
(33, 'otp_retry_attempts', '5'),
(38, 'payment_mode', 'test'),
(39, 'payment_option_upi', '1'),
(40, 'payment_option_card', '1'),
(41, 'payment_option_net_banking', '1');

-- --------------------------------------------------------

--
-- Table structure for table `strategy_cards`
--

CREATE TABLE `strategy_cards` (
  `id` bigint UNSIGNED NOT NULL,
  `role_id` bigint UNSIGNED NOT NULL,
  `card_number` tinyint UNSIGNED NOT NULL,
  `heading` varchar(255) CHARACTER SET utf8mb4 COLLATE utf8mb4_unicode_ci NOT NULL,
  `heading_color` varchar(255) CHARACTER SET utf8mb4 COLLATE utf8mb4_unicode_ci NOT NULL DEFAULT '#7F77DD',
  `body_content` longtext CHARACTER SET utf8mb4 COLLATE utf8mb4_unicode_ci NOT NULL,
  `created_at` timestamp NULL DEFAULT NULL,
  `updated_at` timestamp NULL DEFAULT NULL
) ENGINE=InnoDB DEFAULT CHARSET=utf8mb4 COLLATE=utf8mb4_unicode_ci;

--
-- Dumping data for table `strategy_cards`
--

INSERT INTO `strategy_cards` (`id`, `role_id`, `card_number`, `heading`, `heading_color`, `body_content`, `created_at`, `updated_at`) VALUES
(209, 22, 1, 'Your Role', '#7f77dd', 'You did it. You know it. Nobody else does yet. Your only job tonight is to walk out of this without being named.', '2026-06-05 15:35:29', '2026-06-05 15:35:29'),
(210, 22, 2, 'Your Alibi', '#7f77dd', 'You were socialising near the dining area between 11:15 PM and 11:45 PM. You stepped away briefly to wash face. Stick to one version.', '2026-06-05 15:35:29', '2026-06-05 15:35:29'),
(211, 22, 3, 'Person of Interest', '#7f77dd', 'Kartar Sah was in the room at the time of death and he was shouting in party. That is a fact available to everyone.', '2026-06-05 15:35:29', '2026-06-05 15:35:29'),
(212, 22, 4, 'Stay In The Game', '#7f77dd', 'Act normal — grief is natural tonight. Less is more — short answers are safer. One story — never contradict yourself.', '2026-06-05 15:35:29', '2026-06-05 15:35:29'),
(213, 23, 1, 'Your Situation', '#7f77dd', 'All eyes are on you. But you didn\'t do it. Objective: Survive the investigation. You arrived uninvited. You were alone with Raghav. You left at exactly the time they say he died.', '2026-06-05 15:35:29', '2026-06-05 15:35:29'),
(214, 23, 2, 'What You Actually Know', '#7f77dd', 'Facts: You came to confront Raghav about the land issue. Discussion was heated but you left him alive. You walked out at 11:30 PM. The gate guard saw you leave.', '2026-06-05 15:35:29', '2026-06-05 15:35:29'),
(215, 23, 3, 'Your Weak Points', '#7f77dd', 'Land papers with your name found at the scene. Your history of public threats. Don\'t panic.', '2026-06-05 15:35:29', '2026-06-05 15:35:29'),
(216, 23, 4, 'How To Stay Alive', '#7f77dd', 'Anger is natural — own it but separate it from violence. Stay calm. Tell your truth.', '2026-06-05 15:35:29', '2026-06-05 15:35:29'),
(217, 24, 1, 'Your Situation', '#7f77dd', 'You have worked here 11 years. You found the body. You did nothing wrong. But you knew Kartar Sah personally. The Investigator will notice.', '2026-06-05 15:35:29', '2026-06-05 15:35:29'),
(218, 24, 2, 'What You Actually Know', '#7f77dd', 'Facts: You were in the kitchen from 11:20 PM. You entered study at 11:50 PM. You know Kartar from home district. You boiled kettle early for a simple reason — pick one and stick to it.', '2026-06-05 15:35:29', '2026-06-05 15:35:29'),
(219, 24, 3, 'Your Weak Points', '#7f77dd', 'Why was the kettle boiled 30 minutes early? Your personal connection to Kartar Sah.', '2026-06-05 15:35:29', '2026-06-05 15:35:29'),
(220, 24, 4, 'How To Handle The Investigation', '#7f77dd', 'You are not a suspect. Kartar connection — a shared district is not a crime. You have nothing to hide except one small habit.', '2026-06-05 15:35:29', '2026-06-05 15:35:29'),
(221, 25, 1, 'Your Situation', '#7f77dd', 'Your father called you at 11:20 PM. Last call. You walked toward study after. Staff saw you near east corridor at 11:26 PM. You turned back without entering.', '2026-06-05 15:35:29', '2026-06-05 15:35:29'),
(222, 25, 2, 'What You Actually Know', '#7f77dd', 'Facts: Father called at 11:20 PM (4 mins). He was planning to transfer 95% of estate to farmer trust. You were shocked and walked toward study. You heard voices and turned back.', '2026-06-05 15:35:29', '2026-06-05 15:35:29'),
(223, 25, 3, 'Your Weak Points', '#7f77dd', 'What father said in those 4 mins. Why you walked toward study. Why you turned back. Where you were between 11:24 and 11:40 PM.', '2026-06-05 15:35:29', '2026-06-05 15:35:29'),
(224, 25, 4, 'How To Handle The Investigation', '#7f77dd', 'You are grieving — it\'s real. Own your corridor movement. Phone call content — you decide if you want to share.', '2026-06-05 15:35:29', '2026-06-05 15:35:29'),
(289, 27, 1, 'Your Role', '#7f77dd', 'You did it. You know it. Nobody else does yet. Your only job tonight is to walk out of this without being named.', '2026-06-05 15:36:31', '2026-06-05 15:36:31'),
(290, 27, 2, 'Your Alibi', '#7f77dd', 'You were socialising near the dining area between 11:15 PM and 11:45 PM. You stepped away briefly to wash face. Stick to one version.', '2026-06-05 15:36:31', '2026-06-05 15:36:31'),
(291, 27, 3, 'Person of Interest', '#7f77dd', 'Kartar Sah was in the room at the time of death and he was shouting in party. That is a fact available to everyone.', '2026-06-05 15:36:31', '2026-06-05 15:36:31'),
(292, 27, 4, 'Stay In The Game', '#7f77dd', 'Act normal — grief is natural tonight. Less is more — short answers are safer. One story — never contradict yourself.', '2026-06-05 15:36:31', '2026-06-05 15:36:31'),
(293, 28, 1, 'Your Situation', '#7f77dd', 'All eyes are on you. But you didn\'t do it. Objective: Survive the investigation. You arrived uninvited. You were alone with Raghav. You left at exactly the time they say he died.', '2026-06-05 15:36:31', '2026-06-05 15:36:31'),
(294, 28, 2, 'What You Actually Know', '#7f77dd', 'Facts: You came to confront Raghav about the land issue. Discussion was heated but you left him alive. You walked out at 11:30 PM. The gate guard saw you leave.', '2026-06-05 15:36:31', '2026-06-05 15:36:31'),
(295, 28, 3, 'Your Weak Points', '#7f77dd', 'Land papers with your name found at the scene. Your history of public threats. Don\'t panic.', '2026-06-05 15:36:31', '2026-06-05 15:36:31'),
(296, 28, 4, 'How To Stay Alive', '#7f77dd', 'Anger is natural — own it but separate it from violence. Stay calm. Tell your truth.', '2026-06-05 15:36:31', '2026-06-05 15:36:31'),
(297, 29, 1, 'Your Situation', '#7f77dd', 'You have worked here 11 years. You found the body. You did nothing wrong. But you knew Kartar Sah personally. The Investigator will notice.', '2026-06-05 15:36:31', '2026-06-05 15:36:31'),
(298, 29, 2, 'What You Actually Know', '#7f77dd', 'Facts: You were in the kitchen from 11:20 PM. You entered study at 11:50 PM. You know Kartar from home district. You boiled kettle early for a simple reason — pick one and stick to it.', '2026-06-05 15:36:31', '2026-06-05 15:36:31'),
(299, 29, 3, 'Your Weak Points', '#7f77dd', 'Why was the kettle boiled 30 minutes early? Your personal connection to Kartar Sah.', '2026-06-05 15:36:31', '2026-06-05 15:36:31'),
(300, 29, 4, 'How To Handle The Investigation', '#7f77dd', 'You are not a suspect. Kartar connection — a shared district is not a crime. You have nothing to hide except one small habit.', '2026-06-05 15:36:31', '2026-06-05 15:36:31'),
(301, 30, 1, 'Your Situation', '#7f77dd', 'Your father called you at 11:20 PM. Last call. You walked toward study after. Staff saw you near east corridor at 11:26 PM. You turned back without entering.', '2026-06-05 15:36:31', '2026-06-05 15:36:31'),
(302, 30, 2, 'What You Actually Know', '#7f77dd', 'Facts: Father called at 11:20 PM (4 mins). He was planning to transfer 95% of estate to farmer trust. You were shocked and walked toward study. You heard voices and turned back.', '2026-06-05 15:36:31', '2026-06-05 15:36:31'),
(303, 30, 3, 'Your Weak Points', '#7f77dd', 'What father said in those 4 mins. Why you walked toward study. Why you turned back. Where you were between 11:24 and 11:40 PM.', '2026-06-05 15:36:31', '2026-06-05 15:36:31'),
(304, 30, 4, 'How To Handle The Investigation', '#7f77dd', 'You are grieving — it\'s real. Own your corridor movement. Phone call content — you decide if you want to share.', '2026-06-05 15:36:31', '2026-06-05 15:36:31'),
(337, 32, 1, 'Your Role', '#7f77dd', 'You did it. You know it. Nobody else does yet. Your only job tonight is to walk out of this without being named.', '2026-06-11 15:28:36', '2026-06-11 15:28:36'),
(338, 32, 2, 'Your Alibi', '#7f77dd', 'You were socialising near the dining area between 11:15 PM and 11:45 PM. You stepped away briefly to wash face. Stick to one version.', '2026-06-11 15:28:36', '2026-06-11 15:28:36'),
(339, 32, 3, 'Person of Interest', '#7f77dd', 'Kartar Sah was in the room at the time of death and he was shouting in party. That is a fact available to everyone.', '2026-06-11 15:28:36', '2026-06-11 15:28:36'),
(340, 32, 4, 'Stay In The Game', '#7f77dd', 'Act normal — grief is natural tonight. Less is more — short answers are safer. One story — never contradict yourself.', '2026-06-11 15:28:36', '2026-06-11 15:28:36'),
(341, 33, 1, 'Your Situation', '#7f77dd', 'All eyes are on you. But you didn\'t do it. Objective: Survive the investigation. You arrived uninvited. You were alone with Raghav. You left at exactly the time they say he died.', '2026-06-11 15:28:36', '2026-06-11 15:28:36'),
(342, 33, 2, 'What You Actually Know', '#7f77dd', 'Facts: You came to confront Raghav about the land issue. Discussion was heated but you left him alive. You walked out at 11:30 PM. The gate guard saw you leave.', '2026-06-11 15:28:36', '2026-06-11 15:28:36'),
(343, 33, 3, 'Your Weak Points', '#7f77dd', 'Land papers with your name found at the scene. Your history of public threats. Don\'t panic.', '2026-06-11 15:28:36', '2026-06-11 15:28:36'),
(344, 33, 4, 'How To Stay Alive', '#7f77dd', 'Anger is natural — own it but separate it from violence. Stay calm. Tell your truth.', '2026-06-11 15:28:36', '2026-06-11 15:28:36'),
(345, 34, 1, 'Your Situation', '#7f77dd', 'You have worked here 11 years. You found the body. You did nothing wrong. But you knew Kartar Sah personally. The Investigator will notice.', '2026-06-11 15:28:36', '2026-06-11 15:28:36'),
(346, 34, 2, 'What You Actually Know', '#7f77dd', 'Facts: You were in the kitchen from 11:20 PM. You entered study at 11:50 PM. You know Kartar from home district. You boiled kettle early for a simple reason — pick one and stick to it.', '2026-06-11 15:28:36', '2026-06-11 15:28:36'),
(347, 34, 3, 'Your Weak Points', '#7f77dd', 'Why was the kettle boiled 30 minutes early? Your personal connection to Kartar Sah.', '2026-06-11 15:28:36', '2026-06-11 15:28:36'),
(348, 34, 4, 'How To Handle The Investigation', '#7f77dd', 'You are not a suspect. Kartar connection — a shared district is not a crime. You have nothing to hide except one small habit.', '2026-06-11 15:28:36', '2026-06-11 15:28:36'),
(349, 35, 1, 'Your Situation', '#7f77dd', 'Your father called you at 11:20 PM. Last call. You walked toward study after. Staff saw you near east corridor at 11:26 PM. You turned back without entering.', '2026-06-11 15:28:36', '2026-06-11 15:28:36'),
(350, 35, 2, 'What You Actually Know', '#7f77dd', 'Facts: Father called at 11:20 PM (4 mins). He was planning to transfer 95% of estate to farmer trust. You were shocked and walked toward study. You heard voices and turned back.', '2026-06-11 15:28:36', '2026-06-11 15:28:36'),
(351, 35, 3, 'Your Weak Points', '#7f77dd', 'What father said in those 4 mins. Why you walked toward study. Why you turned back. Where you were between 11:24 and 11:40 PM.', '2026-06-11 15:28:36', '2026-06-11 15:28:36'),
(352, 35, 4, 'How To Handle The Investigation', '#7f77dd', 'You are grieving — it\'s real. Own your corridor movement. Phone call content — you decide if you want to share.', '2026-06-11 15:28:36', '2026-06-11 15:28:36'),
(369, 2, 1, 'Your Role', '#7f77dd', 'You did it. You know it. Nobody else does yet. Your only job tonight is to walk out of this without being named.', '2026-07-07 17:22:00', '2026-07-07 17:22:00'),
(370, 2, 2, 'Your Alibi', '#7f77dd', 'You were socialising near the dining area between 11:15 PM and 11:45 PM. You stepped away briefly to wash face. Stick to one version.', '2026-07-07 17:22:00', '2026-07-07 17:22:00'),
(371, 2, 3, 'Person of Interest', '#7f77dd', 'Kartar Sah was in the room at the time of death and he was shouting in party. That is a fact available to everyone.', '2026-07-07 17:22:00', '2026-07-07 17:22:00'),
(372, 2, 4, 'Stay In The Game', '#7f77dd', 'Act normal — grief is natural tonight. Less is more — short answers are safer. One story — never contradict yourself.', '2026-07-07 17:22:00', '2026-07-07 17:22:00'),
(373, 3, 1, 'Your Situation', '#7f77dd', 'All eyes are on you. But you didn\'t do it. Objective: Survive the investigation. You arrived uninvited. You were alone with Raghav. You left at exactly the time they say he died.', '2026-07-07 17:22:00', '2026-07-07 17:22:00'),
(374, 3, 2, 'What You Actually Know', '#7f77dd', 'Facts: You came to confront Raghav about the land issue. Discussion was heated but you left him alive. You walked out at 11:30 PM. The gate guard saw you leave.', '2026-07-07 17:22:00', '2026-07-07 17:22:00'),
(375, 3, 3, 'Your Weak Points', '#7f77dd', 'Land papers with your name found at the scene. Your history of public threats. Don\'t panic.', '2026-07-07 17:22:00', '2026-07-07 17:22:00'),
(376, 3, 4, 'How To Stay Alive', '#7f77dd', 'Anger is natural — own it but separate it from violence. Stay calm. Tell your truth.', '2026-07-07 17:22:00', '2026-07-07 17:22:00'),
(377, 4, 1, 'Your Situation', '#7f77dd', 'You have worked here 11 years. You found the body. You did nothing wrong. But you knew Kartar Sah personally. The Investigator will notice.', '2026-07-07 17:22:00', '2026-07-07 17:22:00'),
(378, 4, 2, 'What You Actually Know', '#7f77dd', 'Facts: You were in the kitchen from 11:20 PM. You entered study at 11:50 PM. You know Kartar from home district. You boiled kettle early for a simple reason — pick one and stick to it.', '2026-07-07 17:22:00', '2026-07-07 17:22:00'),
(379, 4, 3, 'Your Weak Points', '#7f77dd', 'Why was the kettle boiled 30 minutes early? Your personal connection to Kartar Sah.', '2026-07-07 17:22:00', '2026-07-07 17:22:00'),
(380, 4, 4, 'How To Handle The Investigation', '#7f77dd', 'You are not a suspect. Kartar connection — a shared district is not a crime. You have nothing to hide except one small habit.', '2026-07-07 17:22:00', '2026-07-07 17:22:00'),
(381, 5, 1, 'Your Situation', '#7f77dd', 'Your father called you at 11:20 PM. Last call. You walked toward study after. Staff saw you near east corridor at 11:26 PM. You turned back without entering.', '2026-07-07 17:22:00', '2026-07-07 17:22:00'),
(382, 5, 2, 'What You Actually Know', '#7f77dd', 'Facts: Father called at 11:20 PM (4 mins). He was planning to transfer 95% of estate to farmer trust. You were shocked and walked toward study. You heard voices and turned back.', '2026-07-07 17:22:00', '2026-07-07 17:22:00'),
(383, 5, 3, 'Your Weak Points', '#7f77dd', 'What father said in those 4 mins. Why you walked toward study. Why you turned back. Where you were between 11:24 and 11:40 PM.', '2026-07-07 17:22:00', '2026-07-07 17:22:00'),
(384, 5, 4, 'How To Handle The Investigation', '#7f77dd', 'You are grieving — it\'s real. Own your corridor movement. Phone call content — you decide if you want to share.', '2026-07-07 17:22:00', '2026-07-07 17:22:00');

-- --------------------------------------------------------

--
-- Table structure for table `timers`
--

CREATE TABLE `timers` (
  `id` bigint UNSIGNED NOT NULL,
  `group_id` bigint UNSIGNED NOT NULL,
  `timer_type` varchar(50) NOT NULL,
  `reference_id` bigint UNSIGNED DEFAULT NULL,
  `expires_at` datetime NOT NULL,
  `is_active` tinyint(1) DEFAULT '1',
  `created_at` timestamp NULL DEFAULT CURRENT_TIMESTAMP,
  `updated_at` timestamp NULL DEFAULT CURRENT_TIMESTAMP ON UPDATE CURRENT_TIMESTAMP
) ENGINE=InnoDB DEFAULT CHARSET=utf8mb4 COLLATE=utf8mb4_0900_ai_ci;

--
-- Dumping data for table `timers`
--

INSERT INTO `timers` (`id`, `group_id`, `timer_type`, `reference_id`, `expires_at`, `is_active`, `created_at`, `updated_at`) VALUES
(109, 20, 'case_summary', NULL, '2026-07-11 14:03:01', 0, '2026-07-11 08:28:01', '2026-07-11 08:33:04'),
(110, 20, 'case_summary', NULL, '2026-07-11 14:03:01', 0, '2026-07-11 08:28:01', '2026-07-11 08:33:04'),
(111, 19, 'case_summary', NULL, '2026-07-11 14:03:02', 0, '2026-07-11 08:28:01', '2026-07-11 08:33:04'),
(112, 20, 'questioning', NULL, '2026-07-11 14:23:04', 0, '2026-07-11 08:33:04', '2026-07-11 08:53:04'),
(113, 20, 'clue_room_unlock', NULL, '2026-07-11 14:13:04', 0, '2026-07-11 08:33:04', '2026-07-11 08:43:04'),
(114, 20, 'questioning', NULL, '2026-07-11 14:23:04', 0, '2026-07-11 08:33:04', '2026-07-11 08:53:04'),
(115, 20, 'clue_room_unlock', NULL, '2026-07-11 14:13:04', 0, '2026-07-11 08:33:04', '2026-07-11 08:43:04'),
(116, 19, 'questioning', NULL, '2026-07-11 14:23:04', 0, '2026-07-11 08:33:04', '2026-07-11 08:53:04'),
(117, 19, 'clue_room_unlock', NULL, '2026-07-11 14:13:04', 0, '2026-07-11 08:33:04', '2026-07-11 08:43:04'),
(154, 6, 'case_summary', NULL, '2026-07-12 17:12:00', 0, '2026-07-12 11:37:00', '2026-07-12 11:42:00'),
(155, 6, 'case_summary', NULL, '2026-07-12 17:12:00', 0, '2026-07-12 11:37:00', '2026-07-12 11:42:00'),
(156, 6, 'case_summary', NULL, '2026-07-12 17:12:00', 0, '2026-07-12 11:37:00', '2026-07-12 11:42:00'),
(157, 6, 'case_summary', NULL, '2026-07-12 17:12:00', 0, '2026-07-12 11:37:00', '2026-07-12 11:42:00'),
(158, 6, 'case_summary', NULL, '2026-07-12 17:12:00', 0, '2026-07-12 11:37:00', '2026-07-12 11:42:00'),
(161, 6, 'questioning', NULL, '2026-07-12 17:32:01', 0, '2026-07-12 11:42:00', '2026-07-12 12:02:01'),
(162, 6, 'clue_room_unlock', NULL, '2026-07-12 17:22:01', 0, '2026-07-12 11:42:00', '2026-07-12 11:52:05'),
(163, 6, 'questioning', NULL, '2026-07-12 17:32:01', 0, '2026-07-12 11:42:00', '2026-07-12 12:02:01'),
(164, 6, 'clue_room_unlock', NULL, '2026-07-12 17:22:01', 0, '2026-07-12 11:42:00', '2026-07-12 11:52:05'),
(165, 6, 'questioning', NULL, '2026-07-12 17:32:01', 0, '2026-07-12 11:42:00', '2026-07-12 12:02:01'),
(166, 6, 'clue_room_unlock', NULL, '2026-07-12 17:22:01', 0, '2026-07-12 11:42:00', '2026-07-12 11:52:05'),
(167, 6, 'questioning', NULL, '2026-07-12 17:32:01', 0, '2026-07-12 11:42:00', '2026-07-12 12:02:01'),
(168, 6, 'clue_room_unlock', NULL, '2026-07-12 17:22:01', 0, '2026-07-12 11:42:00', '2026-07-12 11:52:05'),
(169, 6, 'questioning', NULL, '2026-07-12 17:32:01', 0, '2026-07-12 11:42:00', '2026-07-12 12:02:01'),
(170, 6, 'clue_room_unlock', NULL, '2026-07-12 17:22:01', 0, '2026-07-12 11:42:00', '2026-07-12 11:52:05'),
(200, 9, 'case_summary', NULL, '2026-07-13 23:04:00', 0, '2026-07-13 17:29:00', '2026-07-13 17:34:04'),
(201, 9, 'case_summary', NULL, '2026-07-13 23:04:00', 0, '2026-07-13 17:29:00', '2026-07-13 17:34:04'),
(202, 9, 'case_summary', NULL, '2026-07-13 23:04:00', 0, '2026-07-13 17:29:00', '2026-07-13 17:34:04'),
(203, 9, 'questioning', NULL, '2026-07-13 23:24:05', 1, '2026-07-13 17:34:04', '2026-07-13 17:34:04'),
(204, 9, 'clue_room_unlock', NULL, '2026-07-13 23:14:05', 0, '2026-07-13 17:34:04', '2026-07-13 17:44:09'),
(205, 9, 'questioning', NULL, '2026-07-13 23:24:05', 1, '2026-07-13 17:34:04', '2026-07-13 17:34:04'),
(206, 9, 'clue_room_unlock', NULL, '2026-07-13 23:14:05', 0, '2026-07-13 17:34:04', '2026-07-13 17:44:09'),
(207, 9, 'questioning', NULL, '2026-07-13 23:24:05', 1, '2026-07-13 17:34:04', '2026-07-13 17:34:04'),
(208, 9, 'clue_room_unlock', NULL, '2026-07-13 23:14:05', 0, '2026-07-13 17:34:04', '2026-07-13 17:44:09'),
(209, 9, 'question_response', 31, '2026-07-13 23:09:27', 0, '2026-07-13 17:37:26', '2026-07-13 17:39:29'),
(210, 9, 'question_response', 32, '2026-07-13 23:19:14', 1, '2026-07-13 17:47:14', '2026-07-13 17:47:14');

-- --------------------------------------------------------

--
-- Table structure for table `users`
--

CREATE TABLE `users` (
  `id` bigint UNSIGNED NOT NULL,
  `name` varchar(255) CHARACTER SET utf8mb4 COLLATE utf8mb4_unicode_ci NOT NULL,
  `username` varchar(255) CHARACTER SET utf8mb4 COLLATE utf8mb4_unicode_ci NOT NULL,
  `email` varchar(255) CHARACTER SET utf8mb4 COLLATE utf8mb4_unicode_ci NOT NULL,
  `role_id` bigint UNSIGNED DEFAULT '0',
  `admin_id` bigint UNSIGNED DEFAULT NULL,
  `superadmin_id` bigint UNSIGNED DEFAULT NULL,
  `phone` varchar(255) CHARACTER SET utf8mb4 COLLATE utf8mb4_unicode_ci DEFAULT NULL,
  `platform` varchar(255) CHARACTER SET utf8mb4 COLLATE utf8mb4_unicode_ci DEFAULT NULL,
  `currency` varchar(255) CHARACTER SET utf8mb4 COLLATE utf8mb4_unicode_ci DEFAULT NULL,
  `ip` varchar(45) CHARACTER SET utf8mb4 COLLATE utf8mb4_unicode_ci DEFAULT NULL,
  `profile_photo_path` varchar(255) CHARACTER SET utf8mb4 COLLATE utf8mb4_unicode_ci DEFAULT NULL,
  `balance` decimal(15,2) NOT NULL DEFAULT '0.00',
  `exposure` decimal(15,2) NOT NULL DEFAULT '0.00',
  `status` tinyint NOT NULL DEFAULT '1',
  `usertype` tinyint NOT NULL DEFAULT '0' COMMENT '0=superadmin,1=admin,2=subadmin,3=user',
  `last_activity` timestamp NULL DEFAULT NULL,
  `email_verified_at` timestamp NULL DEFAULT NULL,
  `password` varchar(255) CHARACTER SET utf8mb4 COLLATE utf8mb4_unicode_ci NOT NULL,
  `remember_token` varchar(100) CHARACTER SET utf8mb4 COLLATE utf8mb4_unicode_ci DEFAULT NULL,
  `deleted_at` timestamp NULL DEFAULT NULL,
  `created_at` timestamp NULL DEFAULT NULL,
  `updated_at` timestamp NULL DEFAULT NULL
) ENGINE=InnoDB DEFAULT CHARSET=utf8mb4 COLLATE=utf8mb4_unicode_ci;

--
-- Dumping data for table `users`
--

INSERT INTO `users` (`id`, `name`, `username`, `email`, `role_id`, `admin_id`, `superadmin_id`, `phone`, `platform`, `currency`, `ip`, `profile_photo_path`, `balance`, `exposure`, `status`, `usertype`, `last_activity`, `email_verified_at`, `password`, `remember_token`, `deleted_at`, `created_at`, `updated_at`) VALUES
(1, 'Super Admin', 'admin', 'admin@info.com', 1, NULL, NULL, NULL, NULL, NULL, NULL, 'uploads/profile-photos/20260607204147.png', 0.00, 0.00, 1, 0, '2026-07-11 08:06:08', NULL, '$2y$12$BpN5vfmq04dsYwCfAZT1FepAhekFhfSOcq..FxO/r.etL5mFZ1BQW', NULL, NULL, '2026-05-26 12:29:05', '2026-07-11 08:06:08'),
(2, 'Administrator', 'admin_demo', 'admin@example.com', 1, NULL, NULL, NULL, NULL, NULL, NULL, NULL, 0.00, 0.00, 1, 1, NULL, NULL, '$2y$12$q9fGK0cVZgHJXABa4QJjLuNIhO0geY6BYn76z3qK8FJkF2nfTK/Ae', NULL, NULL, '2026-05-26 12:29:06', '2026-05-26 12:29:06');

-- --------------------------------------------------------

--
-- Table structure for table `votes`
--

CREATE TABLE `votes` (
  `id` bigint UNSIGNED NOT NULL,
  `group_id` bigint UNSIGNED NOT NULL,
  `voter_id` bigint UNSIGNED NOT NULL,
  `reference_id` bigint UNSIGNED NOT NULL,
  `reference_type` varchar(50) NOT NULL,
  `vote_value` varchar(20) NOT NULL,
  `created_at` timestamp NULL DEFAULT CURRENT_TIMESTAMP,
  `updated_at` timestamp NULL DEFAULT CURRENT_TIMESTAMP ON UPDATE CURRENT_TIMESTAMP
) ENGINE=InnoDB DEFAULT CHARSET=utf8mb4 COLLATE=utf8mb4_0900_ai_ci;

-- --------------------------------------------------------

--
-- Table structure for table `witness_passcards`
--

CREATE TABLE `witness_passcards` (
  `id` bigint UNSIGNED NOT NULL,
  `group_id` bigint UNSIGNED NOT NULL,
  `participant_session_id` bigint UNSIGNED NOT NULL,
  `is_used` tinyint(1) DEFAULT '0',
  `used_at` datetime DEFAULT NULL,
  `created_at` timestamp NULL DEFAULT CURRENT_TIMESTAMP,
  `updated_at` timestamp NULL DEFAULT CURRENT_TIMESTAMP ON UPDATE CURRENT_TIMESTAMP
) ENGINE=InnoDB DEFAULT CHARSET=utf8mb4 COLLATE=utf8mb4_0900_ai_ci;

--
-- Indexes for dumped tables
--

--
-- Indexes for table `activities`
--
ALTER TABLE `activities`
  ADD PRIMARY KEY (`id`),
  ADD UNIQUE KEY `activities_slug_unique` (`slug`);

--
-- Indexes for table `activity_games`
--
ALTER TABLE `activity_games`
  ADD PRIMARY KEY (`id`),
  ADD KEY `activity_games_activity_id_foreign` (`activity_id`);

--
-- Indexes for table `answers`
--
ALTER TABLE `answers`
  ADD PRIMARY KEY (`id`);

--
-- Indexes for table `blogs`
--
ALTER TABLE `blogs`
  ADD PRIMARY KEY (`id`),
  ADD UNIQUE KEY `blogs_slug_unique` (`slug`),
  ADD KEY `blogs_created_by_foreign` (`created_by`),
  ADD KEY `blogs_updated_by_foreign` (`updated_by`),
  ADD KEY `blogs_slug_index` (`slug`),
  ADD KEY `blogs_status_index` (`status`),
  ADD KEY `blogs_category_id_index` (`category_id`),
  ADD KEY `blogs_author_id_index` (`author_id`),
  ADD KEY `blogs_published_at_index` (`published_at`),
  ADD KEY `blogs_is_featured_index` (`is_featured`),
  ADD KEY `blogs_views_count_index` (`views_count`);

--
-- Indexes for table `blog_categories`
--
ALTER TABLE `blog_categories`
  ADD PRIMARY KEY (`id`),
  ADD UNIQUE KEY `blog_categories_name_unique` (`name`),
  ADD UNIQUE KEY `blog_categories_slug_unique` (`slug`),
  ADD KEY `blog_categories_slug_index` (`slug`),
  ADD KEY `blog_categories_status_index` (`status`),
  ADD KEY `blog_categories_created_by_index` (`created_by`),
  ADD KEY `blog_categories_updated_by_foreign` (`updated_by`);

--
-- Indexes for table `blog_comments`
--
ALTER TABLE `blog_comments`
  ADD PRIMARY KEY (`id`),
  ADD KEY `blog_comments_approved_by_foreign` (`approved_by`),
  ADD KEY `blog_comments_blog_id_index` (`blog_id`),
  ADD KEY `blog_comments_user_id_index` (`user_id`),
  ADD KEY `blog_comments_approved_index` (`approved`);

--
-- Indexes for table `blog_media`
--
ALTER TABLE `blog_media`
  ADD PRIMARY KEY (`id`),
  ADD KEY `blog_media_blog_id_index` (`blog_id`),
  ADD KEY `blog_media_media_type_index` (`media_type`);

--
-- Indexes for table `blog_tags`
--
ALTER TABLE `blog_tags`
  ADD PRIMARY KEY (`id`),
  ADD UNIQUE KEY `blog_tags_name_unique` (`name`),
  ADD UNIQUE KEY `blog_tags_slug_unique` (`slug`),
  ADD KEY `blog_tags_slug_index` (`slug`),
  ADD KEY `blog_tags_status_index` (`status`),
  ADD KEY `blog_tags_created_by_foreign` (`created_by`),
  ADD KEY `blog_tags_updated_by_foreign` (`updated_by`);

--
-- Indexes for table `blog_tag_items`
--
ALTER TABLE `blog_tag_items`
  ADD PRIMARY KEY (`id`),
  ADD UNIQUE KEY `blog_tag_items_blog_id_blog_tag_id_unique` (`blog_id`,`blog_tag_id`),
  ADD KEY `blog_tag_items_blog_id_index` (`blog_id`),
  ADD KEY `blog_tag_items_blog_tag_id_index` (`blog_tag_id`);

--
-- Indexes for table `blog_views`
--
ALTER TABLE `blog_views`
  ADD PRIMARY KEY (`id`),
  ADD KEY `blog_views_blog_id_index` (`blog_id`),
  ADD KEY `blog_views_user_id_index` (`user_id`),
  ADD KEY `blog_views_created_at_index` (`created_at`);

--
-- Indexes for table `cache`
--
ALTER TABLE `cache`
  ADD PRIMARY KEY (`key`);

--
-- Indexes for table `cache_locks`
--
ALTER TABLE `cache_locks`
  ADD PRIMARY KEY (`key`);

--
-- Indexes for table `clue_rooms`
--
ALTER TABLE `clue_rooms`
  ADD PRIMARY KEY (`id`);

--
-- Indexes for table `cms_pages`
--
ALTER TABLE `cms_pages`
  ADD PRIMARY KEY (`id`),
  ADD UNIQUE KEY `cms_pages_page_name_unique` (`page_name`),
  ADD UNIQUE KEY `cms_pages_slug_unique` (`slug`),
  ADD KEY `cms_pages_slug_index` (`slug`),
  ADD KEY `cms_pages_status_index` (`status`),
  ADD KEY `cms_pages_created_by_index` (`created_by`);

--
-- Indexes for table `email_templates`
--
ALTER TABLE `email_templates`
  ADD PRIMARY KEY (`id`),
  ADD UNIQUE KEY `email_templates_name_unique` (`name`),
  ADD UNIQUE KEY `email_templates_slug_unique` (`slug`),
  ADD KEY `email_templates_slug_index` (`slug`),
  ADD KEY `email_templates_status_index` (`status`),
  ADD KEY `email_templates_created_by_index` (`created_by`);

--
-- Indexes for table `failed_jobs`
--
ALTER TABLE `failed_jobs`
  ADD PRIMARY KEY (`id`),
  ADD UNIQUE KEY `failed_jobs_uuid_unique` (`uuid`);

--
-- Indexes for table `faqs`
--
ALTER TABLE `faqs`
  ADD PRIMARY KEY (`id`),
  ADD KEY `faqs_created_by_foreign` (`created_by`),
  ADD KEY `faqs_updated_by_foreign` (`updated_by`),
  ADD KEY `faqs_category_id_index` (`category_id`),
  ADD KEY `faqs_status_index` (`status`),
  ADD KEY `faqs_sort_order_index` (`sort_order`),
  ADD KEY `faqs_is_featured_index` (`is_featured`);

--
-- Indexes for table `faq_categories`
--
ALTER TABLE `faq_categories`
  ADD PRIMARY KEY (`id`),
  ADD UNIQUE KEY `faq_categories_name_unique` (`name`),
  ADD UNIQUE KEY `faq_categories_slug_unique` (`slug`),
  ADD KEY `faq_categories_slug_index` (`slug`),
  ADD KEY `faq_categories_status_index` (`status`),
  ADD KEY `faq_categories_sort_order_index` (`sort_order`),
  ADD KEY `faq_categories_created_by_foreign` (`created_by`),
  ADD KEY `faq_categories_updated_by_foreign` (`updated_by`);

--
-- Indexes for table `game_clues`
--
ALTER TABLE `game_clues`
  ADD PRIMARY KEY (`id`),
  ADD KEY `game_clues_game_id_foreign` (`game_id`);

--
-- Indexes for table `game_full_story`
--
ALTER TABLE `game_full_story`
  ADD PRIMARY KEY (`id`),
  ADD KEY `game_full_story_game_id_foreign` (`game_id`);

--
-- Indexes for table `game_groups`
--
ALTER TABLE `game_groups`
  ADD PRIMARY KEY (`id`),
  ADD UNIQUE KEY `booking_id` (`booking_id`,`group_name`);

--
-- Indexes for table `game_participants`
--
ALTER TABLE `game_participants`
  ADD PRIMARY KEY (`id`),
  ADD UNIQUE KEY `game_participants_join_token_unique` (`join_token`),
  ADD KEY `game_participants_booking_id_foreign` (`booking_id`),
  ADD KEY `game_participants_game_id_foreign` (`game_id`);

--
-- Indexes for table `game_photos`
--
ALTER TABLE `game_photos`
  ADD PRIMARY KEY (`id`),
  ADD KEY `game_photos_game_id_foreign` (`game_id`);

--
-- Indexes for table `game_roles`
--
ALTER TABLE `game_roles`
  ADD PRIMARY KEY (`id`),
  ADD KEY `game_roles_game_id_foreign` (`game_id`);

--
-- Indexes for table `game_rules`
--
ALTER TABLE `game_rules`
  ADD PRIMARY KEY (`id`),
  ADD KEY `game_rules_game_id_foreign` (`game_id`);

--
-- Indexes for table `group_accusations`
--
ALTER TABLE `group_accusations`
  ADD PRIMARY KEY (`id`),
  ADD UNIQUE KEY `group_accusations_one_per_session` (`participant_session_id`);

--
-- Indexes for table `investigator_cards`
--
ALTER TABLE `investigator_cards`
  ADD PRIMARY KEY (`id`),
  ADD KEY `investigator_cards_game_id_foreign` (`game_id`);

--
-- Indexes for table `jobs`
--
ALTER TABLE `jobs`
  ADD PRIMARY KEY (`id`),
  ADD KEY `jobs_queue_index` (`queue`);

--
-- Indexes for table `job_batches`
--
ALTER TABLE `job_batches`
  ADD PRIMARY KEY (`id`);

--
-- Indexes for table `lie_detector_rounds`
--
ALTER TABLE `lie_detector_rounds`
  ADD PRIMARY KEY (`id`);

--
-- Indexes for table `menu`
--
ALTER TABLE `menu`
  ADD PRIMARY KEY (`id`);

--
-- Indexes for table `menu_permissions`
--
ALTER TABLE `menu_permissions`
  ADD PRIMARY KEY (`id`);

--
-- Indexes for table `migrations`
--
ALTER TABLE `migrations`
  ADD PRIMARY KEY (`id`);

--
-- Indexes for table `model_has_permissions`
--
ALTER TABLE `model_has_permissions`
  ADD PRIMARY KEY (`permission_id`,`model_id`,`model_type`),
  ADD KEY `model_has_permissions_model_id_model_type_index` (`model_id`,`model_type`);

--
-- Indexes for table `model_has_roles`
--
ALTER TABLE `model_has_roles`
  ADD PRIMARY KEY (`role_id`,`model_id`,`model_type`),
  ADD KEY `model_has_roles_model_id_model_type_index` (`model_id`,`model_type`);

--
-- Indexes for table `organizers`
--
ALTER TABLE `organizers`
  ADD PRIMARY KEY (`id`),
  ADD UNIQUE KEY `organizers_email_unique` (`email`);

--
-- Indexes for table `organizer_billings`
--
ALTER TABLE `organizer_billings`
  ADD PRIMARY KEY (`id`),
  ADD KEY `organizer_billings_booking_id_foreign` (`booking_id`);

--
-- Indexes for table `organizer_bookings`
--
ALTER TABLE `organizer_bookings`
  ADD PRIMARY KEY (`id`),
  ADD UNIQUE KEY `organizer_bookings_invitation_link_unique` (`invitation_link`),
  ADD KEY `organizer_bookings_organizer_id_foreign` (`organizer_id`),
  ADD KEY `organizer_bookings_activity_id_foreign` (`activity_id`),
  ADD KEY `organizer_bookings_game_id_foreign` (`game_id`),
  ADD KEY `organizer_bookings_package_id_foreign` (`package_id`);

--
-- Indexes for table `organizer_notifications`
--
ALTER TABLE `organizer_notifications`
  ADD PRIMARY KEY (`id`),
  ADD KEY `organizer_notifications_organizer_id_foreign` (`organizer_id`),
  ADD KEY `organizer_notifications_booking_id_organizer_id_is_read_index` (`booking_id`,`organizer_id`,`is_read`),
  ADD KEY `organizer_notifications_booking_id_created_at_index` (`booking_id`,`created_at`);

--
-- Indexes for table `packages`
--
ALTER TABLE `packages`
  ADD PRIMARY KEY (`id`),
  ADD UNIQUE KEY `packages_slug_unique` (`slug`),
  ADD KEY `packages_status_sort_order_index` (`status`,`sort_order`);

--
-- Indexes for table `package_purchases`
--
ALTER TABLE `package_purchases`
  ADD PRIMARY KEY (`id`),
  ADD KEY `package_purchases_package_id_status_index` (`package_id`,`status`),
  ADD KEY `package_purchases_user_id_index` (`user_id`);

--
-- Indexes for table `participant_sessions`
--
ALTER TABLE `participant_sessions`
  ADD PRIMARY KEY (`id`);

--
-- Indexes for table `password_reset_tokens`
--
ALTER TABLE `password_reset_tokens`
  ADD PRIMARY KEY (`email`);

--
-- Indexes for table `permissions`
--
ALTER TABLE `permissions`
  ADD PRIMARY KEY (`id`),
  ADD UNIQUE KEY `permissions_name_unique` (`name`);

--
-- Indexes for table `questions`
--
ALTER TABLE `questions`
  ADD PRIMARY KEY (`id`);

--
-- Indexes for table `results`
--
ALTER TABLE `results`
  ADD PRIMARY KEY (`id`);

--
-- Indexes for table `roles`
--
ALTER TABLE `roles`
  ADD PRIMARY KEY (`id`),
  ADD UNIQUE KEY `roles_name_unique` (`name`);

--
-- Indexes for table `role_has_permissions`
--
ALTER TABLE `role_has_permissions`
  ADD PRIMARY KEY (`permission_id`,`role_id`),
  ADD KEY `role_has_permissions_role_id_foreign` (`role_id`);

--
-- Indexes for table `score_logs`
--
ALTER TABLE `score_logs`
  ADD PRIMARY KEY (`id`);

--
-- Indexes for table `sessions`
--
ALTER TABLE `sessions`
  ADD PRIMARY KEY (`id`),
  ADD KEY `sessions_user_id_index` (`user_id`),
  ADD KEY `sessions_last_activity_index` (`last_activity`);

--
-- Indexes for table `settings`
--
ALTER TABLE `settings`
  ADD PRIMARY KEY (`id`),
  ADD KEY `settings_key_index` (`key`);

--
-- Indexes for table `strategy_cards`
--
ALTER TABLE `strategy_cards`
  ADD PRIMARY KEY (`id`),
  ADD KEY `strategy_cards_role_id_foreign` (`role_id`);

--
-- Indexes for table `timers`
--
ALTER TABLE `timers`
  ADD PRIMARY KEY (`id`);

--
-- Indexes for table `users`
--
ALTER TABLE `users`
  ADD PRIMARY KEY (`id`),
  ADD UNIQUE KEY `users_username_unique` (`username`),
  ADD UNIQUE KEY `users_email_unique` (`email`),
  ADD KEY `users_role_id_index` (`role_id`),
  ADD KEY `users_admin_id_index` (`admin_id`),
  ADD KEY `users_superadmin_id_index` (`superadmin_id`),
  ADD KEY `users_status_index` (`status`),
  ADD KEY `users_usertype_index` (`usertype`);

--
-- Indexes for table `votes`
--
ALTER TABLE `votes`
  ADD PRIMARY KEY (`id`),
  ADD UNIQUE KEY `votes_unique_voter_per_reference` (`reference_id`,`reference_type`,`voter_id`);

--
-- Indexes for table `witness_passcards`
--
ALTER TABLE `witness_passcards`
  ADD PRIMARY KEY (`id`);

--
-- AUTO_INCREMENT for dumped tables
--

--
-- AUTO_INCREMENT for table `activities`
--
ALTER TABLE `activities`
  MODIFY `id` bigint UNSIGNED NOT NULL AUTO_INCREMENT, AUTO_INCREMENT=3;

--
-- AUTO_INCREMENT for table `activity_games`
--
ALTER TABLE `activity_games`
  MODIFY `id` bigint UNSIGNED NOT NULL AUTO_INCREMENT, AUTO_INCREMENT=8;

--
-- AUTO_INCREMENT for table `answers`
--
ALTER TABLE `answers`
  MODIFY `id` bigint UNSIGNED NOT NULL AUTO_INCREMENT, AUTO_INCREMENT=32;

--
-- AUTO_INCREMENT for table `blogs`
--
ALTER TABLE `blogs`
  MODIFY `id` bigint UNSIGNED NOT NULL AUTO_INCREMENT, AUTO_INCREMENT=6;

--
-- AUTO_INCREMENT for table `blog_categories`
--
ALTER TABLE `blog_categories`
  MODIFY `id` bigint UNSIGNED NOT NULL AUTO_INCREMENT, AUTO_INCREMENT=8;

--
-- AUTO_INCREMENT for table `blog_comments`
--
ALTER TABLE `blog_comments`
  MODIFY `id` bigint UNSIGNED NOT NULL AUTO_INCREMENT;

--
-- AUTO_INCREMENT for table `blog_media`
--
ALTER TABLE `blog_media`
  MODIFY `id` bigint UNSIGNED NOT NULL AUTO_INCREMENT;

--
-- AUTO_INCREMENT for table `blog_tags`
--
ALTER TABLE `blog_tags`
  MODIFY `id` bigint UNSIGNED NOT NULL AUTO_INCREMENT, AUTO_INCREMENT=7;

--
-- AUTO_INCREMENT for table `blog_tag_items`
--
ALTER TABLE `blog_tag_items`
  MODIFY `id` bigint UNSIGNED NOT NULL AUTO_INCREMENT;

--
-- AUTO_INCREMENT for table `blog_views`
--
ALTER TABLE `blog_views`
  MODIFY `id` bigint UNSIGNED NOT NULL AUTO_INCREMENT;

--
-- AUTO_INCREMENT for table `clue_rooms`
--
ALTER TABLE `clue_rooms`
  MODIFY `id` bigint UNSIGNED NOT NULL AUTO_INCREMENT;

--
-- AUTO_INCREMENT for table `cms_pages`
--
ALTER TABLE `cms_pages`
  MODIFY `id` bigint UNSIGNED NOT NULL AUTO_INCREMENT, AUTO_INCREMENT=6;

--
-- AUTO_INCREMENT for table `email_templates`
--
ALTER TABLE `email_templates`
  MODIFY `id` bigint UNSIGNED NOT NULL AUTO_INCREMENT, AUTO_INCREMENT=8;

--
-- AUTO_INCREMENT for table `failed_jobs`
--
ALTER TABLE `failed_jobs`
  MODIFY `id` bigint UNSIGNED NOT NULL AUTO_INCREMENT;

--
-- AUTO_INCREMENT for table `faqs`
--
ALTER TABLE `faqs`
  MODIFY `id` bigint UNSIGNED NOT NULL AUTO_INCREMENT, AUTO_INCREMENT=6;

--
-- AUTO_INCREMENT for table `faq_categories`
--
ALTER TABLE `faq_categories`
  MODIFY `id` bigint UNSIGNED NOT NULL AUTO_INCREMENT, AUTO_INCREMENT=6;

--
-- AUTO_INCREMENT for table `game_clues`
--
ALTER TABLE `game_clues`
  MODIFY `id` bigint UNSIGNED NOT NULL AUTO_INCREMENT, AUTO_INCREMENT=25;

--
-- AUTO_INCREMENT for table `game_full_story`
--
ALTER TABLE `game_full_story`
  MODIFY `id` bigint UNSIGNED NOT NULL AUTO_INCREMENT, AUTO_INCREMENT=73;

--
-- AUTO_INCREMENT for table `game_groups`
--
ALTER TABLE `game_groups`
  MODIFY `id` bigint UNSIGNED NOT NULL AUTO_INCREMENT, AUTO_INCREMENT=10;

--
-- AUTO_INCREMENT for table `game_participants`
--
ALTER TABLE `game_participants`
  MODIFY `id` bigint UNSIGNED NOT NULL AUTO_INCREMENT, AUTO_INCREMENT=42;

--
-- AUTO_INCREMENT for table `game_photos`
--
ALTER TABLE `game_photos`
  MODIFY `id` bigint UNSIGNED NOT NULL AUTO_INCREMENT, AUTO_INCREMENT=121;

--
-- AUTO_INCREMENT for table `game_roles`
--
ALTER TABLE `game_roles`
  MODIFY `id` bigint UNSIGNED NOT NULL AUTO_INCREMENT, AUTO_INCREMENT=36;

--
-- AUTO_INCREMENT for table `game_rules`
--
ALTER TABLE `game_rules`
  MODIFY `id` bigint UNSIGNED NOT NULL AUTO_INCREMENT, AUTO_INCREMENT=145;

--
-- AUTO_INCREMENT for table `group_accusations`
--
ALTER TABLE `group_accusations`
  MODIFY `id` bigint UNSIGNED NOT NULL AUTO_INCREMENT, AUTO_INCREMENT=23;

--
-- AUTO_INCREMENT for table `investigator_cards`
--
ALTER TABLE `investigator_cards`
  MODIFY `id` bigint UNSIGNED NOT NULL AUTO_INCREMENT, AUTO_INCREMENT=97;

--
-- AUTO_INCREMENT for table `jobs`
--
ALTER TABLE `jobs`
  MODIFY `id` bigint UNSIGNED NOT NULL AUTO_INCREMENT;

--
-- AUTO_INCREMENT for table `lie_detector_rounds`
--
ALTER TABLE `lie_detector_rounds`
  MODIFY `id` bigint UNSIGNED NOT NULL AUTO_INCREMENT, AUTO_INCREMENT=10;

--
-- AUTO_INCREMENT for table `menu`
--
ALTER TABLE `menu`
  MODIFY `id` bigint UNSIGNED NOT NULL AUTO_INCREMENT, AUTO_INCREMENT=5;

--
-- AUTO_INCREMENT for table `menu_permissions`
--
ALTER TABLE `menu_permissions`
  MODIFY `id` bigint UNSIGNED NOT NULL AUTO_INCREMENT;

--
-- AUTO_INCREMENT for table `migrations`
--
ALTER TABLE `migrations`
  MODIFY `id` int UNSIGNED NOT NULL AUTO_INCREMENT, AUTO_INCREMENT=31;

--
-- AUTO_INCREMENT for table `organizers`
--
ALTER TABLE `organizers`
  MODIFY `id` bigint UNSIGNED NOT NULL AUTO_INCREMENT, AUTO_INCREMENT=6;

--
-- AUTO_INCREMENT for table `organizer_billings`
--
ALTER TABLE `organizer_billings`
  MODIFY `id` bigint UNSIGNED NOT NULL AUTO_INCREMENT, AUTO_INCREMENT=6;

--
-- AUTO_INCREMENT for table `organizer_bookings`
--
ALTER TABLE `organizer_bookings`
  MODIFY `id` bigint UNSIGNED NOT NULL AUTO_INCREMENT, AUTO_INCREMENT=6;

--
-- AUTO_INCREMENT for table `organizer_notifications`
--
ALTER TABLE `organizer_notifications`
  MODIFY `id` bigint UNSIGNED NOT NULL AUTO_INCREMENT, AUTO_INCREMENT=42;

--
-- AUTO_INCREMENT for table `packages`
--
ALTER TABLE `packages`
  MODIFY `id` bigint UNSIGNED NOT NULL AUTO_INCREMENT, AUTO_INCREMENT=6;

--
-- AUTO_INCREMENT for table `package_purchases`
--
ALTER TABLE `package_purchases`
  MODIFY `id` bigint UNSIGNED NOT NULL AUTO_INCREMENT;

--
-- AUTO_INCREMENT for table `participant_sessions`
--
ALTER TABLE `participant_sessions`
  MODIFY `id` bigint UNSIGNED NOT NULL AUTO_INCREMENT, AUTO_INCREMENT=42;

--
-- AUTO_INCREMENT for table `permissions`
--
ALTER TABLE `permissions`
  MODIFY `id` bigint UNSIGNED NOT NULL AUTO_INCREMENT;

--
-- AUTO_INCREMENT for table `questions`
--
ALTER TABLE `questions`
  MODIFY `id` bigint UNSIGNED NOT NULL AUTO_INCREMENT, AUTO_INCREMENT=33;

--
-- AUTO_INCREMENT for table `results`
--
ALTER TABLE `results`
  MODIFY `id` bigint UNSIGNED NOT NULL AUTO_INCREMENT, AUTO_INCREMENT=20;

--
-- AUTO_INCREMENT for table `roles`
--
ALTER TABLE `roles`
  MODIFY `id` bigint UNSIGNED NOT NULL AUTO_INCREMENT, AUTO_INCREMENT=2;

--
-- AUTO_INCREMENT for table `score_logs`
--
ALTER TABLE `score_logs`
  MODIFY `id` bigint UNSIGNED NOT NULL AUTO_INCREMENT, AUTO_INCREMENT=10;

--
-- AUTO_INCREMENT for table `settings`
--
ALTER TABLE `settings`
  MODIFY `id` int UNSIGNED NOT NULL AUTO_INCREMENT, AUTO_INCREMENT=42;

--
-- AUTO_INCREMENT for table `strategy_cards`
--
ALTER TABLE `strategy_cards`
  MODIFY `id` bigint UNSIGNED NOT NULL AUTO_INCREMENT, AUTO_INCREMENT=385;

--
-- AUTO_INCREMENT for table `timers`
--
ALTER TABLE `timers`
  MODIFY `id` bigint UNSIGNED NOT NULL AUTO_INCREMENT, AUTO_INCREMENT=211;

--
-- AUTO_INCREMENT for table `users`
--
ALTER TABLE `users`
  MODIFY `id` bigint UNSIGNED NOT NULL AUTO_INCREMENT, AUTO_INCREMENT=3;

--
-- AUTO_INCREMENT for table `votes`
--
ALTER TABLE `votes`
  MODIFY `id` bigint UNSIGNED NOT NULL AUTO_INCREMENT, AUTO_INCREMENT=17;

--
-- AUTO_INCREMENT for table `witness_passcards`
--
ALTER TABLE `witness_passcards`
  MODIFY `id` bigint UNSIGNED NOT NULL AUTO_INCREMENT;

--
-- Constraints for dumped tables
--

--
-- Constraints for table `activity_games`
--
ALTER TABLE `activity_games`
  ADD CONSTRAINT `activity_games_activity_id_foreign` FOREIGN KEY (`activity_id`) REFERENCES `activities` (`id`) ON DELETE CASCADE;

--
-- Constraints for table `blogs`
--
ALTER TABLE `blogs`
  ADD CONSTRAINT `blogs_author_id_foreign` FOREIGN KEY (`author_id`) REFERENCES `users` (`id`) ON DELETE CASCADE,
  ADD CONSTRAINT `blogs_category_id_foreign` FOREIGN KEY (`category_id`) REFERENCES `blog_categories` (`id`) ON DELETE CASCADE,
  ADD CONSTRAINT `blogs_created_by_foreign` FOREIGN KEY (`created_by`) REFERENCES `users` (`id`) ON DELETE SET NULL,
  ADD CONSTRAINT `blogs_updated_by_foreign` FOREIGN KEY (`updated_by`) REFERENCES `users` (`id`) ON DELETE SET NULL;

--
-- Constraints for table `blog_categories`
--
ALTER TABLE `blog_categories`
  ADD CONSTRAINT `blog_categories_created_by_foreign` FOREIGN KEY (`created_by`) REFERENCES `users` (`id`) ON DELETE SET NULL,
  ADD CONSTRAINT `blog_categories_updated_by_foreign` FOREIGN KEY (`updated_by`) REFERENCES `users` (`id`) ON DELETE SET NULL;

--
-- Constraints for table `blog_comments`
--
ALTER TABLE `blog_comments`
  ADD CONSTRAINT `blog_comments_approved_by_foreign` FOREIGN KEY (`approved_by`) REFERENCES `users` (`id`) ON DELETE SET NULL,
  ADD CONSTRAINT `blog_comments_blog_id_foreign` FOREIGN KEY (`blog_id`) REFERENCES `blogs` (`id`) ON DELETE CASCADE,
  ADD CONSTRAINT `blog_comments_user_id_foreign` FOREIGN KEY (`user_id`) REFERENCES `users` (`id`) ON DELETE CASCADE;

--
-- Constraints for table `blog_media`
--
ALTER TABLE `blog_media`
  ADD CONSTRAINT `blog_media_blog_id_foreign` FOREIGN KEY (`blog_id`) REFERENCES `blogs` (`id`) ON DELETE CASCADE;

--
-- Constraints for table `blog_tags`
--
ALTER TABLE `blog_tags`
  ADD CONSTRAINT `blog_tags_created_by_foreign` FOREIGN KEY (`created_by`) REFERENCES `users` (`id`) ON DELETE SET NULL,
  ADD CONSTRAINT `blog_tags_updated_by_foreign` FOREIGN KEY (`updated_by`) REFERENCES `users` (`id`) ON DELETE SET NULL;

--
-- Constraints for table `blog_tag_items`
--
ALTER TABLE `blog_tag_items`
  ADD CONSTRAINT `blog_tag_items_blog_id_foreign` FOREIGN KEY (`blog_id`) REFERENCES `blogs` (`id`) ON DELETE CASCADE,
  ADD CONSTRAINT `blog_tag_items_blog_tag_id_foreign` FOREIGN KEY (`blog_tag_id`) REFERENCES `blog_tags` (`id`) ON DELETE CASCADE;

--
-- Constraints for table `blog_views`
--
ALTER TABLE `blog_views`
  ADD CONSTRAINT `blog_views_blog_id_foreign` FOREIGN KEY (`blog_id`) REFERENCES `blogs` (`id`) ON DELETE CASCADE,
  ADD CONSTRAINT `blog_views_user_id_foreign` FOREIGN KEY (`user_id`) REFERENCES `users` (`id`) ON DELETE SET NULL;

--
-- Constraints for table `faqs`
--
ALTER TABLE `faqs`
  ADD CONSTRAINT `faqs_category_id_foreign` FOREIGN KEY (`category_id`) REFERENCES `faq_categories` (`id`) ON DELETE CASCADE,
  ADD CONSTRAINT `faqs_created_by_foreign` FOREIGN KEY (`created_by`) REFERENCES `users` (`id`) ON DELETE SET NULL,
  ADD CONSTRAINT `faqs_updated_by_foreign` FOREIGN KEY (`updated_by`) REFERENCES `users` (`id`) ON DELETE SET NULL;

--
-- Constraints for table `faq_categories`
--
ALTER TABLE `faq_categories`
  ADD CONSTRAINT `faq_categories_created_by_foreign` FOREIGN KEY (`created_by`) REFERENCES `users` (`id`) ON DELETE SET NULL,
  ADD CONSTRAINT `faq_categories_updated_by_foreign` FOREIGN KEY (`updated_by`) REFERENCES `users` (`id`) ON DELETE SET NULL;

--
-- Constraints for table `game_clues`
--
ALTER TABLE `game_clues`
  ADD CONSTRAINT `game_clues_game_id_foreign` FOREIGN KEY (`game_id`) REFERENCES `activity_games` (`id`) ON DELETE CASCADE;

--
-- Constraints for table `game_full_story`
--
ALTER TABLE `game_full_story`
  ADD CONSTRAINT `game_full_story_game_id_foreign` FOREIGN KEY (`game_id`) REFERENCES `activity_games` (`id`) ON DELETE CASCADE;

--
-- Constraints for table `game_participants`
--
ALTER TABLE `game_participants`
  ADD CONSTRAINT `game_participants_booking_id_foreign` FOREIGN KEY (`booking_id`) REFERENCES `organizer_bookings` (`id`) ON DELETE CASCADE,
  ADD CONSTRAINT `game_participants_game_id_foreign` FOREIGN KEY (`game_id`) REFERENCES `activity_games` (`id`) ON DELETE CASCADE;

--
-- Constraints for table `game_photos`
--
ALTER TABLE `game_photos`
  ADD CONSTRAINT `game_photos_game_id_foreign` FOREIGN KEY (`game_id`) REFERENCES `activity_games` (`id`) ON DELETE CASCADE;

--
-- Constraints for table `game_roles`
--
ALTER TABLE `game_roles`
  ADD CONSTRAINT `game_roles_game_id_foreign` FOREIGN KEY (`game_id`) REFERENCES `activity_games` (`id`) ON DELETE CASCADE;

--
-- Constraints for table `game_rules`
--
ALTER TABLE `game_rules`
  ADD CONSTRAINT `game_rules_game_id_foreign` FOREIGN KEY (`game_id`) REFERENCES `activity_games` (`id`) ON DELETE CASCADE;

--
-- Constraints for table `investigator_cards`
--
ALTER TABLE `investigator_cards`
  ADD CONSTRAINT `investigator_cards_game_id_foreign` FOREIGN KEY (`game_id`) REFERENCES `activity_games` (`id`) ON DELETE CASCADE;

--
-- Constraints for table `model_has_permissions`
--
ALTER TABLE `model_has_permissions`
  ADD CONSTRAINT `model_has_permissions_permission_id_foreign` FOREIGN KEY (`permission_id`) REFERENCES `permissions` (`id`) ON DELETE CASCADE;

--
-- Constraints for table `model_has_roles`
--
ALTER TABLE `model_has_roles`
  ADD CONSTRAINT `model_has_roles_role_id_foreign` FOREIGN KEY (`role_id`) REFERENCES `roles` (`id`) ON DELETE CASCADE;

--
-- Constraints for table `organizer_billings`
--
ALTER TABLE `organizer_billings`
  ADD CONSTRAINT `organizer_billings_booking_id_foreign` FOREIGN KEY (`booking_id`) REFERENCES `organizer_bookings` (`id`) ON DELETE CASCADE;

--
-- Constraints for table `organizer_bookings`
--
ALTER TABLE `organizer_bookings`
  ADD CONSTRAINT `organizer_bookings_activity_id_foreign` FOREIGN KEY (`activity_id`) REFERENCES `activities` (`id`) ON DELETE CASCADE,
  ADD CONSTRAINT `organizer_bookings_game_id_foreign` FOREIGN KEY (`game_id`) REFERENCES `activity_games` (`id`) ON DELETE CASCADE,
  ADD CONSTRAINT `organizer_bookings_organizer_id_foreign` FOREIGN KEY (`organizer_id`) REFERENCES `organizers` (`id`) ON DELETE CASCADE,
  ADD CONSTRAINT `organizer_bookings_package_id_foreign` FOREIGN KEY (`package_id`) REFERENCES `packages` (`id`) ON DELETE CASCADE;

--
-- Constraints for table `organizer_notifications`
--
ALTER TABLE `organizer_notifications`
  ADD CONSTRAINT `organizer_notifications_booking_id_foreign` FOREIGN KEY (`booking_id`) REFERENCES `organizer_bookings` (`id`) ON DELETE CASCADE,
  ADD CONSTRAINT `organizer_notifications_organizer_id_foreign` FOREIGN KEY (`organizer_id`) REFERENCES `organizers` (`id`) ON DELETE CASCADE;

--
-- Constraints for table `package_purchases`
--
ALTER TABLE `package_purchases`
  ADD CONSTRAINT `package_purchases_package_id_foreign` FOREIGN KEY (`package_id`) REFERENCES `packages` (`id`) ON DELETE RESTRICT ON UPDATE CASCADE;

--
-- Constraints for table `role_has_permissions`
--
ALTER TABLE `role_has_permissions`
  ADD CONSTRAINT `role_has_permissions_permission_id_foreign` FOREIGN KEY (`permission_id`) REFERENCES `permissions` (`id`) ON DELETE CASCADE,
  ADD CONSTRAINT `role_has_permissions_role_id_foreign` FOREIGN KEY (`role_id`) REFERENCES `roles` (`id`) ON DELETE CASCADE;

--
-- Constraints for table `strategy_cards`
--
ALTER TABLE `strategy_cards`
  ADD CONSTRAINT `strategy_cards_role_id_foreign` FOREIGN KEY (`role_id`) REFERENCES `game_roles` (`id`) ON DELETE CASCADE;
COMMIT;

/*!40101 SET CHARACTER_SET_CLIENT=@OLD_CHARACTER_SET_CLIENT */;
/*!40101 SET CHARACTER_SET_RESULTS=@OLD_CHARACTER_SET_RESULTS */;
/*!40101 SET COLLATION_CONNECTION=@OLD_COLLATION_CONNECTION */;
